26-07-21 13:55:38.272 [main] INFO  com.example.mail.MailApplication - Starting MailApplication using Java 21.0.11 on Gaurang-Parmar with PID 7012 (C:\Users\AMD\Desktop\Email AACC\sbi-email-service-backend-main\target\classes started by AMD in C:\Users\AMD\Desktop\Email AACC\sbi-email-service-backend-main)
26-07-21 13:55:38.274 [main] INFO  com.example.mail.MailApplication - The following 1 profile is active: "uat"
26-07-21 13:55:39.352 [main] INFO  o.s.d.r.c.RepositoryConfigurationDelegate - Bootstrapping Spring Data JPA repositories in DEFAULT mode.
26-07-21 13:55:39.437 [main] INFO  o.s.d.r.c.RepositoryConfigurationDelegate - Finished Spring Data repository scanning in 76 ms. Found 7 JPA repository interfaces.
26-07-21 13:55:40.615 [main] WARN  o.s.b.w.s.c.AnnotationConfigServletWebServerApplicationContext - Exception encountered during context initialization - cancelling refresh attempt: org.springframework.context.ApplicationContextException: Unable to start web server; nested exception is org.springframework.beans.factory.BeanCreationException: Error creating bean with name 'tomcatServletWebServerFactory' defined in class path resource [org/springframework/boot/autoconfigure/web/servlet/ServletWebServerFactoryConfiguration$EmbeddedTomcat.class]: Initialization of bean failed; nested exception is org.springframework.beans.factory.UnsatisfiedDependencyException: Error creating bean with name 'servletWebServerFactoryCustomizer' defined in class path resource [org/springframework/boot/autoconfigure/web/servlet/ServletWebServerFactoryAutoConfiguration.class]: Unsatisfied dependency expressed through method 'servletWebServerFactoryCustomizer' parameter 0; nested exception is org.springframework.boot.context.properties.ConfigurationPropertiesBindException: Error creating bean with name 'server-org.springframework.boot.autoconfigure.web.ServerProperties': Could not bind properties to 'ServerProperties' : prefix=server, ignoreInvalidFields=false, ignoreUnknownFields=true; nested exception is org.springframework.boot.context.properties.bind.BindException: Failed to bind properties under 'server.address' to java.net.InetAddress
26-07-21 13:55:40.623 [main] INFO  o.s.b.a.l.ConditionEvaluationReportLoggingListener - 

Error starting ApplicationContext. To display the conditions report re-run your application with 'debug' enabled.
26-07-21 13:55:40.644 [main] ERROR o.s.b.d.LoggingFailureAnalysisReporter - 

***************************
APPLICATION FAILED TO START
***************************

Description:

Failed to bind properties under 'server.address' to java.net.InetAddress:

    Property: server.address
    Value: "SBIVADAACCUAT.tpsbi.com"
    Origin: class path resource [application-uat.properties] - 2:16
    Reason: failed to convert java.lang.String to java.net.InetAddress (caused by java.net.UnknownHostException: No such host is known (SBIVADAACCUAT.tpsbi.com))

Action:

Update your application's configuration

26-07-21 13:55:58.721 [main] INFO  com.example.mail.MailApplication - Starting MailApplication using Java 21.0.11 on Gaurang-Parmar with PID 18104 (C:\Users\AMD\Desktop\Email AACC\sbi-email-service-backend-main\target\classes started by AMD in C:\Users\AMD\Desktop\Email AACC\sbi-email-service-backend-main)
26-07-21 13:55:58.730 [main] INFO  com.example.mail.MailApplication - The following 1 profile is active: "dev"
26-07-21 13:55:59.551 [main] INFO  o.s.d.r.c.RepositoryConfigurationDelegate - Bootstrapping Spring Data JPA repositories in DEFAULT mode.
26-07-21 13:55:59.634 [main] INFO  o.s.d.r.c.RepositoryConfigurationDelegate - Finished Spring Data repository scanning in 70 ms. Found 7 JPA repository interfaces.
26-07-21 13:56:00.561 [main] INFO  o.s.b.w.e.tomcat.TomcatWebServer - Tomcat initialized with port(s): 8081 (http)
26-07-21 13:56:00.571 [main] INFO  o.a.coyote.http11.Http11NioProtocol - Initializing ProtocolHandler ["http-nio-8081"]
26-07-21 13:56:00.574 [main] INFO  o.a.catalina.core.StandardService - Starting service [Tomcat]
26-07-21 13:56:00.574 [main] INFO  o.a.catalina.core.StandardEngine - Starting Servlet engine: [Apache Tomcat/9.0.83]
26-07-21 13:56:00.771 [main] INFO  o.a.c.c.C.[Tomcat].[localhost].[/] - Initializing Spring embedded WebApplicationContext
26-07-21 13:56:00.771 [main] INFO  o.s.b.w.s.c.ServletWebServerApplicationContext - Root WebApplicationContext: initialization completed in 1996 ms
26-07-21 13:56:01.117 [main] INFO  o.h.jpa.internal.util.LogHelper - HHH000204: Processing PersistenceUnitInfo [name: default]
26-07-21 13:56:01.212 [main] INFO  org.hibernate.Version - HHH000412: Hibernate ORM core version 5.6.15.Final
26-07-21 13:56:01.430 [main] INFO  o.h.annotations.common.Version - HCANN000001: Hibernate Commons Annotations {5.1.2.Final}
26-07-21 13:56:16.638 [main] WARN  o.h.e.j.e.i.JdbcEnvironmentInitiator - HHH000342: Could not obtain connection to query metadata
com.microsoft.sqlserver.jdbc.SQLServerException: The TCP/IP connection to the host 10.48.12.180, port 14330 has failed. Error: "Connect timed out. Verify the connection properties. Make sure that an instance of SQL Server is running on the host and accepting TCP/IP connections at the port. Make sure that TCP connections to the port are not blocked by a firewall.".
	at com.microsoft.sqlserver.jdbc.SQLServerException.makeFromDriverError(SQLServerException.java:237)
	at com.microsoft.sqlserver.jdbc.SQLServerException.ConvertConnectExceptionToSQLServerException(SQLServerException.java:288)
	at com.microsoft.sqlserver.jdbc.SocketFinder.findSocket(IOBuffer.java:2654)
	at com.microsoft.sqlserver.jdbc.TDSChannel.open(IOBuffer.java:695)
	at com.microsoft.sqlserver.jdbc.SQLServerConnection.connectHelper(SQLServerConnection.java:3180)
	at com.microsoft.sqlserver.jdbc.SQLServerConnection.login(SQLServerConnection.java:2833)
	at com.microsoft.sqlserver.jdbc.SQLServerConnection.connectInternal(SQLServerConnection.java:2671)
	at com.microsoft.sqlserver.jdbc.SQLServerConnection.connect(SQLServerConnection.java:1640)
	at com.microsoft.sqlserver.jdbc.SQLServerDriver.connect(SQLServerDriver.java:936)
	at java.sql/java.sql.DriverManager.getConnection(Unknown Source)
	at java.sql/java.sql.DriverManager.getConnection(Unknown Source)
	at org.springframework.jdbc.datasource.DriverManagerDataSource.getConnectionFromDriverManager(DriverManagerDataSource.java:155)
	at org.springframework.jdbc.datasource.DriverManagerDataSource.getConnectionFromDriver(DriverManagerDataSource.java:146)
	at org.springframework.jdbc.datasource.AbstractDriverBasedDataSource.getConnectionFromDriver(AbstractDriverBasedDataSource.java:205)
	at org.springframework.jdbc.datasource.AbstractDriverBasedDataSource.getConnection(AbstractDriverBasedDataSource.java:169)
	at org.hibernate.engine.jdbc.connections.internal.DatasourceConnectionProviderImpl.getConnection(DatasourceConnectionProviderImpl.java:122)
	at org.hibernate.engine.jdbc.env.internal.JdbcEnvironmentInitiator$ConnectionProviderJdbcConnectionAccess.obtainConnection(JdbcEnvironmentInitiator.java:181)
	at org.hibernate.engine.jdbc.env.internal.JdbcEnvironmentInitiator.initiateService(JdbcEnvironmentInitiator.java:68)
	at org.hibernate.engine.jdbc.env.internal.JdbcEnvironmentInitiator.initiateService(JdbcEnvironmentInitiator.java:35)
	at org.hibernate.boot.registry.internal.StandardServiceRegistryImpl.initiateService(StandardServiceRegistryImpl.java:101)
	at org.hibernate.service.internal.AbstractServiceRegistryImpl.createService(AbstractServiceRegistryImpl.java:272)
	at org.hibernate.service.internal.AbstractServiceRegistryImpl.initializeService(AbstractServiceRegistryImpl.java:246)
	at org.hibernate.service.internal.AbstractServiceRegistryImpl.getService(AbstractServiceRegistryImpl.java:223)
	at org.hibernate.id.factory.internal.DefaultIdentifierGeneratorFactory.injectServices(DefaultIdentifierGeneratorFactory.java:175)
	at org.hibernate.service.internal.AbstractServiceRegistryImpl.injectDependencies(AbstractServiceRegistryImpl.java:295)
	at org.hibernate.service.internal.AbstractServiceRegistryImpl.initializeService(AbstractServiceRegistryImpl.java:252)
	at org.hibernate.service.internal.AbstractServiceRegistryImpl.getService(AbstractServiceRegistryImpl.java:223)
	at org.hibernate.boot.internal.InFlightMetadataCollectorImpl.<init>(InFlightMetadataCollectorImpl.java:173)
	at org.hibernate.boot.model.process.spi.MetadataBuildingProcess.complete(MetadataBuildingProcess.java:127)
	at org.hibernate.jpa.boot.internal.EntityManagerFactoryBuilderImpl.metadata(EntityManagerFactoryBuilderImpl.java:1460)
	at org.hibernate.jpa.boot.internal.EntityManagerFactoryBuilderImpl.build(EntityManagerFactoryBuilderImpl.java:1494)
	at org.springframework.orm.jpa.vendor.SpringHibernateJpaPersistenceProvider.createContainerEntityManagerFactory(SpringHibernateJpaPersistenceProvider.java:58)
	at org.springframework.orm.jpa.LocalContainerEntityManagerFactoryBean.createNativeEntityManagerFactory(LocalContainerEntityManagerFactoryBean.java:365)
	at org.springframework.orm.jpa.AbstractEntityManagerFactoryBean.buildNativeEntityManagerFactory(AbstractEntityManagerFactoryBean.java:409)
	at org.springframework.orm.jpa.AbstractEntityManagerFactoryBean.afterPropertiesSet(AbstractEntityManagerFactoryBean.java:396)
	at org.springframework.orm.jpa.LocalContainerEntityManagerFactoryBean.afterPropertiesSet(LocalContainerEntityManagerFactoryBean.java:341)
	at org.springframework.beans.factory.support.AbstractAutowireCapableBeanFactory.invokeInitMethods(AbstractAutowireCapableBeanFactory.java:1863)
	at org.springframework.beans.factory.support.AbstractAutowireCapableBeanFactory.initializeBean(AbstractAutowireCapableBeanFactory.java:1800)
	at org.springframework.beans.factory.support.AbstractAutowireCapableBeanFactory.doCreateBean(AbstractAutowireCapableBeanFactory.java:620)
	at org.springframework.beans.factory.support.AbstractAutowireCapableBeanFactory.createBean(AbstractAutowireCapableBeanFactory.java:542)
	at org.springframework.beans.factory.support.AbstractBeanFactory.lambda$doGetBean$0(AbstractBeanFactory.java:335)
	at org.springframework.beans.factory.support.DefaultSingletonBeanRegistry.getSingleton(DefaultSingletonBeanRegistry.java:234)
	at org.springframework.beans.factory.support.AbstractBeanFactory.doGetBean(AbstractBeanFactory.java:333)
	at org.springframework.beans.factory.support.AbstractBeanFactory.getBean(AbstractBeanFactory.java:208)
	at org.springframework.context.support.AbstractApplicationContext.getBean(AbstractApplicationContext.java:1168)
	at org.springframework.context.support.AbstractApplicationContext.finishBeanFactoryInitialization(AbstractApplicationContext.java:919)
	at org.springframework.context.support.AbstractApplicationContext.refresh(AbstractApplicationContext.java:591)
	at org.springframework.boot.web.servlet.context.ServletWebServerApplicationContext.refresh(ServletWebServerApplicationContext.java:147)
	at org.springframework.boot.SpringApplication.refresh(SpringApplication.java:732)
	at org.springframework.boot.SpringApplication.refreshContext(SpringApplication.java:409)
	at org.springframework.boot.SpringApplication.run(SpringApplication.java:308)
	at org.springframework.boot.SpringApplication.run(SpringApplication.java:1300)
	at org.springframework.boot.SpringApplication.run(SpringApplication.java:1289)
	at com.example.mail.MailApplication.main(MailApplication.java:12)
26-07-21 13:56:16.659 [main] INFO  org.hibernate.dialect.Dialect - HHH000400: Using dialect: org.hibernate.dialect.SQLServerDialect
26-07-21 13:56:32.668 [main] WARN  o.h.e.jdbc.spi.SqlExceptionHelper - SQL Error: 0, SQLState: 08S01
26-07-21 13:56:32.668 [main] ERROR o.h.e.jdbc.spi.SqlExceptionHelper - The TCP/IP connection to the host 10.48.12.180, port 14330 has failed. Error: "Connect timed out. Verify the connection properties. Make sure that an instance of SQL Server is running on the host and accepting TCP/IP connections at the port. Make sure that TCP connections to the port are not blocked by a firewall.".
26-07-21 13:56:32.671 [main] ERROR o.s.o.j.LocalContainerEntityManagerFactoryBean - Failed to initialize JPA EntityManagerFactory: [PersistenceUnit: default] Unable to build Hibernate SessionFactory; nested exception is org.hibernate.exception.JDBCConnectionException: Unable to open JDBC Connection for DDL execution
26-07-21 13:56:32.671 [main] WARN  o.s.b.w.s.c.AnnotationConfigServletWebServerApplicationContext - Exception encountered during context initialization - cancelling refresh attempt: org.springframework.beans.factory.BeanCreationException: Error creating bean with name 'entityManagerFactory' defined in class path resource [org/springframework/boot/autoconfigure/orm/jpa/HibernateJpaConfiguration.class]: Invocation of init method failed; nested exception is javax.persistence.PersistenceException: [PersistenceUnit: default] Unable to build Hibernate SessionFactory; nested exception is org.hibernate.exception.JDBCConnectionException: Unable to open JDBC Connection for DDL execution
26-07-21 13:56:32.675 [main] INFO  o.a.catalina.core.StandardService - Stopping service [Tomcat]
26-07-21 13:56:32.685 [main] INFO  o.s.b.a.l.ConditionEvaluationReportLoggingListener - 

Error starting ApplicationContext. To display the conditions report re-run your application with 'debug' enabled.
26-07-21 13:56:32.700 [main] ERROR o.s.boot.SpringApplication - Application run failed
org.springframework.beans.factory.BeanCreationException: Error creating bean with name 'entityManagerFactory' defined in class path resource [org/springframework/boot/autoconfigure/orm/jpa/HibernateJpaConfiguration.class]: Invocation of init method failed; nested exception is javax.persistence.PersistenceException: [PersistenceUnit: default] Unable to build Hibernate SessionFactory; nested exception is org.hibernate.exception.JDBCConnectionException: Unable to open JDBC Connection for DDL execution
	at org.springframework.beans.factory.support.AbstractAutowireCapableBeanFactory.initializeBean(AbstractAutowireCapableBeanFactory.java:1804)
	at org.springframework.beans.factory.support.AbstractAutowireCapableBeanFactory.doCreateBean(AbstractAutowireCapableBeanFactory.java:620)
	at org.springframework.beans.factory.support.AbstractAutowireCapableBeanFactory.createBean(AbstractAutowireCapableBeanFactory.java:542)
	at org.springframework.beans.factory.support.AbstractBeanFactory.lambda$doGetBean$0(AbstractBeanFactory.java:335)
	at org.springframework.beans.factory.support.DefaultSingletonBeanRegistry.getSingleton(DefaultSingletonBeanRegistry.java:234)
	at org.springframework.beans.factory.support.AbstractBeanFactory.doGetBean(AbstractBeanFactory.java:333)
	at org.springframework.beans.factory.support.AbstractBeanFactory.getBean(AbstractBeanFactory.java:208)
	at org.springframework.context.support.AbstractApplicationContext.getBean(AbstractApplicationContext.java:1168)
	at org.springframework.context.support.AbstractApplicationContext.finishBeanFactoryInitialization(AbstractApplicationContext.java:919)
	at org.springframework.context.support.AbstractApplicationContext.refresh(AbstractApplicationContext.java:591)
	at org.springframework.boot.web.servlet.context.ServletWebServerApplicationContext.refresh(ServletWebServerApplicationContext.java:147)
	at org.springframework.boot.SpringApplication.refresh(SpringApplication.java:732)
	at org.springframework.boot.SpringApplication.refreshContext(SpringApplication.java:409)
	at org.springframework.boot.SpringApplication.run(SpringApplication.java:308)
	at org.springframework.boot.SpringApplication.run(SpringApplication.java:1300)
	at org.springframework.boot.SpringApplication.run(SpringApplication.java:1289)
	at com.example.mail.MailApplication.main(MailApplication.java:12)
Caused by: javax.persistence.PersistenceException: [PersistenceUnit: default] Unable to build Hibernate SessionFactory; nested exception is org.hibernate.exception.JDBCConnectionException: Unable to open JDBC Connection for DDL execution
	at org.springframework.orm.jpa.AbstractEntityManagerFactoryBean.buildNativeEntityManagerFactory(AbstractEntityManagerFactoryBean.java:421)
	at org.springframework.orm.jpa.AbstractEntityManagerFactoryBean.afterPropertiesSet(AbstractEntityManagerFactoryBean.java:396)
	at org.springframework.orm.jpa.LocalContainerEntityManagerFactoryBean.afterPropertiesSet(LocalContainerEntityManagerFactoryBean.java:341)
	at org.springframework.beans.factory.support.AbstractAutowireCapableBeanFactory.invokeInitMethods(AbstractAutowireCapableBeanFactory.java:1863)
	at org.springframework.beans.factory.support.AbstractAutowireCapableBeanFactory.initializeBean(AbstractAutowireCapableBeanFactory.java:1800)
	... 16 common frames omitted
Caused by: org.hibernate.exception.JDBCConnectionException: Unable to open JDBC Connection for DDL execution
	at org.hibernate.exception.internal.SQLStateConversionDelegate.convert(SQLStateConversionDelegate.java:112)
	at org.hibernate.exception.internal.StandardSQLExceptionConverter.convert(StandardSQLExceptionConverter.java:37)
	at org.hibernate.engine.jdbc.spi.SqlExceptionHelper.convert(SqlExceptionHelper.java:113)
	at org.hibernate.engine.jdbc.spi.SqlExceptionHelper.convert(SqlExceptionHelper.java:99)
	at org.hibernate.resource.transaction.backend.jdbc.internal.DdlTransactionIsolatorNonJtaImpl.getIsolatedConnection(DdlTransactionIsolatorNonJtaImpl.java:71)
	at org.hibernate.tool.schema.internal.exec.ImprovedExtractionContextImpl.getJdbcConnection(ImprovedExtractionContextImpl.java:63)
	at org.hibernate.tool.schema.internal.exec.ImprovedExtractionContextImpl.getJdbcDatabaseMetaData(ImprovedExtractionContextImpl.java:70)
	at org.hibernate.tool.schema.extract.internal.InformationExtractorJdbcDatabaseMetaDataImpl.processTableResultSet(InformationExtractorJdbcDatabaseMetaDataImpl.java:64)
	at org.hibernate.tool.schema.extract.internal.AbstractInformationExtractorImpl.getTables(AbstractInformationExtractorImpl.java:565)
	at org.hibernate.tool.schema.extract.internal.DatabaseInformationImpl.getTablesInformation(DatabaseInformationImpl.java:122)
	at org.hibernate.tool.schema.internal.GroupedSchemaMigratorImpl.performTablesMigration(GroupedSchemaMigratorImpl.java:68)
	at org.hibernate.tool.schema.internal.AbstractSchemaMigrator.performMigration(AbstractSchemaMigrator.java:220)
	at org.hibernate.tool.schema.internal.AbstractSchemaMigrator.doMigration(AbstractSchemaMigrator.java:123)
	at org.hibernate.tool.schema.spi.SchemaManagementToolCoordinator.performDatabaseAction(SchemaManagementToolCoordinator.java:196)
	at org.hibernate.tool.schema.spi.SchemaManagementToolCoordinator.process(SchemaManagementToolCoordinator.java:85)
	at org.hibernate.internal.SessionFactoryImpl.<init>(SessionFactoryImpl.java:335)
	at org.hibernate.boot.internal.SessionFactoryBuilderImpl.build(SessionFactoryBuilderImpl.java:471)
	at org.hibernate.jpa.boot.internal.EntityManagerFactoryBuilderImpl.build(EntityManagerFactoryBuilderImpl.java:1498)
	at org.springframework.orm.jpa.vendor.SpringHibernateJpaPersistenceProvider.createContainerEntityManagerFactory(SpringHibernateJpaPersistenceProvider.java:58)
	at org.springframework.orm.jpa.LocalContainerEntityManagerFactoryBean.createNativeEntityManagerFactory(LocalContainerEntityManagerFactoryBean.java:365)
	at org.springframework.orm.jpa.AbstractEntityManagerFactoryBean.buildNativeEntityManagerFactory(AbstractEntityManagerFactoryBean.java:409)
	... 20 common frames omitted
Caused by: com.microsoft.sqlserver.jdbc.SQLServerException: The TCP/IP connection to the host 10.48.12.180, port 14330 has failed. Error: "Connect timed out. Verify the connection properties. Make sure that an instance of SQL Server is running on the host and accepting TCP/IP connections at the port. Make sure that TCP connections to the port are not blocked by a firewall.".
	at com.microsoft.sqlserver.jdbc.SQLServerException.makeFromDriverError(SQLServerException.java:237)
	at com.microsoft.sqlserver.jdbc.SQLServerException.ConvertConnectExceptionToSQLServerException(SQLServerException.java:288)
	at com.microsoft.sqlserver.jdbc.SocketFinder.findSocket(IOBuffer.java:2654)
	at com.microsoft.sqlserver.jdbc.TDSChannel.open(IOBuffer.java:695)
	at com.microsoft.sqlserver.jdbc.SQLServerConnection.connectHelper(SQLServerConnection.java:3180)
	at com.microsoft.sqlserver.jdbc.SQLServerConnection.login(SQLServerConnection.java:2833)
	at com.microsoft.sqlserver.jdbc.SQLServerConnection.connectInternal(SQLServerConnection.java:2671)
	at com.microsoft.sqlserver.jdbc.SQLServerConnection.connect(SQLServerConnection.java:1640)
	at com.microsoft.sqlserver.jdbc.SQLServerDriver.connect(SQLServerDriver.java:936)
	at java.sql/java.sql.DriverManager.getConnection(Unknown Source)
	at java.sql/java.sql.DriverManager.getConnection(Unknown Source)
	at org.springframework.jdbc.datasource.DriverManagerDataSource.getConnectionFromDriverManager(DriverManagerDataSource.java:155)
	at org.springframework.jdbc.datasource.DriverManagerDataSource.getConnectionFromDriver(DriverManagerDataSource.java:146)
	at org.springframework.jdbc.datasource.AbstractDriverBasedDataSource.getConnectionFromDriver(AbstractDriverBasedDataSource.java:205)
	at org.springframework.jdbc.datasource.AbstractDriverBasedDataSource.getConnection(AbstractDriverBasedDataSource.java:169)
	at org.hibernate.engine.jdbc.connections.internal.DatasourceConnectionProviderImpl.getConnection(DatasourceConnectionProviderImpl.java:122)
	at org.hibernate.engine.jdbc.env.internal.JdbcEnvironmentInitiator$ConnectionProviderJdbcConnectionAccess.obtainConnection(JdbcEnvironmentInitiator.java:181)
	at org.hibernate.resource.transaction.backend.jdbc.internal.DdlTransactionIsolatorNonJtaImpl.getIsolatedConnection(DdlTransactionIsolatorNonJtaImpl.java:44)
	... 36 common frames omitted
26-07-21 13:57:15.435 [main] INFO  com.example.mail.MailApplication - Starting MailApplication using Java 21.0.11 on Gaurang-Parmar with PID 20220 (C:\Users\AMD\Desktop\Email AACC\sbi-email-service-backend-main\target\classes started by AMD in C:\Users\AMD\Desktop\Email AACC\sbi-email-service-backend-main)
26-07-21 13:57:15.444 [main] INFO  com.example.mail.MailApplication - The following 1 profile is active: "dev"
26-07-21 13:57:16.271 [main] INFO  o.s.d.r.c.RepositoryConfigurationDelegate - Bootstrapping Spring Data JPA repositories in DEFAULT mode.
26-07-21 13:57:16.350 [main] INFO  o.s.d.r.c.RepositoryConfigurationDelegate - Finished Spring Data repository scanning in 67 ms. Found 7 JPA repository interfaces.
26-07-21 13:57:17.253 [main] INFO  o.s.b.w.e.tomcat.TomcatWebServer - Tomcat initialized with port(s): 8081 (http)
26-07-21 13:57:17.256 [main] INFO  o.a.coyote.http11.Http11NioProtocol - Initializing ProtocolHandler ["http-nio-8081"]
26-07-21 13:57:17.264 [main] INFO  o.a.catalina.core.StandardService - Starting service [Tomcat]
26-07-21 13:57:17.265 [main] INFO  o.a.catalina.core.StandardEngine - Starting Servlet engine: [Apache Tomcat/9.0.83]
26-07-21 13:57:17.429 [main] INFO  o.a.c.c.C.[Tomcat].[localhost].[/] - Initializing Spring embedded WebApplicationContext
26-07-21 13:57:17.429 [main] INFO  o.s.b.w.s.c.ServletWebServerApplicationContext - Root WebApplicationContext: initialization completed in 1944 ms
26-07-21 13:57:17.713 [main] INFO  o.h.jpa.internal.util.LogHelper - HHH000204: Processing PersistenceUnitInfo [name: default]
26-07-21 13:57:17.765 [main] INFO  org.hibernate.Version - HHH000412: Hibernate ORM core version 5.6.15.Final
26-07-21 13:57:17.903 [main] INFO  o.h.annotations.common.Version - HCANN000001: Hibernate Commons Annotations {5.1.2.Final}
26-07-21 13:57:18.275 [main] WARN  o.h.e.j.e.i.JdbcEnvironmentInitiator - HHH000342: Could not obtain connection to query metadata
com.microsoft.sqlserver.jdbc.SQLServerException: Login failed for user 'Dems_Email'. ClientConnectionId:a43e704f-2105-45b0-93b5-a93e1d0fc6e9
	at com.microsoft.sqlserver.jdbc.SQLServerException.makeFromDatabaseError(SQLServerException.java:265)
	at com.microsoft.sqlserver.jdbc.TDSTokenHandler.onEOF(tdsparser.java:299)
	at com.microsoft.sqlserver.jdbc.TDSParser.parse(tdsparser.java:132)
	at com.microsoft.sqlserver.jdbc.TDSParser.parse(tdsparser.java:37)
	at com.microsoft.sqlserver.jdbc.SQLServerConnection.sendLogon(SQLServerConnection.java:6159)
	at com.microsoft.sqlserver.jdbc.SQLServerConnection.logon(SQLServerConnection.java:4782)
	at com.microsoft.sqlserver.jdbc.SQLServerConnection.access$100(SQLServerConnection.java:90)
	at com.microsoft.sqlserver.jdbc.SQLServerConnection$LogonCommand.doExecute(SQLServerConnection.java:4720)
	at com.microsoft.sqlserver.jdbc.TDSCommand.execute(IOBuffer.java:7664)
	at com.microsoft.sqlserver.jdbc.SQLServerConnection.executeCommand(SQLServerConnection.java:3791)
	at com.microsoft.sqlserver.jdbc.SQLServerConnection.connectHelper(SQLServerConnection.java:3233)
	at com.microsoft.sqlserver.jdbc.SQLServerConnection.login(SQLServerConnection.java:2833)
	at com.microsoft.sqlserver.jdbc.SQLServerConnection.connectInternal(SQLServerConnection.java:2671)
	at com.microsoft.sqlserver.jdbc.SQLServerConnection.connect(SQLServerConnection.java:1640)
	at com.microsoft.sqlserver.jdbc.SQLServerDriver.connect(SQLServerDriver.java:936)
	at java.sql/java.sql.DriverManager.getConnection(Unknown Source)
	at java.sql/java.sql.DriverManager.getConnection(Unknown Source)
	at org.springframework.jdbc.datasource.DriverManagerDataSource.getConnectionFromDriverManager(DriverManagerDataSource.java:155)
	at org.springframework.jdbc.datasource.DriverManagerDataSource.getConnectionFromDriver(DriverManagerDataSource.java:146)
	at org.springframework.jdbc.datasource.AbstractDriverBasedDataSource.getConnectionFromDriver(AbstractDriverBasedDataSource.java:205)
	at org.springframework.jdbc.datasource.AbstractDriverBasedDataSource.getConnection(AbstractDriverBasedDataSource.java:169)
	at org.hibernate.engine.jdbc.connections.internal.DatasourceConnectionProviderImpl.getConnection(DatasourceConnectionProviderImpl.java:122)
	at org.hibernate.engine.jdbc.env.internal.JdbcEnvironmentInitiator$ConnectionProviderJdbcConnectionAccess.obtainConnection(JdbcEnvironmentInitiator.java:181)
	at org.hibernate.engine.jdbc.env.internal.JdbcEnvironmentInitiator.initiateService(JdbcEnvironmentInitiator.java:68)
	at org.hibernate.engine.jdbc.env.internal.JdbcEnvironmentInitiator.initiateService(JdbcEnvironmentInitiator.java:35)
	at org.hibernate.boot.registry.internal.StandardServiceRegistryImpl.initiateService(StandardServiceRegistryImpl.java:101)
	at org.hibernate.service.internal.AbstractServiceRegistryImpl.createService(AbstractServiceRegistryImpl.java:272)
	at org.hibernate.service.internal.AbstractServiceRegistryImpl.initializeService(AbstractServiceRegistryImpl.java:246)
	at org.hibernate.service.internal.AbstractServiceRegistryImpl.getService(AbstractServiceRegistryImpl.java:223)
	at org.hibernate.id.factory.internal.DefaultIdentifierGeneratorFactory.injectServices(DefaultIdentifierGeneratorFactory.java:175)
	at org.hibernate.service.internal.AbstractServiceRegistryImpl.injectDependencies(AbstractServiceRegistryImpl.java:295)
	at org.hibernate.service.internal.AbstractServiceRegistryImpl.initializeService(AbstractServiceRegistryImpl.java:252)
	at org.hibernate.service.internal.AbstractServiceRegistryImpl.getService(AbstractServiceRegistryImpl.java:223)
	at org.hibernate.boot.internal.InFlightMetadataCollectorImpl.<init>(InFlightMetadataCollectorImpl.java:173)
	at org.hibernate.boot.model.process.spi.MetadataBuildingProcess.complete(MetadataBuildingProcess.java:127)
	at org.hibernate.jpa.boot.internal.EntityManagerFactoryBuilderImpl.metadata(EntityManagerFactoryBuilderImpl.java:1460)
	at org.hibernate.jpa.boot.internal.EntityManagerFactoryBuilderImpl.build(EntityManagerFactoryBuilderImpl.java:1494)
	at org.springframework.orm.jpa.vendor.SpringHibernateJpaPersistenceProvider.createContainerEntityManagerFactory(SpringHibernateJpaPersistenceProvider.java:58)
	at org.springframework.orm.jpa.LocalContainerEntityManagerFactoryBean.createNativeEntityManagerFactory(LocalContainerEntityManagerFactoryBean.java:365)
	at org.springframework.orm.jpa.AbstractEntityManagerFactoryBean.buildNativeEntityManagerFactory(AbstractEntityManagerFactoryBean.java:409)
	at org.springframework.orm.jpa.AbstractEntityManagerFactoryBean.afterPropertiesSet(AbstractEntityManagerFactoryBean.java:396)
	at org.springframework.orm.jpa.LocalContainerEntityManagerFactoryBean.afterPropertiesSet(LocalContainerEntityManagerFactoryBean.java:341)
	at org.springframework.beans.factory.support.AbstractAutowireCapableBeanFactory.invokeInitMethods(AbstractAutowireCapableBeanFactory.java:1863)
	at org.springframework.beans.factory.support.AbstractAutowireCapableBeanFactory.initializeBean(AbstractAutowireCapableBeanFactory.java:1800)
	at org.springframework.beans.factory.support.AbstractAutowireCapableBeanFactory.doCreateBean(AbstractAutowireCapableBeanFactory.java:620)
	at org.springframework.beans.factory.support.AbstractAutowireCapableBeanFactory.createBean(AbstractAutowireCapableBeanFactory.java:542)
	at org.springframework.beans.factory.support.AbstractBeanFactory.lambda$doGetBean$0(AbstractBeanFactory.java:335)
	at org.springframework.beans.factory.support.DefaultSingletonBeanRegistry.getSingleton(DefaultSingletonBeanRegistry.java:234)
	at org.springframework.beans.factory.support.AbstractBeanFactory.doGetBean(AbstractBeanFactory.java:333)
	at org.springframework.beans.factory.support.AbstractBeanFactory.getBean(AbstractBeanFactory.java:208)
	at org.springframework.context.support.AbstractApplicationContext.getBean(AbstractApplicationContext.java:1168)
	at org.springframework.context.support.AbstractApplicationContext.finishBeanFactoryInitialization(AbstractApplicationContext.java:919)
	at org.springframework.context.support.AbstractApplicationContext.refresh(AbstractApplicationContext.java:591)
	at org.springframework.boot.web.servlet.context.ServletWebServerApplicationContext.refresh(ServletWebServerApplicationContext.java:147)
	at org.springframework.boot.SpringApplication.refresh(SpringApplication.java:732)
	at org.springframework.boot.SpringApplication.refreshContext(SpringApplication.java:409)
	at org.springframework.boot.SpringApplication.run(SpringApplication.java:308)
	at org.springframework.boot.SpringApplication.run(SpringApplication.java:1300)
	at org.springframework.boot.SpringApplication.run(SpringApplication.java:1289)
	at com.example.mail.MailApplication.main(MailApplication.java:12)
26-07-21 13:57:18.288 [main] INFO  org.hibernate.dialect.Dialect - HHH000400: Using dialect: org.hibernate.dialect.SQLServerDialect
26-07-21 13:57:18.915 [main] WARN  o.h.e.jdbc.spi.SqlExceptionHelper - SQL Error: 18456, SQLState: S0001
26-07-21 13:57:18.915 [main] ERROR o.h.e.jdbc.spi.SqlExceptionHelper - Login failed for user 'Dems_Email'. ClientConnectionId:693e951f-6e29-471a-b010-5d1e49171678
26-07-21 13:57:18.915 [main] ERROR o.s.o.j.LocalContainerEntityManagerFactoryBean - Failed to initialize JPA EntityManagerFactory: [PersistenceUnit: default] Unable to build Hibernate SessionFactory; nested exception is org.hibernate.exception.SQLGrammarException: Unable to open JDBC Connection for DDL execution
26-07-21 13:57:18.915 [main] WARN  o.s.b.w.s.c.AnnotationConfigServletWebServerApplicationContext - Exception encountered during context initialization - cancelling refresh attempt: org.springframework.beans.factory.BeanCreationException: Error creating bean with name 'entityManagerFactory' defined in class path resource [org/springframework/boot/autoconfigure/orm/jpa/HibernateJpaConfiguration.class]: Invocation of init method failed; nested exception is javax.persistence.PersistenceException: [PersistenceUnit: default] Unable to build Hibernate SessionFactory; nested exception is org.hibernate.exception.SQLGrammarException: Unable to open JDBC Connection for DDL execution
26-07-21 13:57:18.925 [main] INFO  o.a.catalina.core.StandardService - Stopping service [Tomcat]
26-07-21 13:57:18.932 [main] INFO  o.s.b.a.l.ConditionEvaluationReportLoggingListener - 

Error starting ApplicationContext. To display the conditions report re-run your application with 'debug' enabled.
26-07-21 13:57:18.948 [main] ERROR o.s.boot.SpringApplication - Application run failed
org.springframework.beans.factory.BeanCreationException: Error creating bean with name 'entityManagerFactory' defined in class path resource [org/springframework/boot/autoconfigure/orm/jpa/HibernateJpaConfiguration.class]: Invocation of init method failed; nested exception is javax.persistence.PersistenceException: [PersistenceUnit: default] Unable to build Hibernate SessionFactory; nested exception is org.hibernate.exception.SQLGrammarException: Unable to open JDBC Connection for DDL execution
	at org.springframework.beans.factory.support.AbstractAutowireCapableBeanFactory.initializeBean(AbstractAutowireCapableBeanFactory.java:1804)
	at org.springframework.beans.factory.support.AbstractAutowireCapableBeanFactory.doCreateBean(AbstractAutowireCapableBeanFactory.java:620)
	at org.springframework.beans.factory.support.AbstractAutowireCapableBeanFactory.createBean(AbstractAutowireCapableBeanFactory.java:542)
	at org.springframework.beans.factory.support.AbstractBeanFactory.lambda$doGetBean$0(AbstractBeanFactory.java:335)
	at org.springframework.beans.factory.support.DefaultSingletonBeanRegistry.getSingleton(DefaultSingletonBeanRegistry.java:234)
	at org.springframework.beans.factory.support.AbstractBeanFactory.doGetBean(AbstractBeanFactory.java:333)
	at org.springframework.beans.factory.support.AbstractBeanFactory.getBean(AbstractBeanFactory.java:208)
	at org.springframework.context.support.AbstractApplicationContext.getBean(AbstractApplicationContext.java:1168)
	at org.springframework.context.support.AbstractApplicationContext.finishBeanFactoryInitialization(AbstractApplicationContext.java:919)
	at org.springframework.context.support.AbstractApplicationContext.refresh(AbstractApplicationContext.java:591)
	at org.springframework.boot.web.servlet.context.ServletWebServerApplicationContext.refresh(ServletWebServerApplicationContext.java:147)
	at org.springframework.boot.SpringApplication.refresh(SpringApplication.java:732)
	at org.springframework.boot.SpringApplication.refreshContext(SpringApplication.java:409)
	at org.springframework.boot.SpringApplication.run(SpringApplication.java:308)
	at org.springframework.boot.SpringApplication.run(SpringApplication.java:1300)
	at org.springframework.boot.SpringApplication.run(SpringApplication.java:1289)
	at com.example.mail.MailApplication.main(MailApplication.java:12)
Caused by: javax.persistence.PersistenceException: [PersistenceUnit: default] Unable to build Hibernate SessionFactory; nested exception is org.hibernate.exception.SQLGrammarException: Unable to open JDBC Connection for DDL execution
	at org.springframework.orm.jpa.AbstractEntityManagerFactoryBean.buildNativeEntityManagerFactory(AbstractEntityManagerFactoryBean.java:421)
	at org.springframework.orm.jpa.AbstractEntityManagerFactoryBean.afterPropertiesSet(AbstractEntityManagerFactoryBean.java:396)
	at org.springframework.orm.jpa.LocalContainerEntityManagerFactoryBean.afterPropertiesSet(LocalContainerEntityManagerFactoryBean.java:341)
	at org.springframework.beans.factory.support.AbstractAutowireCapableBeanFactory.invokeInitMethods(AbstractAutowireCapableBeanFactory.java:1863)
	at org.springframework.beans.factory.support.AbstractAutowireCapableBeanFactory.initializeBean(AbstractAutowireCapableBeanFactory.java:1800)
	... 16 common frames omitted
Caused by: org.hibernate.exception.SQLGrammarException: Unable to open JDBC Connection for DDL execution
	at org.hibernate.exception.internal.SQLStateConversionDelegate.convert(SQLStateConversionDelegate.java:103)
	at org.hibernate.exception.internal.StandardSQLExceptionConverter.convert(StandardSQLExceptionConverter.java:37)
	at org.hibernate.engine.jdbc.spi.SqlExceptionHelper.convert(SqlExceptionHelper.java:113)
	at org.hibernate.engine.jdbc.spi.SqlExceptionHelper.convert(SqlExceptionHelper.java:99)
	at org.hibernate.resource.transaction.backend.jdbc.internal.DdlTransactionIsolatorNonJtaImpl.getIsolatedConnection(DdlTransactionIsolatorNonJtaImpl.java:71)
	at org.hibernate.tool.schema.internal.exec.ImprovedExtractionContextImpl.getJdbcConnection(ImprovedExtractionContextImpl.java:63)
	at org.hibernate.tool.schema.internal.exec.ImprovedExtractionContextImpl.getJdbcDatabaseMetaData(ImprovedExtractionContextImpl.java:70)
	at org.hibernate.tool.schema.extract.internal.InformationExtractorJdbcDatabaseMetaDataImpl.processTableResultSet(InformationExtractorJdbcDatabaseMetaDataImpl.java:64)
	at org.hibernate.tool.schema.extract.internal.AbstractInformationExtractorImpl.getTables(AbstractInformationExtractorImpl.java:565)
	at org.hibernate.tool.schema.extract.internal.DatabaseInformationImpl.getTablesInformation(DatabaseInformationImpl.java:122)
	at org.hibernate.tool.schema.internal.GroupedSchemaMigratorImpl.performTablesMigration(GroupedSchemaMigratorImpl.java:68)
	at org.hibernate.tool.schema.internal.AbstractSchemaMigrator.performMigration(AbstractSchemaMigrator.java:220)
	at org.hibernate.tool.schema.internal.AbstractSchemaMigrator.doMigration(AbstractSchemaMigrator.java:123)
	at org.hibernate.tool.schema.spi.SchemaManagementToolCoordinator.performDatabaseAction(SchemaManagementToolCoordinator.java:196)
	at org.hibernate.tool.schema.spi.SchemaManagementToolCoordinator.process(SchemaManagementToolCoordinator.java:85)
	at org.hibernate.internal.SessionFactoryImpl.<init>(SessionFactoryImpl.java:335)
	at org.hibernate.boot.internal.SessionFactoryBuilderImpl.build(SessionFactoryBuilderImpl.java:471)
	at org.hibernate.jpa.boot.internal.EntityManagerFactoryBuilderImpl.build(EntityManagerFactoryBuilderImpl.java:1498)
	at org.springframework.orm.jpa.vendor.SpringHibernateJpaPersistenceProvider.createContainerEntityManagerFactory(SpringHibernateJpaPersistenceProvider.java:58)
	at org.springframework.orm.jpa.LocalContainerEntityManagerFactoryBean.createNativeEntityManagerFactory(LocalContainerEntityManagerFactoryBean.java:365)
	at org.springframework.orm.jpa.AbstractEntityManagerFactoryBean.buildNativeEntityManagerFactory(AbstractEntityManagerFactoryBean.java:409)
	... 20 common frames omitted
Caused by: com.microsoft.sqlserver.jdbc.SQLServerException: Login failed for user 'Dems_Email'. ClientConnectionId:693e951f-6e29-471a-b010-5d1e49171678
	at com.microsoft.sqlserver.jdbc.SQLServerException.makeFromDatabaseError(SQLServerException.java:265)
	at com.microsoft.sqlserver.jdbc.TDSTokenHandler.onEOF(tdsparser.java:299)
	at com.microsoft.sqlserver.jdbc.TDSParser.parse(tdsparser.java:132)
	at com.microsoft.sqlserver.jdbc.TDSParser.parse(tdsparser.java:37)
	at com.microsoft.sqlserver.jdbc.SQLServerConnection.sendLogon(SQLServerConnection.java:6159)
	at com.microsoft.sqlserver.jdbc.SQLServerConnection.logon(SQLServerConnection.java:4782)
	at com.microsoft.sqlserver.jdbc.SQLServerConnection.access$100(SQLServerConnection.java:90)
	at com.microsoft.sqlserver.jdbc.SQLServerConnection$LogonCommand.doExecute(SQLServerConnection.java:4720)
	at com.microsoft.sqlserver.jdbc.TDSCommand.execute(IOBuffer.java:7664)
	at com.microsoft.sqlserver.jdbc.SQLServerConnection.executeCommand(SQLServerConnection.java:3791)
	at com.microsoft.sqlserver.jdbc.SQLServerConnection.connectHelper(SQLServerConnection.java:3233)
	at com.microsoft.sqlserver.jdbc.SQLServerConnection.login(SQLServerConnection.java:2833)
	at com.microsoft.sqlserver.jdbc.SQLServerConnection.connectInternal(SQLServerConnection.java:2671)
	at com.microsoft.sqlserver.jdbc.SQLServerConnection.connect(SQLServerConnection.java:1640)
	at com.microsoft.sqlserver.jdbc.SQLServerDriver.connect(SQLServerDriver.java:936)
	at java.sql/java.sql.DriverManager.getConnection(Unknown Source)
	at java.sql/java.sql.DriverManager.getConnection(Unknown Source)
	at org.springframework.jdbc.datasource.DriverManagerDataSource.getConnectionFromDriverManager(DriverManagerDataSource.java:155)
	at org.springframework.jdbc.datasource.DriverManagerDataSource.getConnectionFromDriver(DriverManagerDataSource.java:146)
	at org.springframework.jdbc.datasource.AbstractDriverBasedDataSource.getConnectionFromDriver(AbstractDriverBasedDataSource.java:205)
	at org.springframework.jdbc.datasource.AbstractDriverBasedDataSource.getConnection(AbstractDriverBasedDataSource.java:169)
	at org.hibernate.engine.jdbc.connections.internal.DatasourceConnectionProviderImpl.getConnection(DatasourceConnectionProviderImpl.java:122)
	at org.hibernate.engine.jdbc.env.internal.JdbcEnvironmentInitiator$ConnectionProviderJdbcConnectionAccess.obtainConnection(JdbcEnvironmentInitiator.java:181)
	at org.hibernate.resource.transaction.backend.jdbc.internal.DdlTransactionIsolatorNonJtaImpl.getIsolatedConnection(DdlTransactionIsolatorNonJtaImpl.java:44)
	... 36 common frames omitted
26-07-21 13:58:19.943 [main] INFO  com.example.mail.MailApplication - Starting MailApplication using Java 21.0.11 on Gaurang-Parmar with PID 18920 (C:\Users\AMD\Desktop\Email AACC\sbi-email-service-backend-main\target\classes started by AMD in C:\Users\AMD\Desktop\Email AACC\sbi-email-service-backend-main)
26-07-21 13:58:19.946 [main] INFO  com.example.mail.MailApplication - The following 1 profile is active: "dev"
26-07-21 13:58:20.777 [main] INFO  o.s.d.r.c.RepositoryConfigurationDelegate - Bootstrapping Spring Data JPA repositories in DEFAULT mode.
26-07-21 13:58:20.855 [main] INFO  o.s.d.r.c.RepositoryConfigurationDelegate - Finished Spring Data repository scanning in 69 ms. Found 7 JPA repository interfaces.
26-07-21 13:58:21.759 [main] INFO  o.s.b.w.e.tomcat.TomcatWebServer - Tomcat initialized with port(s): 8081 (http)
26-07-21 13:58:21.769 [main] INFO  o.a.coyote.http11.Http11NioProtocol - Initializing ProtocolHandler ["http-nio-8081"]
26-07-21 13:58:21.771 [main] INFO  o.a.catalina.core.StandardService - Starting service [Tomcat]
26-07-21 13:58:21.771 [main] INFO  o.a.catalina.core.StandardEngine - Starting Servlet engine: [Apache Tomcat/9.0.83]
26-07-21 13:58:21.921 [main] INFO  o.a.c.c.C.[Tomcat].[localhost].[/] - Initializing Spring embedded WebApplicationContext
26-07-21 13:58:21.921 [main] INFO  o.s.b.w.s.c.ServletWebServerApplicationContext - Root WebApplicationContext: initialization completed in 1931 ms
26-07-21 13:58:22.224 [main] INFO  o.h.jpa.internal.util.LogHelper - HHH000204: Processing PersistenceUnitInfo [name: default]
26-07-21 13:58:22.289 [main] INFO  org.hibernate.Version - HHH000412: Hibernate ORM core version 5.6.15.Final
26-07-21 13:58:22.429 [main] INFO  o.h.annotations.common.Version - HCANN000001: Hibernate Commons Annotations {5.1.2.Final}
26-07-21 13:58:22.773 [main] INFO  org.hibernate.dialect.Dialect - HHH000400: Using dialect: org.hibernate.dialect.SQLServerDialect
26-07-21 13:58:23.879 [main] INFO  o.h.e.t.j.p.i.JtaPlatformInitiator - HHH000490: Using JtaPlatform implementation: [org.hibernate.engine.transaction.jta.platform.internal.NoJtaPlatform]
26-07-21 13:58:23.889 [main] INFO  o.s.o.j.LocalContainerEntityManagerFactoryBean - Initialized JPA EntityManagerFactory for persistence unit 'default'
26-07-21 13:58:25.790 [main] WARN  o.s.b.a.o.j.JpaBaseConfiguration$JpaWebConfiguration - spring.jpa.open-in-view is enabled by default. Therefore, database queries may be performed during view rendering. Explicitly configure spring.jpa.open-in-view to disable this warning
26-07-21 13:58:26.810 [main] INFO  o.a.coyote.http11.Http11NioProtocol - Starting ProtocolHandler ["http-nio-8081"]
26-07-21 13:58:26.836 [main] INFO  o.s.b.w.e.tomcat.TomcatWebServer - Tomcat started on port(s): 8081 (http) with context path ''
26-07-21 13:58:27.138 [main] INFO  com.example.mail.MailApplication - Started MailApplication in 7.52 seconds (JVM running for 8.146)
26-07-21 13:58:58.875 [http-nio-8081-exec-2] INFO  o.a.c.c.C.[Tomcat].[localhost].[/] - Initializing Spring DispatcherServlet 'dispatcherServlet'
26-07-21 13:58:58.875 [http-nio-8081-exec-2] INFO  o.s.web.servlet.DispatcherServlet - Initializing Servlet 'dispatcherServlet'
26-07-21 13:58:58.876 [http-nio-8081-exec-2] INFO  o.s.web.servlet.DispatcherServlet - Completed initialization in 1 ms
26-07-21 13:59:49.377 [http-nio-8081-exec-2] ERROR o.a.c.c.C.[.[.[.[dispatcherServlet] - Servlet.service() for servlet [dispatcherServlet] in context with path [] threw exception [Handler dispatch failed; nested exception is java.lang.StackOverflowError] with root cause
java.lang.StackOverflowError: null
	at java.base/java.lang.AbstractStringBuilder.newCapacity(Unknown Source)
	at java.base/java.lang.AbstractStringBuilder.ensureCapacityInternal(Unknown Source)
	at java.base/java.lang.AbstractStringBuilder.append(Unknown Source)
	at java.base/java.lang.StringBuilder.append(Unknown Source)
	at com.example.mail.model.ContactAction.toString(ContactAction.java:15)
	at java.base/java.lang.String.valueOf(Unknown Source)
	at java.base/java.lang.StringBuilder.append(Unknown Source)
	at java.base/java.util.AbstractCollection.toString(Unknown Source)
	at org.hibernate.collection.internal.PersistentBag.toString(PersistentBag.java:622)
	at java.base/java.lang.String.valueOf(Unknown Source)
	at java.base/java.lang.StringBuilder.append(Unknown Source)
	at com.example.mail.model.Email.toString(Email.java:17)
	at java.base/java.lang.String.valueOf(Unknown Source)
	at java.base/java.lang.StringBuilder.append(Unknown Source)
	at com.example.mail.model.ContactAction.toString(ContactAction.java:15)
	at java.base/java.lang.String.valueOf(Unknown Source)
	at java.base/java.lang.StringBuilder.append(Unknown Source)
	at java.base/java.util.AbstractCollection.toString(Unknown Source)
	at org.hibernate.collection.internal.PersistentBag.toString(PersistentBag.java:622)
	at java.base/java.lang.String.valueOf(Unknown Source)
	at java.base/java.lang.StringBuilder.append(Unknown Source)
	at com.example.mail.model.Email.toString(Email.java:17)
	at java.base/java.lang.String.valueOf(Unknown Source)
	at java.base/java.lang.StringBuilder.append(Unknown Source)
	at com.example.mail.model.ContactAction.toString(ContactAction.java:15)
	at java.base/java.lang.String.valueOf(Unknown Source)
	at java.base/java.lang.StringBuilder.append(Unknown Source)
	at java.base/java.util.AbstractCollection.toString(Unknown Source)
	at org.hibernate.collection.internal.PersistentBag.toString(PersistentBag.java:622)
	at java.base/java.lang.String.valueOf(Unknown Source)
	at java.base/java.lang.StringBuilder.append(Unknown Source)
	at com.example.mail.model.Email.toString(Email.java:17)
	at java.base/java.lang.String.valueOf(Unknown Source)
	at java.base/java.lang.StringBuilder.append(Unknown Source)
	at com.example.mail.model.ContactAction.toString(ContactAction.java:15)
	at java.base/java.lang.String.valueOf(Unknown Source)
	at java.base/java.lang.StringBuilder.append(Unknown Source)
	at java.base/java.util.AbstractCollection.toString(Unknown Source)
	at org.hibernate.collection.internal.PersistentBag.toString(PersistentBag.java:622)
	at java.base/java.lang.String.valueOf(Unknown Source)
	at java.base/java.lang.StringBuilder.append(Unknown Source)
	at com.example.mail.model.Email.toString(Email.java:17)
	at java.base/java.lang.String.valueOf(Unknown Source)
	at java.base/java.lang.StringBuilder.append(Unknown Source)
	at com.example.mail.model.ContactAction.toString(ContactAction.java:15)
	at java.base/java.lang.String.valueOf(Unknown Source)
	at java.base/java.lang.StringBuilder.append(Unknown Source)
	at java.base/java.util.AbstractCollection.toString(Unknown Source)
	at org.hibernate.collection.internal.PersistentBag.toString(PersistentBag.java:622)
	at java.base/java.lang.String.valueOf(Unknown Source)
	at java.base/java.lang.StringBuilder.append(Unknown Source)
	at com.example.mail.model.Email.toString(Email.java:17)
	at java.base/java.lang.String.valueOf(Unknown Source)
	at java.base/java.lang.StringBuilder.append(Unknown Source)
	at com.example.mail.model.ContactAction.toString(ContactAction.java:15)
	at java.base/java.lang.String.valueOf(Unknown Source)
	at java.base/java.lang.StringBuilder.append(Unknown Source)
	at java.base/java.util.AbstractCollection.toString(Unknown Source)
	at org.hibernate.collection.internal.PersistentBag.toString(PersistentBag.java:622)
	at java.base/java.lang.String.valueOf(Unknown Source)
	at java.base/java.lang.StringBuilder.append(Unknown Source)
	at com.example.mail.model.Email.toString(Email.java:17)
	at java.base/java.lang.String.valueOf(Unknown Source)
	at java.base/java.lang.StringBuilder.append(Unknown Source)
	at com.example.mail.model.ContactAction.toString(ContactAction.java:15)
	at java.base/java.lang.String.valueOf(Unknown Source)
	at java.base/java.lang.StringBuilder.append(Unknown Source)
	at java.base/java.util.AbstractCollection.toString(Unknown Source)
	at org.hibernate.collection.internal.PersistentBag.toString(PersistentBag.java:622)
	at java.base/java.lang.String.valueOf(Unknown Source)
	at java.base/java.lang.StringBuilder.append(Unknown Source)
	at com.example.mail.model.Email.toString(Email.java:17)
	at java.base/java.lang.String.valueOf(Unknown Source)
	at java.base/java.lang.StringBuilder.append(Unknown Source)
	at com.example.mail.model.ContactAction.toString(ContactAction.java:15)
	at java.base/java.lang.String.valueOf(Unknown Source)
	at java.base/java.lang.StringBuilder.append(Unknown Source)
	at java.base/java.util.AbstractCollection.toString(Unknown Source)
	at org.hibernate.collection.internal.PersistentBag.toString(PersistentBag.java:622)
	at java.base/java.lang.String.valueOf(Unknown Source)
	at java.base/java.lang.StringBuilder.append(Unknown Source)
	at com.example.mail.model.Email.toString(Email.java:17)
	at java.base/java.lang.String.valueOf(Unknown Source)
	at java.base/java.lang.StringBuilder.append(Unknown Source)
	at com.example.mail.model.ContactAction.toString(ContactAction.java:15)
	at java.base/java.lang.String.valueOf(Unknown Source)
	at java.base/java.lang.StringBuilder.append(Unknown Source)
	at java.base/java.util.AbstractCollection.toString(Unknown Source)
	at org.hibernate.collection.internal.PersistentBag.toString(PersistentBag.java:622)
	at java.base/java.lang.String.valueOf(Unknown Source)
	at java.base/java.lang.StringBuilder.append(Unknown Source)
	at com.example.mail.model.Email.toString(Email.java:17)
	at java.base/java.lang.String.valueOf(Unknown Source)
	at java.base/java.lang.StringBuilder.append(Unknown Source)
	at com.example.mail.model.ContactAction.toString(ContactAction.java:15)
	at java.base/java.lang.String.valueOf(Unknown Source)
	at java.base/java.lang.StringBuilder.append(Unknown Source)
	at java.base/java.util.AbstractCollection.toString(Unknown Source)
	at org.hibernate.collection.internal.PersistentBag.toString(PersistentBag.java:622)
	at java.base/java.lang.String.valueOf(Unknown Source)
	at java.base/java.lang.StringBuilder.append(Unknown Source)
	at com.example.mail.model.Email.toString(Email.java:17)
	at java.base/java.lang.String.valueOf(Unknown Source)
	at java.base/java.lang.StringBuilder.append(Unknown Source)
	at com.example.mail.model.ContactAction.toString(ContactAction.java:15)
	at java.base/java.lang.String.valueOf(Unknown Source)
	at java.base/java.lang.StringBuilder.append(Unknown Source)
	at java.base/java.util.AbstractCollection.toString(Unknown Source)
	at org.hibernate.collection.internal.PersistentBag.toString(PersistentBag.java:622)
	at java.base/java.lang.String.valueOf(Unknown Source)
	at java.base/java.lang.StringBuilder.append(Unknown Source)
	at com.example.mail.model.Email.toString(Email.java:17)
	at java.base/java.lang.String.valueOf(Unknown Source)
	at java.base/java.lang.StringBuilder.append(Unknown Source)
	at com.example.mail.model.ContactAction.toString(ContactAction.java:15)
	at java.base/java.lang.String.valueOf(Unknown Source)
	at java.base/java.lang.StringBuilder.append(Unknown Source)
	at java.base/java.util.AbstractCollection.toString(Unknown Source)
	at org.hibernate.collection.internal.PersistentBag.toString(PersistentBag.java:622)
	at java.base/java.lang.String.valueOf(Unknown Source)
	at java.base/java.lang.StringBuilder.append(Unknown Source)
	at com.example.mail.model.Email.toString(Email.java:17)
	at java.base/java.lang.String.valueOf(Unknown Source)
	at java.base/java.lang.StringBuilder.append(Unknown Source)
	at com.example.mail.model.ContactAction.toString(ContactAction.java:15)
	at java.base/java.lang.String.valueOf(Unknown Source)
	at java.base/java.lang.StringBuilder.append(Unknown Source)
	at java.base/java.util.AbstractCollection.toString(Unknown Source)
	at org.hibernate.collection.internal.PersistentBag.toString(PersistentBag.java:622)
	at java.base/java.lang.String.valueOf(Unknown Source)
	at java.base/java.lang.StringBuilder.append(Unknown Source)
	at com.example.mail.model.Email.toString(Email.java:17)
	at java.base/java.lang.String.valueOf(Unknown Source)
	at java.base/java.lang.StringBuilder.append(Unknown Source)
	at com.example.mail.model.ContactAction.toString(ContactAction.java:15)
	at java.base/java.lang.String.valueOf(Unknown Source)
	at java.base/java.lang.StringBuilder.append(Unknown Source)
	at java.base/java.util.AbstractCollection.toString(Unknown Source)
	at org.hibernate.collection.internal.PersistentBag.toString(PersistentBag.java:622)
	at java.base/java.lang.String.valueOf(Unknown Source)
	at java.base/java.lang.StringBuilder.append(Unknown Source)
	at com.example.mail.model.Email.toString(Email.java:17)
	at java.base/java.lang.String.valueOf(Unknown Source)
	at java.base/java.lang.StringBuilder.append(Unknown Source)
	at com.example.mail.model.ContactAction.toString(ContactAction.java:15)
	at java.base/java.lang.String.valueOf(Unknown Source)
	at java.base/java.lang.StringBuilder.append(Unknown Source)
	at java.base/java.util.AbstractCollection.toString(Unknown Source)
	at org.hibernate.collection.internal.PersistentBag.toString(PersistentBag.java:622)
	at java.base/java.lang.String.valueOf(Unknown Source)
	at java.base/java.lang.StringBuilder.append(Unknown Source)
	at com.example.mail.model.Email.toString(Email.java:17)
	at java.base/java.lang.String.valueOf(Unknown Source)
	at java.base/java.lang.StringBuilder.append(Unknown Source)
	at com.example.mail.model.ContactAction.toString(ContactAction.java:15)
	at java.base/java.lang.String.valueOf(Unknown Source)
	at java.base/java.lang.StringBuilder.append(Unknown Source)
	at java.base/java.util.AbstractCollection.toString(Unknown Source)
	at org.hibernate.collection.internal.PersistentBag.toString(PersistentBag.java:622)
	at java.base/java.lang.String.valueOf(Unknown Source)
	at java.base/java.lang.StringBuilder.append(Unknown Source)
	at com.example.mail.model.Email.toString(Email.java:17)
	at java.base/java.lang.String.valueOf(Unknown Source)
	at java.base/java.lang.StringBuilder.append(Unknown Source)
	at com.example.mail.model.ContactAction.toString(ContactAction.java:15)
	at java.base/java.lang.String.valueOf(Unknown Source)
	at java.base/java.lang.StringBuilder.append(Unknown Source)
	at java.base/java.util.AbstractCollection.toString(Unknown Source)
	at org.hibernate.collection.internal.PersistentBag.toString(PersistentBag.java:622)
	at java.base/java.lang.String.valueOf(Unknown Source)
	at java.base/java.lang.StringBuilder.append(Unknown Source)
	at com.example.mail.model.Email.toString(Email.java:17)
	at java.base/java.lang.String.valueOf(Unknown Source)
	at java.base/java.lang.StringBuilder.append(Unknown Source)
	at com.example.mail.model.ContactAction.toString(ContactAction.java:15)
	at java.base/java.lang.String.valueOf(Unknown Source)
	at java.base/java.lang.StringBuilder.append(Unknown Source)
	at java.base/java.util.AbstractCollection.toString(Unknown Source)
	at org.hibernate.collection.internal.PersistentBag.toString(PersistentBag.java:622)
	at java.base/java.lang.String.valueOf(Unknown Source)
	at java.base/java.lang.StringBuilder.append(Unknown Source)
	at com.example.mail.model.Email.toString(Email.java:17)
	at java.base/java.lang.String.valueOf(Unknown Source)
	at java.base/java.lang.StringBuilder.append(Unknown Source)
	at com.example.mail.model.ContactAction.toString(ContactAction.java:15)
	at java.base/java.lang.String.valueOf(Unknown Source)
	at java.base/java.lang.StringBuilder.append(Unknown Source)
	at java.base/java.util.AbstractCollection.toString(Unknown Source)
	at org.hibernate.collection.internal.PersistentBag.toString(PersistentBag.java:622)
	at java.base/java.lang.String.valueOf(Unknown Source)
	at java.base/java.lang.StringBuilder.append(Unknown Source)
	at com.example.mail.model.Email.toString(Email.java:17)
	at java.base/java.lang.String.valueOf(Unknown Source)
	at java.base/java.lang.StringBuilder.append(Unknown Source)
	at com.example.mail.model.ContactAction.toString(ContactAction.java:15)
	at java.base/java.lang.String.valueOf(Unknown Source)
	at java.base/java.lang.StringBuilder.append(Unknown Source)
	at java.base/java.util.AbstractCollection.toString(Unknown Source)
	at org.hibernate.collection.internal.PersistentBag.toString(PersistentBag.java:622)
	at java.base/java.lang.String.valueOf(Unknown Source)
	at java.base/java.lang.StringBuilder.append(Unknown Source)
	at com.example.mail.model.Email.toString(Email.java:17)
	at java.base/java.lang.String.valueOf(Unknown Source)
	at java.base/java.lang.StringBuilder.append(Unknown Source)
	at com.example.mail.model.ContactAction.toString(ContactAction.java:15)
	at java.base/java.lang.String.valueOf(Unknown Source)
	at java.base/java.lang.StringBuilder.append(Unknown Source)
	at java.base/java.util.AbstractCollection.toString(Unknown Source)
	at org.hibernate.collection.internal.PersistentBag.toString(PersistentBag.java:622)
	at java.base/java.lang.String.valueOf(Unknown Source)
	at java.base/java.lang.StringBuilder.append(Unknown Source)
	at com.example.mail.model.Email.toString(Email.java:17)
	at java.base/java.lang.String.valueOf(Unknown Source)
	at java.base/java.lang.StringBuilder.append(Unknown Source)
	at com.example.mail.model.ContactAction.toString(ContactAction.java:15)
	at java.base/java.lang.String.valueOf(Unknown Source)
	at java.base/java.lang.StringBuilder.append(Unknown Source)
	at java.base/java.util.AbstractCollection.toString(Unknown Source)
	at org.hibernate.collection.internal.PersistentBag.toString(PersistentBag.java:622)
	at java.base/java.lang.String.valueOf(Unknown Source)
	at java.base/java.lang.StringBuilder.append(Unknown Source)
	at com.example.mail.model.Email.toString(Email.java:17)
	at java.base/java.lang.String.valueOf(Unknown Source)
	at java.base/java.lang.StringBuilder.append(Unknown Source)
	at com.example.mail.model.ContactAction.toString(ContactAction.java:15)
	at java.base/java.lang.String.valueOf(Unknown Source)
	at java.base/java.lang.StringBuilder.append(Unknown Source)
	at java.base/java.util.AbstractCollection.toString(Unknown Source)
	at org.hibernate.collection.internal.PersistentBag.toString(PersistentBag.java:622)
	at java.base/java.lang.String.valueOf(Unknown Source)
	at java.base/java.lang.StringBuilder.append(Unknown Source)
	at com.example.mail.model.Email.toString(Email.java:17)
	at java.base/java.lang.String.valueOf(Unknown Source)
	at java.base/java.lang.StringBuilder.append(Unknown Source)
	at com.example.mail.model.ContactAction.toString(ContactAction.java:15)
	at java.base/java.lang.String.valueOf(Unknown Source)
	at java.base/java.lang.StringBuilder.append(Unknown Source)
	at java.base/java.util.AbstractCollection.toString(Unknown Source)
	at org.hibernate.collection.internal.PersistentBag.toString(PersistentBag.java:622)
	at java.base/java.lang.String.valueOf(Unknown Source)
	at java.base/java.lang.StringBuilder.append(Unknown Source)
	at com.example.mail.model.Email.toString(Email.java:17)
	at java.base/java.lang.String.valueOf(Unknown Source)
	at java.base/java.lang.StringBuilder.append(Unknown Source)
	at com.example.mail.model.ContactAction.toString(ContactAction.java:15)
	at java.base/java.lang.String.valueOf(Unknown Source)
	at java.base/java.lang.StringBuilder.append(Unknown Source)
	at java.base/java.util.AbstractCollection.toString(Unknown Source)
	at org.hibernate.collection.internal.PersistentBag.toString(PersistentBag.java:622)
	at java.base/java.lang.String.valueOf(Unknown Source)
	at java.base/java.lang.StringBuilder.append(Unknown Source)
	at com.example.mail.model.Email.toString(Email.java:17)
	at java.base/java.lang.String.valueOf(Unknown Source)
	at java.base/java.lang.StringBuilder.append(Unknown Source)
	at com.example.mail.model.ContactAction.toString(ContactAction.java:15)
	at java.base/java.lang.String.valueOf(Unknown Source)
	at java.base/java.lang.StringBuilder.append(Unknown Source)
	at java.base/java.util.AbstractCollection.toString(Unknown Source)
	at org.hibernate.collection.internal.PersistentBag.toString(PersistentBag.java:622)
	at java.base/java.lang.String.valueOf(Unknown Source)
	at java.base/java.lang.StringBuilder.append(Unknown Source)
	at com.example.mail.model.Email.toString(Email.java:17)
	at java.base/java.lang.String.valueOf(Unknown Source)
	at java.base/java.lang.StringBuilder.append(Unknown Source)
	at com.example.mail.model.ContactAction.toString(ContactAction.java:15)
	at java.base/java.lang.String.valueOf(Unknown Source)
	at java.base/java.lang.StringBuilder.append(Unknown Source)
	at java.base/java.util.AbstractCollection.toString(Unknown Source)
	at org.hibernate.collection.internal.PersistentBag.toString(PersistentBag.java:622)
	at java.base/java.lang.String.valueOf(Unknown Source)
	at java.base/java.lang.StringBuilder.append(Unknown Source)
	at com.example.mail.model.Email.toString(Email.java:17)
	at java.base/java.lang.String.valueOf(Unknown Source)
	at java.base/java.lang.StringBuilder.append(Unknown Source)
	at com.example.mail.model.ContactAction.toString(ContactAction.java:15)
	at java.base/java.lang.String.valueOf(Unknown Source)
	at java.base/java.lang.StringBuilder.append(Unknown Source)
	at java.base/java.util.AbstractCollection.toString(Unknown Source)
	at org.hibernate.collection.internal.PersistentBag.toString(PersistentBag.java:622)
	at java.base/java.lang.String.valueOf(Unknown Source)
	at java.base/java.lang.StringBuilder.append(Unknown Source)
	at com.example.mail.model.Email.toString(Email.java:17)
	at java.base/java.lang.String.valueOf(Unknown Source)
	at java.base/java.lang.StringBuilder.append(Unknown Source)
	at com.example.mail.model.ContactAction.toString(ContactAction.java:15)
	at java.base/java.lang.String.valueOf(Unknown Source)
	at java.base/java.lang.StringBuilder.append(Unknown Source)
	at java.base/java.util.AbstractCollection.toString(Unknown Source)
	at org.hibernate.collection.internal.PersistentBag.toString(PersistentBag.java:622)
	at java.base/java.lang.String.valueOf(Unknown Source)
	at java.base/java.lang.StringBuilder.append(Unknown Source)
	at com.example.mail.model.Email.toString(Email.java:17)
	at java.base/java.lang.String.valueOf(Unknown Source)
	at java.base/java.lang.StringBuilder.append(Unknown Source)
	at com.example.mail.model.ContactAction.toString(ContactAction.java:15)
	at java.base/java.lang.String.valueOf(Unknown Source)
	at java.base/java.lang.StringBuilder.append(Unknown Source)
	at java.base/java.util.AbstractCollection.toString(Unknown Source)
	at org.hibernate.collection.internal.PersistentBag.toString(PersistentBag.java:622)
	at java.base/java.lang.String.valueOf(Unknown Source)
	at java.base/java.lang.StringBuilder.append(Unknown Source)
	at com.example.mail.model.Email.toString(Email.java:17)
	at java.base/java.lang.String.valueOf(Unknown Source)
	at java.base/java.lang.StringBuilder.append(Unknown Source)
	at com.example.mail.model.ContactAction.toString(ContactAction.java:15)
	at java.base/java.lang.String.valueOf(Unknown Source)
	at java.base/java.lang.StringBuilder.append(Unknown Source)
	at java.base/java.util.AbstractCollection.toString(Unknown Source)
	at org.hibernate.collection.internal.PersistentBag.toString(PersistentBag.java:622)
	at java.base/java.lang.String.valueOf(Unknown Source)
	at java.base/java.lang.StringBuilder.append(Unknown Source)
	at com.example.mail.model.Email.toString(Email.java:17)
	at java.base/java.lang.String.valueOf(Unknown Source)
	at java.base/java.lang.StringBuilder.append(Unknown Source)
	at com.example.mail.model.ContactAction.toString(ContactAction.java:15)
	at java.base/java.lang.String.valueOf(Unknown Source)
	at java.base/java.lang.StringBuilder.append(Unknown Source)
	at java.base/java.util.AbstractCollection.toString(Unknown Source)
	at org.hibernate.collection.internal.PersistentBag.toString(PersistentBag.java:622)
	at java.base/java.lang.String.valueOf(Unknown Source)
	at java.base/java.lang.StringBuilder.append(Unknown Source)
	at com.example.mail.model.Email.toString(Email.java:17)
	at java.base/java.lang.String.valueOf(Unknown Source)
	at java.base/java.lang.StringBuilder.append(Unknown Source)
	at com.example.mail.model.ContactAction.toString(ContactAction.java:15)
	at java.base/java.lang.String.valueOf(Unknown Source)
	at java.base/java.lang.StringBuilder.append(Unknown Source)
	at java.base/java.util.AbstractCollection.toString(Unknown Source)
	at org.hibernate.collection.internal.PersistentBag.toString(PersistentBag.java:622)
	at java.base/java.lang.String.valueOf(Unknown Source)
	at java.base/java.lang.StringBuilder.append(Unknown Source)
	at com.example.mail.model.Email.toString(Email.java:17)
	at java.base/java.lang.String.valueOf(Unknown Source)
	at java.base/java.lang.StringBuilder.append(Unknown Source)
	at com.example.mail.model.ContactAction.toString(ContactAction.java:15)
	at java.base/java.lang.String.valueOf(Unknown Source)
	at java.base/java.lang.StringBuilder.append(Unknown Source)
	at java.base/java.util.AbstractCollection.toString(Unknown Source)
	at org.hibernate.collection.internal.PersistentBag.toString(PersistentBag.java:622)
	at java.base/java.lang.String.valueOf(Unknown Source)
	at java.base/java.lang.StringBuilder.append(Unknown Source)
	at com.example.mail.model.Email.toString(Email.java:17)
	at java.base/java.lang.String.valueOf(Unknown Source)
	at java.base/java.lang.StringBuilder.append(Unknown Source)
	at com.example.mail.model.ContactAction.toString(ContactAction.java:15)
	at java.base/java.lang.String.valueOf(Unknown Source)
	at java.base/java.lang.StringBuilder.append(Unknown Source)
	at java.base/java.util.AbstractCollection.toString(Unknown Source)
	at org.hibernate.collection.internal.PersistentBag.toString(PersistentBag.java:622)
	at java.base/java.lang.String.valueOf(Unknown Source)
	at java.base/java.lang.StringBuilder.append(Unknown Source)
	at com.example.mail.model.Email.toString(Email.java:17)
	at java.base/java.lang.String.valueOf(Unknown Source)
	at java.base/java.lang.StringBuilder.append(Unknown Source)
	at com.example.mail.model.ContactAction.toString(ContactAction.java:15)
	at java.base/java.lang.String.valueOf(Unknown Source)
	at java.base/java.lang.StringBuilder.append(Unknown Source)
	at java.base/java.util.AbstractCollection.toString(Unknown Source)
	at org.hibernate.collection.internal.PersistentBag.toString(PersistentBag.java:622)
	at java.base/java.lang.String.valueOf(Unknown Source)
	at java.base/java.lang.StringBuilder.append(Unknown Source)
	at com.example.mail.model.Email.toString(Email.java:17)
	at java.base/java.lang.String.valueOf(Unknown Source)
	at java.base/java.lang.StringBuilder.append(Unknown Source)
	at com.example.mail.model.ContactAction.toString(ContactAction.java:15)
	at java.base/java.lang.String.valueOf(Unknown Source)
	at java.base/java.lang.StringBuilder.append(Unknown Source)
	at java.base/java.util.AbstractCollection.toString(Unknown Source)
	at org.hibernate.collection.internal.PersistentBag.toString(PersistentBag.java:622)
	at java.base/java.lang.String.valueOf(Unknown Source)
	at java.base/java.lang.StringBuilder.append(Unknown Source)
	at com.example.mail.model.Email.toString(Email.java:17)
	at java.base/java.lang.String.valueOf(Unknown Source)
	at java.base/java.lang.StringBuilder.append(Unknown Source)
	at com.example.mail.model.ContactAction.toString(ContactAction.java:15)
	at java.base/java.lang.String.valueOf(Unknown Source)
	at java.base/java.lang.StringBuilder.append(Unknown Source)
	at java.base/java.util.AbstractCollection.toString(Unknown Source)
	at org.hibernate.collection.internal.PersistentBag.toString(PersistentBag.java:622)
	at java.base/java.lang.String.valueOf(Unknown Source)
	at java.base/java.lang.StringBuilder.append(Unknown Source)
	at com.example.mail.model.Email.toString(Email.java:17)
	at java.base/java.lang.String.valueOf(Unknown Source)
	at java.base/java.lang.StringBuilder.append(Unknown Source)
	at com.example.mail.model.ContactAction.toString(ContactAction.java:15)
	at java.base/java.lang.String.valueOf(Unknown Source)
	at java.base/java.lang.StringBuilder.append(Unknown Source)
	at java.base/java.util.AbstractCollection.toString(Unknown Source)
	at org.hibernate.collection.internal.PersistentBag.toString(PersistentBag.java:622)
	at java.base/java.lang.String.valueOf(Unknown Source)
	at java.base/java.lang.StringBuilder.append(Unknown Source)
	at com.example.mail.model.Email.toString(Email.java:17)
	at java.base/java.lang.String.valueOf(Unknown Source)
	at java.base/java.lang.StringBuilder.append(Unknown Source)
	at com.example.mail.model.ContactAction.toString(ContactAction.java:15)
	at java.base/java.lang.String.valueOf(Unknown Source)
	at java.base/java.lang.StringBuilder.append(Unknown Source)
	at java.base/java.util.AbstractCollection.toString(Unknown Source)
	at org.hibernate.collection.internal.PersistentBag.toString(PersistentBag.java:622)
	at java.base/java.lang.String.valueOf(Unknown Source)
	at java.base/java.lang.StringBuilder.append(Unknown Source)
	at com.example.mail.model.Email.toString(Email.java:17)
	at java.base/java.lang.String.valueOf(Unknown Source)
	at java.base/java.lang.StringBuilder.append(Unknown Source)
	at com.example.mail.model.ContactAction.toString(ContactAction.java:15)
	at java.base/java.lang.String.valueOf(Unknown Source)
	at java.base/java.lang.StringBuilder.append(Unknown Source)
	at java.base/java.util.AbstractCollection.toString(Unknown Source)
	at org.hibernate.collection.internal.PersistentBag.toString(PersistentBag.java:622)
	at java.base/java.lang.String.valueOf(Unknown Source)
	at java.base/java.lang.StringBuilder.append(Unknown Source)
	at com.example.mail.model.Email.toString(Email.java:17)
	at java.base/java.lang.String.valueOf(Unknown Source)
	at java.base/java.lang.StringBuilder.append(Unknown Source)
	at com.example.mail.model.ContactAction.toString(ContactAction.java:15)
	at java.base/java.lang.String.valueOf(Unknown Source)
	at java.base/java.lang.StringBuilder.append(Unknown Source)
	at java.base/java.util.AbstractCollection.toString(Unknown Source)
	at org.hibernate.collection.internal.PersistentBag.toString(PersistentBag.java:622)
	at java.base/java.lang.String.valueOf(Unknown Source)
	at java.base/java.lang.StringBuilder.append(Unknown Source)
	at com.example.mail.model.Email.toString(Email.java:17)
	at java.base/java.lang.String.valueOf(Unknown Source)
	at java.base/java.lang.StringBuilder.append(Unknown Source)
	at com.example.mail.model.ContactAction.toString(ContactAction.java:15)
	at java.base/java.lang.String.valueOf(Unknown Source)
	at java.base/java.lang.StringBuilder.append(Unknown Source)
	at java.base/java.util.AbstractCollection.toString(Unknown Source)
	at org.hibernate.collection.internal.PersistentBag.toString(PersistentBag.java:622)
	at java.base/java.lang.String.valueOf(Unknown Source)
	at java.base/java.lang.StringBuilder.append(Unknown Source)
	at com.example.mail.model.Email.toString(Email.java:17)
	at java.base/java.lang.String.valueOf(Unknown Source)
	at java.base/java.lang.StringBuilder.append(Unknown Source)
	at com.example.mail.model.ContactAction.toString(ContactAction.java:15)
	at java.base/java.lang.String.valueOf(Unknown Source)
	at java.base/java.lang.StringBuilder.append(Unknown Source)
	at java.base/java.util.AbstractCollection.toString(Unknown Source)
	at org.hibernate.collection.internal.PersistentBag.toString(PersistentBag.java:622)
	at java.base/java.lang.String.valueOf(Unknown Source)
	at java.base/java.lang.StringBuilder.append(Unknown Source)
	at com.example.mail.model.Email.toString(Email.java:17)
	at java.base/java.lang.String.valueOf(Unknown Source)
	at java.base/java.lang.StringBuilder.append(Unknown Source)
	at com.example.mail.model.ContactAction.toString(ContactAction.java:15)
	at java.base/java.lang.String.valueOf(Unknown Source)
	at java.base/java.lang.StringBuilder.append(Unknown Source)
	at java.base/java.util.AbstractCollection.toString(Unknown Source)
	at org.hibernate.collection.internal.PersistentBag.toString(PersistentBag.java:622)
	at java.base/java.lang.String.valueOf(Unknown Source)
	at java.base/java.lang.StringBuilder.append(Unknown Source)
	at com.example.mail.model.Email.toString(Email.java:17)
	at java.base/java.lang.String.valueOf(Unknown Source)
	at java.base/java.lang.StringBuilder.append(Unknown Source)
	at com.example.mail.model.ContactAction.toString(ContactAction.java:15)
	at java.base/java.lang.String.valueOf(Unknown Source)
	at java.base/java.lang.StringBuilder.append(Unknown Source)
	at java.base/java.util.AbstractCollection.toString(Unknown Source)
	at org.hibernate.collection.internal.PersistentBag.toString(PersistentBag.java:622)
	at java.base/java.lang.String.valueOf(Unknown Source)
	at java.base/java.lang.StringBuilder.append(Unknown Source)
	at com.example.mail.model.Email.toString(Email.java:17)
	at java.base/java.lang.String.valueOf(Unknown Source)
	at java.base/java.lang.StringBuilder.append(Unknown Source)
	at com.example.mail.model.ContactAction.toString(ContactAction.java:15)
	at java.base/java.lang.String.valueOf(Unknown Source)
	at java.base/java.lang.StringBuilder.append(Unknown Source)
	at java.base/java.util.AbstractCollection.toString(Unknown Source)
	at org.hibernate.collection.internal.PersistentBag.toString(PersistentBag.java:622)
	at java.base/java.lang.String.valueOf(Unknown Source)
	at java.base/java.lang.StringBuilder.append(Unknown Source)
	at com.example.mail.model.Email.toString(Email.java:17)
	at java.base/java.lang.String.valueOf(Unknown Source)
	at java.base/java.lang.StringBuilder.append(Unknown Source)
	at com.example.mail.model.ContactAction.toString(ContactAction.java:15)
	at java.base/java.lang.String.valueOf(Unknown Source)
	at java.base/java.lang.StringBuilder.append(Unknown Source)
	at java.base/java.util.AbstractCollection.toString(Unknown Source)
	at org.hibernate.collection.internal.PersistentBag.toString(PersistentBag.java:622)
	at java.base/java.lang.String.valueOf(Unknown Source)
	at java.base/java.lang.StringBuilder.append(Unknown Source)
	at com.example.mail.model.Email.toString(Email.java:17)
	at java.base/java.lang.String.valueOf(Unknown Source)
	at java.base/java.lang.StringBuilder.append(Unknown Source)
	at com.example.mail.model.ContactAction.toString(ContactAction.java:15)
	at java.base/java.lang.String.valueOf(Unknown Source)
	at java.base/java.lang.StringBuilder.append(Unknown Source)
	at java.base/java.util.AbstractCollection.toString(Unknown Source)
	at org.hibernate.collection.internal.PersistentBag.toString(PersistentBag.java:622)
	at java.base/java.lang.String.valueOf(Unknown Source)
	at java.base/java.lang.StringBuilder.append(Unknown Source)
	at com.example.mail.model.Email.toString(Email.java:17)
	at java.base/java.lang.String.valueOf(Unknown Source)
	at java.base/java.lang.StringBuilder.append(Unknown Source)
	at com.example.mail.model.ContactAction.toString(ContactAction.java:15)
	at java.base/java.lang.String.valueOf(Unknown Source)
	at java.base/java.lang.StringBuilder.append(Unknown Source)
	at java.base/java.util.AbstractCollection.toString(Unknown Source)
	at org.hibernate.collection.internal.PersistentBag.toString(PersistentBag.java:622)
	at java.base/java.lang.String.valueOf(Unknown Source)
	at java.base/java.lang.StringBuilder.append(Unknown Source)
	at com.example.mail.model.Email.toString(Email.java:17)
	at java.base/java.lang.String.valueOf(Unknown Source)
	at java.base/java.lang.StringBuilder.append(Unknown Source)
	at com.example.mail.model.ContactAction.toString(ContactAction.java:15)
	at java.base/java.lang.String.valueOf(Unknown Source)
	at java.base/java.lang.StringBuilder.append(Unknown Source)
	at java.base/java.util.AbstractCollection.toString(Unknown Source)
	at org.hibernate.collection.internal.PersistentBag.toString(PersistentBag.java:622)
	at java.base/java.lang.String.valueOf(Unknown Source)
	at java.base/java.lang.StringBuilder.append(Unknown Source)
	at com.example.mail.model.Email.toString(Email.java:17)
	at java.base/java.lang.String.valueOf(Unknown Source)
	at java.base/java.lang.StringBuilder.append(Unknown Source)
	at com.example.mail.model.ContactAction.toString(ContactAction.java:15)
	at java.base/java.lang.String.valueOf(Unknown Source)
	at java.base/java.lang.StringBuilder.append(Unknown Source)
	at java.base/java.util.AbstractCollection.toString(Unknown Source)
	at org.hibernate.collection.internal.PersistentBag.toString(PersistentBag.java:622)
	at java.base/java.lang.String.valueOf(Unknown Source)
	at java.base/java.lang.StringBuilder.append(Unknown Source)
	at com.example.mail.model.Email.toString(Email.java:17)
	at java.base/java.lang.String.valueOf(Unknown Source)
	at java.base/java.lang.StringBuilder.append(Unknown Source)
	at com.example.mail.model.ContactAction.toString(ContactAction.java:15)
	at java.base/java.lang.String.valueOf(Unknown Source)
	at java.base/java.lang.StringBuilder.append(Unknown Source)
	at java.base/java.util.AbstractCollection.toString(Unknown Source)
	at org.hibernate.collection.internal.PersistentBag.toString(PersistentBag.java:622)
	at java.base/java.lang.String.valueOf(Unknown Source)
	at java.base/java.lang.StringBuilder.append(Unknown Source)
	at com.example.mail.model.Email.toString(Email.java:17)
	at java.base/java.lang.String.valueOf(Unknown Source)
	at java.base/java.lang.StringBuilder.append(Unknown Source)
	at com.example.mail.model.ContactAction.toString(ContactAction.java:15)
	at java.base/java.lang.String.valueOf(Unknown Source)
	at java.base/java.lang.StringBuilder.append(Unknown Source)
	at java.base/java.util.AbstractCollection.toString(Unknown Source)
	at org.hibernate.collection.internal.PersistentBag.toString(PersistentBag.java:622)
	at java.base/java.lang.String.valueOf(Unknown Source)
	at java.base/java.lang.StringBuilder.append(Unknown Source)
	at com.example.mail.model.Email.toString(Email.java:17)
	at java.base/java.lang.String.valueOf(Unknown Source)
	at java.base/java.lang.StringBuilder.append(Unknown Source)
	at com.example.mail.model.ContactAction.toString(ContactAction.java:15)
	at java.base/java.lang.String.valueOf(Unknown Source)
	at java.base/java.lang.StringBuilder.append(Unknown Source)
	at java.base/java.util.AbstractCollection.toString(Unknown Source)
	at org.hibernate.collection.internal.PersistentBag.toString(PersistentBag.java:622)
	at java.base/java.lang.String.valueOf(Unknown Source)
	at java.base/java.lang.StringBuilder.append(Unknown Source)
	at com.example.mail.model.Email.toString(Email.java:17)
	at java.base/java.lang.String.valueOf(Unknown Source)
	at java.base/java.lang.StringBuilder.append(Unknown Source)
	at com.example.mail.model.ContactAction.toString(ContactAction.java:15)
	at java.base/java.lang.String.valueOf(Unknown Source)
	at java.base/java.lang.StringBuilder.append(Unknown Source)
	at java.base/java.util.AbstractCollection.toString(Unknown Source)
	at org.hibernate.collection.internal.PersistentBag.toString(PersistentBag.java:622)
	at java.base/java.lang.String.valueOf(Unknown Source)
	at java.base/java.lang.StringBuilder.append(Unknown Source)
	at com.example.mail.model.Email.toString(Email.java:17)
	at java.base/java.lang.String.valueOf(Unknown Source)
	at java.base/java.lang.StringBuilder.append(Unknown Source)
	at com.example.mail.model.ContactAction.toString(ContactAction.java:15)
	at java.base/java.lang.String.valueOf(Unknown Source)
	at java.base/java.lang.StringBuilder.append(Unknown Source)
	at java.base/java.util.AbstractCollection.toString(Unknown Source)
	at org.hibernate.collection.internal.PersistentBag.toString(PersistentBag.java:622)
	at java.base/java.lang.String.valueOf(Unknown Source)
	at java.base/java.lang.StringBuilder.append(Unknown Source)
	at com.example.mail.model.Email.toString(Email.java:17)
	at java.base/java.lang.String.valueOf(Unknown Source)
	at java.base/java.lang.StringBuilder.append(Unknown Source)
	at com.example.mail.model.ContactAction.toString(ContactAction.java:15)
	at java.base/java.lang.String.valueOf(Unknown Source)
	at java.base/java.lang.StringBuilder.append(Unknown Source)
	at java.base/java.util.AbstractCollection.toString(Unknown Source)
	at org.hibernate.collection.internal.PersistentBag.toString(PersistentBag.java:622)
	at java.base/java.lang.String.valueOf(Unknown Source)
	at java.base/java.lang.StringBuilder.append(Unknown Source)
	at com.example.mail.model.Email.toString(Email.java:17)
	at java.base/java.lang.String.valueOf(Unknown Source)
	at java.base/java.lang.StringBuilder.append(Unknown Source)
	at com.example.mail.model.ContactAction.toString(ContactAction.java:15)
	at java.base/java.lang.String.valueOf(Unknown Source)
	at java.base/java.lang.StringBuilder.append(Unknown Source)
	at java.base/java.util.AbstractCollection.toString(Unknown Source)
	at org.hibernate.collection.internal.PersistentBag.toString(PersistentBag.java:622)
	at java.base/java.lang.String.valueOf(Unknown Source)
	at java.base/java.lang.StringBuilder.append(Unknown Source)
	at com.example.mail.model.Email.toString(Email.java:17)
	at java.base/java.lang.String.valueOf(Unknown Source)
	at java.base/java.lang.StringBuilder.append(Unknown Source)
	at com.example.mail.model.ContactAction.toString(ContactAction.java:15)
	at java.base/java.lang.String.valueOf(Unknown Source)
	at java.base/java.lang.StringBuilder.append(Unknown Source)
	at java.base/java.util.AbstractCollection.toString(Unknown Source)
	at org.hibernate.collection.internal.PersistentBag.toString(PersistentBag.java:622)
	at java.base/java.lang.String.valueOf(Unknown Source)
	at java.base/java.lang.StringBuilder.append(Unknown Source)
	at com.example.mail.model.Email.toString(Email.java:17)
	at java.base/java.lang.String.valueOf(Unknown Source)
	at java.base/java.lang.StringBuilder.append(Unknown Source)
	at com.example.mail.model.ContactAction.toString(ContactAction.java:15)
	at java.base/java.lang.String.valueOf(Unknown Source)
	at java.base/java.lang.StringBuilder.append(Unknown Source)
	at java.base/java.util.AbstractCollection.toString(Unknown Source)
	at org.hibernate.collection.internal.PersistentBag.toString(PersistentBag.java:622)
	at java.base/java.lang.String.valueOf(Unknown Source)
	at java.base/java.lang.StringBuilder.append(Unknown Source)
	at com.example.mail.model.Email.toString(Email.java:17)
	at java.base/java.lang.String.valueOf(Unknown Source)
	at java.base/java.lang.StringBuilder.append(Unknown Source)
	at com.example.mail.model.ContactAction.toString(ContactAction.java:15)
	at java.base/java.lang.String.valueOf(Unknown Source)
	at java.base/java.lang.StringBuilder.append(Unknown Source)
	at java.base/java.util.AbstractCollection.toString(Unknown Source)
	at org.hibernate.collection.internal.PersistentBag.toString(PersistentBag.java:622)
	at java.base/java.lang.String.valueOf(Unknown Source)
	at java.base/java.lang.StringBuilder.append(Unknown Source)
	at com.example.mail.model.Email.toString(Email.java:17)
	at java.base/java.lang.String.valueOf(Unknown Source)
	at java.base/java.lang.StringBuilder.append(Unknown Source)
	at com.example.mail.model.ContactAction.toString(ContactAction.java:15)
	at java.base/java.lang.String.valueOf(Unknown Source)
	at java.base/java.lang.StringBuilder.append(Unknown Source)
	at java.base/java.util.AbstractCollection.toString(Unknown Source)
	at org.hibernate.collection.internal.PersistentBag.toString(PersistentBag.java:622)
	at java.base/java.lang.String.valueOf(Unknown Source)
	at java.base/java.lang.StringBuilder.append(Unknown Source)
	at com.example.mail.model.Email.toString(Email.java:17)
	at java.base/java.lang.String.valueOf(Unknown Source)
	at java.base/java.lang.StringBuilder.append(Unknown Source)
	at com.example.mail.model.ContactAction.toString(ContactAction.java:15)
	at java.base/java.lang.String.valueOf(Unknown Source)
	at java.base/java.lang.StringBuilder.append(Unknown Source)
	at java.base/java.util.AbstractCollection.toString(Unknown Source)
	at org.hibernate.collection.internal.PersistentBag.toString(PersistentBag.java:622)
	at java.base/java.lang.String.valueOf(Unknown Source)
	at java.base/java.lang.StringBuilder.append(Unknown Source)
	at com.example.mail.model.Email.toString(Email.java:17)
	at java.base/java.lang.String.valueOf(Unknown Source)
	at java.base/java.lang.StringBuilder.append(Unknown Source)
	at com.example.mail.model.ContactAction.toString(ContactAction.java:15)
	at java.base/java.lang.String.valueOf(Unknown Source)
	at java.base/java.lang.StringBuilder.append(Unknown Source)
	at java.base/java.util.AbstractCollection.toString(Unknown Source)
	at org.hibernate.collection.internal.PersistentBag.toString(PersistentBag.java:622)
	at java.base/java.lang.String.valueOf(Unknown Source)
	at java.base/java.lang.StringBuilder.append(Unknown Source)
	at com.example.mail.model.Email.toString(Email.java:17)
	at java.base/java.lang.String.valueOf(Unknown Source)
	at java.base/java.lang.StringBuilder.append(Unknown Source)
	at com.example.mail.model.ContactAction.toString(ContactAction.java:15)
	at java.base/java.lang.String.valueOf(Unknown Source)
	at java.base/java.lang.StringBuilder.append(Unknown Source)
	at java.base/java.util.AbstractCollection.toString(Unknown Source)
	at org.hibernate.collection.internal.PersistentBag.toString(PersistentBag.java:622)
	at java.base/java.lang.String.valueOf(Unknown Source)
	at java.base/java.lang.StringBuilder.append(Unknown Source)
	at com.example.mail.model.Email.toString(Email.java:17)
	at java.base/java.lang.String.valueOf(Unknown Source)
	at java.base/java.lang.StringBuilder.append(Unknown Source)
	at com.example.mail.model.ContactAction.toString(ContactAction.java:15)
	at java.base/java.lang.String.valueOf(Unknown Source)
	at java.base/java.lang.StringBuilder.append(Unknown Source)
	at java.base/java.util.AbstractCollection.toString(Unknown Source)
	at org.hibernate.collection.internal.PersistentBag.toString(PersistentBag.java:622)
	at java.base/java.lang.String.valueOf(Unknown Source)
	at java.base/java.lang.StringBuilder.append(Unknown Source)
	at com.example.mail.model.Email.toString(Email.java:17)
	at java.base/java.lang.String.valueOf(Unknown Source)
	at java.base/java.lang.StringBuilder.append(Unknown Source)
	at com.example.mail.model.ContactAction.toString(ContactAction.java:15)
	at java.base/java.lang.String.valueOf(Unknown Source)
	at java.base/java.lang.StringBuilder.append(Unknown Source)
	at java.base/java.util.AbstractCollection.toString(Unknown Source)
	at org.hibernate.collection.internal.PersistentBag.toString(PersistentBag.java:622)
	at java.base/java.lang.String.valueOf(Unknown Source)
	at java.base/java.lang.StringBuilder.append(Unknown Source)
	at com.example.mail.model.Email.toString(Email.java:17)
	at java.base/java.lang.String.valueOf(Unknown Source)
	at java.base/java.lang.StringBuilder.append(Unknown Source)
	at com.example.mail.model.ContactAction.toString(ContactAction.java:15)
	at java.base/java.lang.String.valueOf(Unknown Source)
	at java.base/java.lang.StringBuilder.append(Unknown Source)
	at java.base/java.util.AbstractCollection.toString(Unknown Source)
	at org.hibernate.collection.internal.PersistentBag.toString(PersistentBag.java:622)
	at java.base/java.lang.String.valueOf(Unknown Source)
	at java.base/java.lang.StringBuilder.append(Unknown Source)
	at com.example.mail.model.Email.toString(Email.java:17)
	at java.base/java.lang.String.valueOf(Unknown Source)
	at java.base/java.lang.StringBuilder.append(Unknown Source)
	at com.example.mail.model.ContactAction.toString(ContactAction.java:15)
	at java.base/java.lang.String.valueOf(Unknown Source)
	at java.base/java.lang.StringBuilder.append(Unknown Source)
	at java.base/java.util.AbstractCollection.toString(Unknown Source)
	at org.hibernate.collection.internal.PersistentBag.toString(PersistentBag.java:622)
	at java.base/java.lang.String.valueOf(Unknown Source)
	at java.base/java.lang.StringBuilder.append(Unknown Source)
	at com.example.mail.model.Email.toString(Email.java:17)
	at java.base/java.lang.String.valueOf(Unknown Source)
	at java.base/java.lang.StringBuilder.append(Unknown Source)
	at com.example.mail.model.ContactAction.toString(ContactAction.java:15)
	at java.base/java.lang.String.valueOf(Unknown Source)
	at java.base/java.lang.StringBuilder.append(Unknown Source)
	at java.base/java.util.AbstractCollection.toString(Unknown Source)
	at org.hibernate.collection.internal.PersistentBag.toString(PersistentBag.java:622)
	at java.base/java.lang.String.valueOf(Unknown Source)
	at java.base/java.lang.StringBuilder.append(Unknown Source)
	at com.example.mail.model.Email.toString(Email.java:17)
	at java.base/java.lang.String.valueOf(Unknown Source)
	at java.base/java.lang.StringBuilder.append(Unknown Source)
	at com.example.mail.model.ContactAction.toString(ContactAction.java:15)
	at java.base/java.lang.String.valueOf(Unknown Source)
	at java.base/java.lang.StringBuilder.append(Unknown Source)
	at java.base/java.util.AbstractCollection.toString(Unknown Source)
	at org.hibernate.collection.internal.PersistentBag.toString(PersistentBag.java:622)
	at java.base/java.lang.String.valueOf(Unknown Source)
	at java.base/java.lang.StringBuilder.append(Unknown Source)
	at com.example.mail.model.Email.toString(Email.java:17)
	at java.base/java.lang.String.valueOf(Unknown Source)
	at java.base/java.lang.StringBuilder.append(Unknown Source)
	at com.example.mail.model.ContactAction.toString(ContactAction.java:15)
	at java.base/java.lang.String.valueOf(Unknown Source)
	at java.base/java.lang.StringBuilder.append(Unknown Source)
	at java.base/java.util.AbstractCollection.toString(Unknown Source)
	at org.hibernate.collection.internal.PersistentBag.toString(PersistentBag.java:622)
	at java.base/java.lang.String.valueOf(Unknown Source)
	at java.base/java.lang.StringBuilder.append(Unknown Source)
	at com.example.mail.model.Email.toString(Email.java:17)
	at java.base/java.lang.String.valueOf(Unknown Source)
	at java.base/java.lang.StringBuilder.append(Unknown Source)
	at com.example.mail.model.ContactAction.toString(ContactAction.java:15)
	at java.base/java.lang.String.valueOf(Unknown Source)
	at java.base/java.lang.StringBuilder.append(Unknown Source)
	at java.base/java.util.AbstractCollection.toString(Unknown Source)
	at org.hibernate.collection.internal.PersistentBag.toString(PersistentBag.java:622)
	at java.base/java.lang.String.valueOf(Unknown Source)
	at java.base/java.lang.StringBuilder.append(Unknown Source)
	at com.example.mail.model.Email.toString(Email.java:17)
	at java.base/java.lang.String.valueOf(Unknown Source)
	at java.base/java.lang.StringBuilder.append(Unknown Source)
	at com.example.mail.model.ContactAction.toString(ContactAction.java:15)
	at java.base/java.lang.String.valueOf(Unknown Source)
	at java.base/java.lang.StringBuilder.append(Unknown Source)
	at java.base/java.util.AbstractCollection.toString(Unknown Source)
	at org.hibernate.collection.internal.PersistentBag.toString(PersistentBag.java:622)
	at java.base/java.lang.String.valueOf(Unknown Source)
	at java.base/java.lang.StringBuilder.append(Unknown Source)
	at com.example.mail.model.Email.toString(Email.java:17)
	at java.base/java.lang.String.valueOf(Unknown Source)
	at java.base/java.lang.StringBuilder.append(Unknown Source)
	at com.example.mail.model.ContactAction.toString(ContactAction.java:15)
	at java.base/java.lang.String.valueOf(Unknown Source)
	at java.base/java.lang.StringBuilder.append(Unknown Source)
	at java.base/java.util.AbstractCollection.toString(Unknown Source)
	at org.hibernate.collection.internal.PersistentBag.toString(PersistentBag.java:622)
	at java.base/java.lang.String.valueOf(Unknown Source)
	at java.base/java.lang.StringBuilder.append(Unknown Source)
	at com.example.mail.model.Email.toString(Email.java:17)
	at java.base/java.lang.String.valueOf(Unknown Source)
	at java.base/java.lang.StringBuilder.append(Unknown Source)
	at com.example.mail.model.ContactAction.toString(ContactAction.java:15)
	at java.base/java.lang.String.valueOf(Unknown Source)
	at java.base/java.lang.StringBuilder.append(Unknown Source)
	at java.base/java.util.AbstractCollection.toString(Unknown Source)
	at org.hibernate.collection.internal.PersistentBag.toString(PersistentBag.java:622)
	at java.base/java.lang.String.valueOf(Unknown Source)
	at java.base/java.lang.StringBuilder.append(Unknown Source)
	at com.example.mail.model.Email.toString(Email.java:17)
	at java.base/java.lang.String.valueOf(Unknown Source)
	at java.base/java.lang.StringBuilder.append(Unknown Source)
	at com.example.mail.model.ContactAction.toString(ContactAction.java:15)
	at java.base/java.lang.String.valueOf(Unknown Source)
	at java.base/java.lang.StringBuilder.append(Unknown Source)
	at java.base/java.util.AbstractCollection.toString(Unknown Source)
	at org.hibernate.collection.internal.PersistentBag.toString(PersistentBag.java:622)
	at java.base/java.lang.String.valueOf(Unknown Source)
	at java.base/java.lang.StringBuilder.append(Unknown Source)
	at com.example.mail.model.Email.toString(Email.java:17)
	at java.base/java.lang.String.valueOf(Unknown Source)
	at java.base/java.lang.StringBuilder.append(Unknown Source)
	at com.example.mail.model.ContactAction.toString(ContactAction.java:15)
	at java.base/java.lang.String.valueOf(Unknown Source)
	at java.base/java.lang.StringBuilder.append(Unknown Source)
	at java.base/java.util.AbstractCollection.toString(Unknown Source)
	at org.hibernate.collection.internal.PersistentBag.toString(PersistentBag.java:622)
	at java.base/java.lang.String.valueOf(Unknown Source)
	at java.base/java.lang.StringBuilder.append(Unknown Source)
	at com.example.mail.model.Email.toString(Email.java:17)
	at java.base/java.lang.String.valueOf(Unknown Source)
	at java.base/java.lang.StringBuilder.append(Unknown Source)
	at com.example.mail.model.ContactAction.toString(ContactAction.java:15)
	at java.base/java.lang.String.valueOf(Unknown Source)
	at java.base/java.lang.StringBuilder.append(Unknown Source)
	at java.base/java.util.AbstractCollection.toString(Unknown Source)
	at org.hibernate.collection.internal.PersistentBag.toString(PersistentBag.java:622)
	at java.base/java.lang.String.valueOf(Unknown Source)
	at java.base/java.lang.StringBuilder.append(Unknown Source)
	at com.example.mail.model.Email.toString(Email.java:17)
	at java.base/java.lang.String.valueOf(Unknown Source)
	at java.base/java.lang.StringBuilder.append(Unknown Source)
	at com.example.mail.model.ContactAction.toString(ContactAction.java:15)
	at java.base/java.lang.String.valueOf(Unknown Source)
	at java.base/java.lang.StringBuilder.append(Unknown Source)
	at java.base/java.util.AbstractCollection.toString(Unknown Source)
	at org.hibernate.collection.internal.PersistentBag.toString(PersistentBag.java:622)
	at java.base/java.lang.String.valueOf(Unknown Source)
	at java.base/java.lang.StringBuilder.append(Unknown Source)
	at com.example.mail.model.Email.toString(Email.java:17)
	at java.base/java.lang.String.valueOf(Unknown Source)
	at java.base/java.lang.StringBuilder.append(Unknown Source)
	at com.example.mail.model.ContactAction.toString(ContactAction.java:15)
	at java.base/java.lang.String.valueOf(Unknown Source)
	at java.base/java.lang.StringBuilder.append(Unknown Source)
	at java.base/java.util.AbstractCollection.toString(Unknown Source)
	at org.hibernate.collection.internal.PersistentBag.toString(PersistentBag.java:622)
	at java.base/java.lang.String.valueOf(Unknown Source)
	at java.base/java.lang.StringBuilder.append(Unknown Source)
	at com.example.mail.model.Email.toString(Email.java:17)
	at java.base/java.lang.String.valueOf(Unknown Source)
	at java.base/java.lang.StringBuilder.append(Unknown Source)
	at com.example.mail.model.ContactAction.toString(ContactAction.java:15)
	at java.base/java.lang.String.valueOf(Unknown Source)
	at java.base/java.lang.StringBuilder.append(Unknown Source)
	at java.base/java.util.AbstractCollection.toString(Unknown Source)
	at org.hibernate.collection.internal.PersistentBag.toString(PersistentBag.java:622)
	at java.base/java.lang.String.valueOf(Unknown Source)
	at java.base/java.lang.StringBuilder.append(Unknown Source)
	at com.example.mail.model.Email.toString(Email.java:17)
	at java.base/java.lang.String.valueOf(Unknown Source)
	at java.base/java.lang.StringBuilder.append(Unknown Source)
	at com.example.mail.model.ContactAction.toString(ContactAction.java:15)
	at java.base/java.lang.String.valueOf(Unknown Source)
	at java.base/java.lang.StringBuilder.append(Unknown Source)
	at java.base/java.util.AbstractCollection.toString(Unknown Source)
	at org.hibernate.collection.internal.PersistentBag.toString(PersistentBag.java:622)
	at java.base/java.lang.String.valueOf(Unknown Source)
	at java.base/java.lang.StringBuilder.append(Unknown Source)
	at com.example.mail.model.Email.toString(Email.java:17)
	at java.base/java.lang.String.valueOf(Unknown Source)
	at java.base/java.lang.StringBuilder.append(Unknown Source)
	at com.example.mail.model.ContactAction.toString(ContactAction.java:15)
	at java.base/java.lang.String.valueOf(Unknown Source)
	at java.base/java.lang.StringBuilder.append(Unknown Source)
	at java.base/java.util.AbstractCollection.toString(Unknown Source)
	at org.hibernate.collection.internal.PersistentBag.toString(PersistentBag.java:622)
	at java.base/java.lang.String.valueOf(Unknown Source)
	at java.base/java.lang.StringBuilder.append(Unknown Source)
	at com.example.mail.model.Email.toString(Email.java:17)
	at java.base/java.lang.String.valueOf(Unknown Source)
	at java.base/java.lang.StringBuilder.append(Unknown Source)
	at com.example.mail.model.ContactAction.toString(ContactAction.java:15)
	at java.base/java.lang.String.valueOf(Unknown Source)
	at java.base/java.lang.StringBuilder.append(Unknown Source)
	at java.base/java.util.AbstractCollection.toString(Unknown Source)
	at org.hibernate.collection.internal.PersistentBag.toString(PersistentBag.java:622)
	at java.base/java.lang.String.valueOf(Unknown Source)
	at java.base/java.lang.StringBuilder.append(Unknown Source)
	at com.example.mail.model.Email.toString(Email.java:17)
	at java.base/java.lang.String.valueOf(Unknown Source)
	at java.base/java.lang.StringBuilder.append(Unknown Source)
	at com.example.mail.model.ContactAction.toString(ContactAction.java:15)
	at java.base/java.lang.String.valueOf(Unknown Source)
	at java.base/java.lang.StringBuilder.append(Unknown Source)
	at java.base/java.util.AbstractCollection.toString(Unknown Source)
	at org.hibernate.collection.internal.PersistentBag.toString(PersistentBag.java:622)
	at java.base/java.lang.String.valueOf(Unknown Source)
	at java.base/java.lang.StringBuilder.append(Unknown Source)
	at com.example.mail.model.Email.toString(Email.java:17)
	at java.base/java.lang.String.valueOf(Unknown Source)
	at java.base/java.lang.StringBuilder.append(Unknown Source)
	at com.example.mail.model.ContactAction.toString(ContactAction.java:15)
	at java.base/java.lang.String.valueOf(Unknown Source)
	at java.base/java.lang.StringBuilder.append(Unknown Source)
	at java.base/java.util.AbstractCollection.toString(Unknown Source)
	at org.hibernate.collection.internal.PersistentBag.toString(PersistentBag.java:622)
	at java.base/java.lang.String.valueOf(Unknown Source)
	at java.base/java.lang.StringBuilder.append(Unknown Source)
	at com.example.mail.model.Email.toString(Email.java:17)
	at java.base/java.lang.String.valueOf(Unknown Source)
	at java.base/java.lang.StringBuilder.append(Unknown Source)
	at com.example.mail.model.ContactAction.toString(ContactAction.java:15)
	at java.base/java.lang.String.valueOf(Unknown Source)
	at java.base/java.lang.StringBuilder.append(Unknown Source)
	at java.base/java.util.AbstractCollection.toString(Unknown Source)
	at org.hibernate.collection.internal.PersistentBag.toString(PersistentBag.java:622)
	at java.base/java.lang.String.valueOf(Unknown Source)
	at java.base/java.lang.StringBuilder.append(Unknown Source)
	at com.example.mail.model.Email.toString(Email.java:17)
	at java.base/java.lang.String.valueOf(Unknown Source)
	at java.base/java.lang.StringBuilder.append(Unknown Source)
	at com.example.mail.model.ContactAction.toString(ContactAction.java:15)
	at java.base/java.lang.String.valueOf(Unknown Source)
	at java.base/java.lang.StringBuilder.append(Unknown Source)
	at java.base/java.util.AbstractCollection.toString(Unknown Source)
	at org.hibernate.collection.internal.PersistentBag.toString(PersistentBag.java:622)
	at java.base/java.lang.String.valueOf(Unknown Source)
	at java.base/java.lang.StringBuilder.append(Unknown Source)
	at com.example.mail.model.Email.toString(Email.java:17)
	at java.base/java.lang.String.valueOf(Unknown Source)
	at java.base/java.lang.StringBuilder.append(Unknown Source)
	at com.example.mail.model.ContactAction.toString(ContactAction.java:15)
	at java.base/java.lang.String.valueOf(Unknown Source)
	at java.base/java.lang.StringBuilder.append(Unknown Source)
	at java.base/java.util.AbstractCollection.toString(Unknown Source)
	at org.hibernate.collection.internal.PersistentBag.toString(PersistentBag.java:622)
	at java.base/java.lang.String.valueOf(Unknown Source)
	at java.base/java.lang.StringBuilder.append(Unknown Source)
	at com.example.mail.model.Email.toString(Email.java:17)
	at java.base/java.lang.String.valueOf(Unknown Source)
	at java.base/java.lang.StringBuilder.append(Unknown Source)
	at com.example.mail.model.ContactAction.toString(ContactAction.java:15)
	at java.base/java.lang.String.valueOf(Unknown Source)
	at java.base/java.lang.StringBuilder.append(Unknown Source)
	at java.base/java.util.AbstractCollection.toString(Unknown Source)
	at org.hibernate.collection.internal.PersistentBag.toString(PersistentBag.java:622)
	at java.base/java.lang.String.valueOf(Unknown Source)
	at java.base/java.lang.StringBuilder.append(Unknown Source)
	at com.example.mail.model.Email.toString(Email.java:17)
	at java.base/java.lang.String.valueOf(Unknown Source)
	at java.base/java.lang.StringBuilder.append(Unknown Source)
	at com.example.mail.model.ContactAction.toString(ContactAction.java:15)
	at java.base/java.lang.String.valueOf(Unknown Source)
	at java.base/java.lang.StringBuilder.append(Unknown Source)
	at java.base/java.util.AbstractCollection.toString(Unknown Source)
	at org.hibernate.collection.internal.PersistentBag.toString(PersistentBag.java:622)
	at java.base/java.lang.String.valueOf(Unknown Source)
	at java.base/java.lang.StringBuilder.append(Unknown Source)
	at com.example.mail.model.Email.toString(Email.java:17)
	at java.base/java.lang.String.valueOf(Unknown Source)
	at java.base/java.lang.StringBuilder.append(Unknown Source)
	at com.example.mail.model.ContactAction.toString(ContactAction.java:15)
	at java.base/java.lang.String.valueOf(Unknown Source)
	at java.base/java.lang.StringBuilder.append(Unknown Source)
	at java.base/java.util.AbstractCollection.toString(Unknown Source)
	at org.hibernate.collection.internal.PersistentBag.toString(PersistentBag.java:622)
	at java.base/java.lang.String.valueOf(Unknown Source)
	at java.base/java.lang.StringBuilder.append(Unknown Source)
	at com.example.mail.model.Email.toString(Email.java:17)
	at java.base/java.lang.String.valueOf(Unknown Source)
	at java.base/java.lang.StringBuilder.append(Unknown Source)
	at com.example.mail.model.ContactAction.toString(ContactAction.java:15)
	at java.base/java.lang.String.valueOf(Unknown Source)
	at java.base/java.lang.StringBuilder.append(Unknown Source)
	at java.base/java.util.AbstractCollection.toString(Unknown Source)
	at org.hibernate.collection.internal.PersistentBag.toString(PersistentBag.java:622)
	at java.base/java.lang.String.valueOf(Unknown Source)
	at java.base/java.lang.StringBuilder.append(Unknown Source)
	at com.example.mail.model.Email.toString(Email.java:17)
	at java.base/java.lang.String.valueOf(Unknown Source)
	at java.base/java.lang.StringBuilder.append(Unknown Source)
	at com.example.mail.model.ContactAction.toString(ContactAction.java:15)
	at java.base/java.lang.String.valueOf(Unknown Source)
	at java.base/java.lang.StringBuilder.append(Unknown Source)
	at java.base/java.util.AbstractCollection.toString(Unknown Source)
	at org.hibernate.collection.internal.PersistentBag.toString(PersistentBag.java:622)
	at java.base/java.lang.String.valueOf(Unknown Source)
	at java.base/java.lang.StringBuilder.append(Unknown Source)
	at com.example.mail.model.Email.toString(Email.java:17)
	at java.base/java.lang.String.valueOf(Unknown Source)
	at java.base/java.lang.StringBuilder.append(Unknown Source)
	at com.example.mail.model.ContactAction.toString(ContactAction.java:15)
	at java.base/java.lang.String.valueOf(Unknown Source)
	at java.base/java.lang.StringBuilder.append(Unknown Source)
	at java.base/java.util.AbstractCollection.toString(Unknown Source)
	at org.hibernate.collection.internal.PersistentBag.toString(PersistentBag.java:622)
	at java.base/java.lang.String.valueOf(Unknown Source)
	at java.base/java.lang.StringBuilder.append(Unknown Source)
	at com.example.mail.model.Email.toString(Email.java:17)
	at java.base/java.lang.String.valueOf(Unknown Source)
	at java.base/java.lang.StringBuilder.append(Unknown Source)
	at com.example.mail.model.ContactAction.toString(ContactAction.java:15)
	at java.base/java.lang.String.valueOf(Unknown Source)
	at java.base/java.lang.StringBuilder.append(Unknown Source)
	at java.base/java.util.AbstractCollection.toString(Unknown Source)
	at org.hibernate.collection.internal.PersistentBag.toString(PersistentBag.java:622)
	at java.base/java.lang.String.valueOf(Unknown Source)
	at java.base/java.lang.StringBuilder.append(Unknown Source)
	at com.example.mail.model.Email.toString(Email.java:17)
	at java.base/java.lang.String.valueOf(Unknown Source)
	at java.base/java.lang.StringBuilder.append(Unknown Source)
	at com.example.mail.model.ContactAction.toString(ContactAction.java:15)
	at java.base/java.lang.String.valueOf(Unknown Source)
	at java.base/java.lang.StringBuilder.append(Unknown Source)
	at java.base/java.util.AbstractCollection.toString(Unknown Source)
	at org.hibernate.collection.internal.PersistentBag.toString(PersistentBag.java:622)
	at java.base/java.lang.String.valueOf(Unknown Source)
	at java.base/java.lang.StringBuilder.append(Unknown Source)
	at com.example.mail.model.Email.toString(Email.java:17)
	at java.base/java.lang.String.valueOf(Unknown Source)
	at java.base/java.lang.StringBuilder.append(Unknown Source)
	at com.example.mail.model.ContactAction.toString(ContactAction.java:15)
	at java.base/java.lang.String.valueOf(Unknown Source)
	at java.base/java.lang.StringBuilder.append(Unknown Source)
	at java.base/java.util.AbstractCollection.toString(Unknown Source)
	at org.hibernate.collection.internal.PersistentBag.toString(PersistentBag.java:622)
	at java.base/java.lang.String.valueOf(Unknown Source)
	at java.base/java.lang.StringBuilder.append(Unknown Source)
	at com.example.mail.model.Email.toString(Email.java:17)
	at java.base/java.lang.String.valueOf(Unknown Source)
	at java.base/java.lang.StringBuilder.append(Unknown Source)
	at com.example.mail.model.ContactAction.toString(ContactAction.java:15)
	at java.base/java.lang.String.valueOf(Unknown Source)
	at java.base/java.lang.StringBuilder.append(Unknown Source)
	at java.base/java.util.AbstractCollection.toString(Unknown Source)
	at org.hibernate.collection.internal.PersistentBag.toString(PersistentBag.java:622)
	at java.base/java.lang.String.valueOf(Unknown Source)
	at java.base/java.lang.StringBuilder.append(Unknown Source)
	at com.example.mail.model.Email.toString(Email.java:17)
	at java.base/java.lang.String.valueOf(Unknown Source)
	at java.base/java.lang.StringBuilder.append(Unknown Source)
	at com.example.mail.model.ContactAction.toString(ContactAction.java:15)
	at java.base/java.lang.String.valueOf(Unknown Source)
	at java.base/java.lang.StringBuilder.append(Unknown Source)
	at java.base/java.util.AbstractCollection.toString(Unknown Source)
	at org.hibernate.collection.internal.PersistentBag.toString(PersistentBag.java:622)
	at java.base/java.lang.String.valueOf(Unknown Source)
	at java.base/java.lang.StringBuilder.append(Unknown Source)
	at com.example.mail.model.Email.toString(Email.java:17)
	at java.base/java.lang.String.valueOf(Unknown Source)
	at java.base/java.lang.StringBuilder.append(Unknown Source)
26-07-21 14:01:27.537 [main] INFO  com.example.mail.MailApplication - Starting MailApplication using Java 21.0.11 on Gaurang-Parmar with PID 13200 (C:\Users\AMD\Desktop\Email AACC\sbi-email-service-backend-main\target\classes started by AMD in C:\Users\AMD\Desktop\Email AACC\sbi-email-service-backend-main)
26-07-21 14:01:27.539 [main] INFO  com.example.mail.MailApplication - The following 1 profile is active: "dev"
26-07-21 14:01:28.365 [main] INFO  o.s.d.r.c.RepositoryConfigurationDelegate - Bootstrapping Spring Data JPA repositories in DEFAULT mode.
26-07-21 14:01:28.443 [main] INFO  o.s.d.r.c.RepositoryConfigurationDelegate - Finished Spring Data repository scanning in 71 ms. Found 7 JPA repository interfaces.
26-07-21 14:01:29.315 [main] INFO  o.s.b.w.e.tomcat.TomcatWebServer - Tomcat initialized with port(s): 8081 (http)
26-07-21 14:01:29.329 [main] INFO  o.a.coyote.http11.Http11NioProtocol - Initializing ProtocolHandler ["http-nio-8081"]
26-07-21 14:01:29.332 [main] INFO  o.a.catalina.core.StandardService - Starting service [Tomcat]
26-07-21 14:01:29.332 [main] INFO  o.a.catalina.core.StandardEngine - Starting Servlet engine: [Apache Tomcat/9.0.83]
26-07-21 14:01:29.478 [main] INFO  o.a.c.c.C.[Tomcat].[localhost].[/] - Initializing Spring embedded WebApplicationContext
26-07-21 14:01:29.478 [main] INFO  o.s.b.w.s.c.ServletWebServerApplicationContext - Root WebApplicationContext: initialization completed in 1889 ms
26-07-21 14:01:29.778 [main] INFO  o.h.jpa.internal.util.LogHelper - HHH000204: Processing PersistenceUnitInfo [name: default]
26-07-21 14:01:29.827 [main] INFO  org.hibernate.Version - HHH000412: Hibernate ORM core version 5.6.15.Final
26-07-21 14:01:29.970 [main] INFO  o.h.annotations.common.Version - HCANN000001: Hibernate Commons Annotations {5.1.2.Final}
26-07-21 14:01:30.312 [main] INFO  org.hibernate.dialect.Dialect - HHH000400: Using dialect: org.hibernate.dialect.SQLServerDialect
26-07-21 14:01:31.147 [main] INFO  o.h.e.t.j.p.i.JtaPlatformInitiator - HHH000490: Using JtaPlatform implementation: [org.hibernate.engine.transaction.jta.platform.internal.NoJtaPlatform]
26-07-21 14:01:31.155 [main] INFO  o.s.o.j.LocalContainerEntityManagerFactoryBean - Initialized JPA EntityManagerFactory for persistence unit 'default'
26-07-21 14:01:32.946 [main] WARN  o.s.b.a.o.j.JpaBaseConfiguration$JpaWebConfiguration - spring.jpa.open-in-view is enabled by default. Therefore, database queries may be performed during view rendering. Explicitly configure spring.jpa.open-in-view to disable this warning
26-07-21 14:01:33.946 [main] INFO  o.a.coyote.http11.Http11NioProtocol - Starting ProtocolHandler ["http-nio-8081"]
26-07-21 14:01:33.968 [main] INFO  o.s.b.w.e.tomcat.TomcatWebServer - Tomcat started on port(s): 8081 (http) with context path ''
26-07-21 14:01:34.251 [main] INFO  com.example.mail.MailApplication - Started MailApplication in 7.094 seconds (JVM running for 7.79)
26-07-21 14:01:45.161 [http-nio-8081-exec-2] INFO  o.a.c.c.C.[Tomcat].[localhost].[/] - Initializing Spring DispatcherServlet 'dispatcherServlet'
26-07-21 14:01:45.161 [http-nio-8081-exec-2] INFO  o.s.web.servlet.DispatcherServlet - Initializing Servlet 'dispatcherServlet'
26-07-21 14:01:45.162 [http-nio-8081-exec-2] INFO  o.s.web.servlet.DispatcherServlet - Completed initialization in 1 ms
26-07-21 14:02:15.775 [http-nio-8081-exec-2] ERROR o.a.c.c.C.[.[.[.[dispatcherServlet] - Servlet.service() for servlet [dispatcherServlet] in context with path [] threw exception [Handler dispatch failed; nested exception is java.lang.StackOverflowError] with root cause
java.lang.StackOverflowError: null
	at java.base/java.lang.AbstractStringBuilder.<init>(Unknown Source)
	at java.base/java.lang.StringBuilder.<init>(Unknown Source)
	at com.example.mail.model.ContactAction.toString(ContactAction.java:15)
	at java.base/java.lang.String.valueOf(Unknown Source)
	at java.base/java.lang.StringBuilder.append(Unknown Source)
	at java.base/java.util.AbstractCollection.toString(Unknown Source)
	at org.hibernate.collection.internal.PersistentBag.toString(PersistentBag.java:622)
	at java.base/java.lang.String.valueOf(Unknown Source)
	at java.base/java.lang.StringBuilder.append(Unknown Source)
	at com.example.mail.model.Email.toString(Email.java:17)
	at java.base/java.lang.String.valueOf(Unknown Source)
	at java.base/java.lang.StringBuilder.append(Unknown Source)
	at com.example.mail.model.ContactAction.toString(ContactAction.java:15)
	at java.base/java.lang.String.valueOf(Unknown Source)
	at java.base/java.lang.StringBuilder.append(Unknown Source)
	at java.base/java.util.AbstractCollection.toString(Unknown Source)
	at org.hibernate.collection.internal.PersistentBag.toString(PersistentBag.java:622)
	at java.base/java.lang.String.valueOf(Unknown Source)
	at java.base/java.lang.StringBuilder.append(Unknown Source)
	at com.example.mail.model.Email.toString(Email.java:17)
	at java.base/java.lang.String.valueOf(Unknown Source)
	at java.base/java.lang.StringBuilder.append(Unknown Source)
	at com.example.mail.model.ContactAction.toString(ContactAction.java:15)
	at java.base/java.lang.String.valueOf(Unknown Source)
	at java.base/java.lang.StringBuilder.append(Unknown Source)
	at java.base/java.util.AbstractCollection.toString(Unknown Source)
	at org.hibernate.collection.internal.PersistentBag.toString(PersistentBag.java:622)
	at java.base/java.lang.String.valueOf(Unknown Source)
	at java.base/java.lang.StringBuilder.append(Unknown Source)
	at com.example.mail.model.Email.toString(Email.java:17)
	at java.base/java.lang.String.valueOf(Unknown Source)
	at java.base/java.lang.StringBuilder.append(Unknown Source)
	at com.example.mail.model.ContactAction.toString(ContactAction.java:15)
	at java.base/java.lang.String.valueOf(Unknown Source)
	at java.base/java.lang.StringBuilder.append(Unknown Source)
	at java.base/java.util.AbstractCollection.toString(Unknown Source)
	at org.hibernate.collection.internal.PersistentBag.toString(PersistentBag.java:622)
	at java.base/java.lang.String.valueOf(Unknown Source)
	at java.base/java.lang.StringBuilder.append(Unknown Source)
	at com.example.mail.model.Email.toString(Email.java:17)
	at java.base/java.lang.String.valueOf(Unknown Source)
	at java.base/java.lang.StringBuilder.append(Unknown Source)
	at com.example.mail.model.ContactAction.toString(ContactAction.java:15)
	at java.base/java.lang.String.valueOf(Unknown Source)
	at java.base/java.lang.StringBuilder.append(Unknown Source)
	at java.base/java.util.AbstractCollection.toString(Unknown Source)
	at org.hibernate.collection.internal.PersistentBag.toString(PersistentBag.java:622)
	at java.base/java.lang.String.valueOf(Unknown Source)
	at java.base/java.lang.StringBuilder.append(Unknown Source)
	at com.example.mail.model.Email.toString(Email.java:17)
	at java.base/java.lang.String.valueOf(Unknown Source)
	at java.base/java.lang.StringBuilder.append(Unknown Source)
	at com.example.mail.model.ContactAction.toString(ContactAction.java:15)
	at java.base/java.lang.String.valueOf(Unknown Source)
	at java.base/java.lang.StringBuilder.append(Unknown Source)
	at java.base/java.util.AbstractCollection.toString(Unknown Source)
	at org.hibernate.collection.internal.PersistentBag.toString(PersistentBag.java:622)
	at java.base/java.lang.String.valueOf(Unknown Source)
	at java.base/java.lang.StringBuilder.append(Unknown Source)
	at com.example.mail.model.Email.toString(Email.java:17)
	at java.base/java.lang.String.valueOf(Unknown Source)
	at java.base/java.lang.StringBuilder.append(Unknown Source)
	at com.example.mail.model.ContactAction.toString(ContactAction.java:15)
	at java.base/java.lang.String.valueOf(Unknown Source)
	at java.base/java.lang.StringBuilder.append(Unknown Source)
	at java.base/java.util.AbstractCollection.toString(Unknown Source)
	at org.hibernate.collection.internal.PersistentBag.toString(PersistentBag.java:622)
	at java.base/java.lang.String.valueOf(Unknown Source)
	at java.base/java.lang.StringBuilder.append(Unknown Source)
	at com.example.mail.model.Email.toString(Email.java:17)
	at java.base/java.lang.String.valueOf(Unknown Source)
	at java.base/java.lang.StringBuilder.append(Unknown Source)
	at com.example.mail.model.ContactAction.toString(ContactAction.java:15)
	at java.base/java.lang.String.valueOf(Unknown Source)
	at java.base/java.lang.StringBuilder.append(Unknown Source)
	at java.base/java.util.AbstractCollection.toString(Unknown Source)
	at org.hibernate.collection.internal.PersistentBag.toString(PersistentBag.java:622)
	at java.base/java.lang.String.valueOf(Unknown Source)
	at java.base/java.lang.StringBuilder.append(Unknown Source)
	at com.example.mail.model.Email.toString(Email.java:17)
	at java.base/java.lang.String.valueOf(Unknown Source)
	at java.base/java.lang.StringBuilder.append(Unknown Source)
	at com.example.mail.model.ContactAction.toString(ContactAction.java:15)
	at java.base/java.lang.String.valueOf(Unknown Source)
	at java.base/java.lang.StringBuilder.append(Unknown Source)
	at java.base/java.util.AbstractCollection.toString(Unknown Source)
	at org.hibernate.collection.internal.PersistentBag.toString(PersistentBag.java:622)
	at java.base/java.lang.String.valueOf(Unknown Source)
	at java.base/java.lang.StringBuilder.append(Unknown Source)
	at com.example.mail.model.Email.toString(Email.java:17)
	at java.base/java.lang.String.valueOf(Unknown Source)
	at java.base/java.lang.StringBuilder.append(Unknown Source)
	at com.example.mail.model.ContactAction.toString(ContactAction.java:15)
	at java.base/java.lang.String.valueOf(Unknown Source)
	at java.base/java.lang.StringBuilder.append(Unknown Source)
	at java.base/java.util.AbstractCollection.toString(Unknown Source)
	at org.hibernate.collection.internal.PersistentBag.toString(PersistentBag.java:622)
	at java.base/java.lang.String.valueOf(Unknown Source)
	at java.base/java.lang.StringBuilder.append(Unknown Source)
	at com.example.mail.model.Email.toString(Email.java:17)
	at java.base/java.lang.String.valueOf(Unknown Source)
	at java.base/java.lang.StringBuilder.append(Unknown Source)
	at com.example.mail.model.ContactAction.toString(ContactAction.java:15)
	at java.base/java.lang.String.valueOf(Unknown Source)
	at java.base/java.lang.StringBuilder.append(Unknown Source)
	at java.base/java.util.AbstractCollection.toString(Unknown Source)
	at org.hibernate.collection.internal.PersistentBag.toString(PersistentBag.java:622)
	at java.base/java.lang.String.valueOf(Unknown Source)
	at java.base/java.lang.StringBuilder.append(Unknown Source)
	at com.example.mail.model.Email.toString(Email.java:17)
	at java.base/java.lang.String.valueOf(Unknown Source)
	at java.base/java.lang.StringBuilder.append(Unknown Source)
	at com.example.mail.model.ContactAction.toString(ContactAction.java:15)
	at java.base/java.lang.String.valueOf(Unknown Source)
	at java.base/java.lang.StringBuilder.append(Unknown Source)
	at java.base/java.util.AbstractCollection.toString(Unknown Source)
	at org.hibernate.collection.internal.PersistentBag.toString(PersistentBag.java:622)
	at java.base/java.lang.String.valueOf(Unknown Source)
	at java.base/java.lang.StringBuilder.append(Unknown Source)
	at com.example.mail.model.Email.toString(Email.java:17)
	at java.base/java.lang.String.valueOf(Unknown Source)
	at java.base/java.lang.StringBuilder.append(Unknown Source)
	at com.example.mail.model.ContactAction.toString(ContactAction.java:15)
	at java.base/java.lang.String.valueOf(Unknown Source)
	at java.base/java.lang.StringBuilder.append(Unknown Source)
	at java.base/java.util.AbstractCollection.toString(Unknown Source)
	at org.hibernate.collection.internal.PersistentBag.toString(PersistentBag.java:622)
	at java.base/java.lang.String.valueOf(Unknown Source)
	at java.base/java.lang.StringBuilder.append(Unknown Source)
	at com.example.mail.model.Email.toString(Email.java:17)
	at java.base/java.lang.String.valueOf(Unknown Source)
	at java.base/java.lang.StringBuilder.append(Unknown Source)
	at com.example.mail.model.ContactAction.toString(ContactAction.java:15)
	at java.base/java.lang.String.valueOf(Unknown Source)
	at java.base/java.lang.StringBuilder.append(Unknown Source)
	at java.base/java.util.AbstractCollection.toString(Unknown Source)
	at org.hibernate.collection.internal.PersistentBag.toString(PersistentBag.java:622)
	at java.base/java.lang.String.valueOf(Unknown Source)
	at java.base/java.lang.StringBuilder.append(Unknown Source)
	at com.example.mail.model.Email.toString(Email.java:17)
	at java.base/java.lang.String.valueOf(Unknown Source)
	at java.base/java.lang.StringBuilder.append(Unknown Source)
	at com.example.mail.model.ContactAction.toString(ContactAction.java:15)
	at java.base/java.lang.String.valueOf(Unknown Source)
	at java.base/java.lang.StringBuilder.append(Unknown Source)
	at java.base/java.util.AbstractCollection.toString(Unknown Source)
	at org.hibernate.collection.internal.PersistentBag.toString(PersistentBag.java:622)
	at java.base/java.lang.String.valueOf(Unknown Source)
	at java.base/java.lang.StringBuilder.append(Unknown Source)
	at com.example.mail.model.Email.toString(Email.java:17)
	at java.base/java.lang.String.valueOf(Unknown Source)
	at java.base/java.lang.StringBuilder.append(Unknown Source)
	at com.example.mail.model.ContactAction.toString(ContactAction.java:15)
	at java.base/java.lang.String.valueOf(Unknown Source)
	at java.base/java.lang.StringBuilder.append(Unknown Source)
	at java.base/java.util.AbstractCollection.toString(Unknown Source)
	at org.hibernate.collection.internal.PersistentBag.toString(PersistentBag.java:622)
	at java.base/java.lang.String.valueOf(Unknown Source)
	at java.base/java.lang.StringBuilder.append(Unknown Source)
	at com.example.mail.model.Email.toString(Email.java:17)
	at java.base/java.lang.String.valueOf(Unknown Source)
	at java.base/java.lang.StringBuilder.append(Unknown Source)
	at com.example.mail.model.ContactAction.toString(ContactAction.java:15)
	at java.base/java.lang.String.valueOf(Unknown Source)
	at java.base/java.lang.StringBuilder.append(Unknown Source)
	at java.base/java.util.AbstractCollection.toString(Unknown Source)
	at org.hibernate.collection.internal.PersistentBag.toString(PersistentBag.java:622)
	at java.base/java.lang.String.valueOf(Unknown Source)
	at java.base/java.lang.StringBuilder.append(Unknown Source)
	at com.example.mail.model.Email.toString(Email.java:17)
	at java.base/java.lang.String.valueOf(Unknown Source)
	at java.base/java.lang.StringBuilder.append(Unknown Source)
	at com.example.mail.model.ContactAction.toString(ContactAction.java:15)
	at java.base/java.lang.String.valueOf(Unknown Source)
	at java.base/java.lang.StringBuilder.append(Unknown Source)
	at java.base/java.util.AbstractCollection.toString(Unknown Source)
	at org.hibernate.collection.internal.PersistentBag.toString(PersistentBag.java:622)
	at java.base/java.lang.String.valueOf(Unknown Source)
	at java.base/java.lang.StringBuilder.append(Unknown Source)
	at com.example.mail.model.Email.toString(Email.java:17)
	at java.base/java.lang.String.valueOf(Unknown Source)
	at java.base/java.lang.StringBuilder.append(Unknown Source)
	at com.example.mail.model.ContactAction.toString(ContactAction.java:15)
	at java.base/java.lang.String.valueOf(Unknown Source)
	at java.base/java.lang.StringBuilder.append(Unknown Source)
	at java.base/java.util.AbstractCollection.toString(Unknown Source)
	at org.hibernate.collection.internal.PersistentBag.toString(PersistentBag.java:622)
	at java.base/java.lang.String.valueOf(Unknown Source)
	at java.base/java.lang.StringBuilder.append(Unknown Source)
	at com.example.mail.model.Email.toString(Email.java:17)
	at java.base/java.lang.String.valueOf(Unknown Source)
	at java.base/java.lang.StringBuilder.append(Unknown Source)
	at com.example.mail.model.ContactAction.toString(ContactAction.java:15)
	at java.base/java.lang.String.valueOf(Unknown Source)
	at java.base/java.lang.StringBuilder.append(Unknown Source)
	at java.base/java.util.AbstractCollection.toString(Unknown Source)
	at org.hibernate.collection.internal.PersistentBag.toString(PersistentBag.java:622)
	at java.base/java.lang.String.valueOf(Unknown Source)
	at java.base/java.lang.StringBuilder.append(Unknown Source)
	at com.example.mail.model.Email.toString(Email.java:17)
	at java.base/java.lang.String.valueOf(Unknown Source)
	at java.base/java.lang.StringBuilder.append(Unknown Source)
	at com.example.mail.model.ContactAction.toString(ContactAction.java:15)
	at java.base/java.lang.String.valueOf(Unknown Source)
	at java.base/java.lang.StringBuilder.append(Unknown Source)
	at java.base/java.util.AbstractCollection.toString(Unknown Source)
	at org.hibernate.collection.internal.PersistentBag.toString(PersistentBag.java:622)
	at java.base/java.lang.String.valueOf(Unknown Source)
	at java.base/java.lang.StringBuilder.append(Unknown Source)
	at com.example.mail.model.Email.toString(Email.java:17)
	at java.base/java.lang.String.valueOf(Unknown Source)
	at java.base/java.lang.StringBuilder.append(Unknown Source)
	at com.example.mail.model.ContactAction.toString(ContactAction.java:15)
	at java.base/java.lang.String.valueOf(Unknown Source)
	at java.base/java.lang.StringBuilder.append(Unknown Source)
	at java.base/java.util.AbstractCollection.toString(Unknown Source)
	at org.hibernate.collection.internal.PersistentBag.toString(PersistentBag.java:622)
	at java.base/java.lang.String.valueOf(Unknown Source)
	at java.base/java.lang.StringBuilder.append(Unknown Source)
	at com.example.mail.model.Email.toString(Email.java:17)
	at java.base/java.lang.String.valueOf(Unknown Source)
	at java.base/java.lang.StringBuilder.append(Unknown Source)
	at com.example.mail.model.ContactAction.toString(ContactAction.java:15)
	at java.base/java.lang.String.valueOf(Unknown Source)
	at java.base/java.lang.StringBuilder.append(Unknown Source)
	at java.base/java.util.AbstractCollection.toString(Unknown Source)
	at org.hibernate.collection.internal.PersistentBag.toString(PersistentBag.java:622)
	at java.base/java.lang.String.valueOf(Unknown Source)
	at java.base/java.lang.StringBuilder.append(Unknown Source)
	at com.example.mail.model.Email.toString(Email.java:17)
	at java.base/java.lang.String.valueOf(Unknown Source)
	at java.base/java.lang.StringBuilder.append(Unknown Source)
	at com.example.mail.model.ContactAction.toString(ContactAction.java:15)
	at java.base/java.lang.String.valueOf(Unknown Source)
	at java.base/java.lang.StringBuilder.append(Unknown Source)
	at java.base/java.util.AbstractCollection.toString(Unknown Source)
	at org.hibernate.collection.internal.PersistentBag.toString(PersistentBag.java:622)
	at java.base/java.lang.String.valueOf(Unknown Source)
	at java.base/java.lang.StringBuilder.append(Unknown Source)
	at com.example.mail.model.Email.toString(Email.java:17)
	at java.base/java.lang.String.valueOf(Unknown Source)
	at java.base/java.lang.StringBuilder.append(Unknown Source)
	at com.example.mail.model.ContactAction.toString(ContactAction.java:15)
	at java.base/java.lang.String.valueOf(Unknown Source)
	at java.base/java.lang.StringBuilder.append(Unknown Source)
	at java.base/java.util.AbstractCollection.toString(Unknown Source)
	at org.hibernate.collection.internal.PersistentBag.toString(PersistentBag.java:622)
	at java.base/java.lang.String.valueOf(Unknown Source)
	at java.base/java.lang.StringBuilder.append(Unknown Source)
	at com.example.mail.model.Email.toString(Email.java:17)
	at java.base/java.lang.String.valueOf(Unknown Source)
	at java.base/java.lang.StringBuilder.append(Unknown Source)
	at com.example.mail.model.ContactAction.toString(ContactAction.java:15)
	at java.base/java.lang.String.valueOf(Unknown Source)
	at java.base/java.lang.StringBuilder.append(Unknown Source)
	at java.base/java.util.AbstractCollection.toString(Unknown Source)
	at org.hibernate.collection.internal.PersistentBag.toString(PersistentBag.java:622)
	at java.base/java.lang.String.valueOf(Unknown Source)
	at java.base/java.lang.StringBuilder.append(Unknown Source)
	at com.example.mail.model.Email.toString(Email.java:17)
	at java.base/java.lang.String.valueOf(Unknown Source)
	at java.base/java.lang.StringBuilder.append(Unknown Source)
	at com.example.mail.model.ContactAction.toString(ContactAction.java:15)
	at java.base/java.lang.String.valueOf(Unknown Source)
	at java.base/java.lang.StringBuilder.append(Unknown Source)
	at java.base/java.util.AbstractCollection.toString(Unknown Source)
	at org.hibernate.collection.internal.PersistentBag.toString(PersistentBag.java:622)
	at java.base/java.lang.String.valueOf(Unknown Source)
	at java.base/java.lang.StringBuilder.append(Unknown Source)
	at com.example.mail.model.Email.toString(Email.java:17)
	at java.base/java.lang.String.valueOf(Unknown Source)
	at java.base/java.lang.StringBuilder.append(Unknown Source)
	at com.example.mail.model.ContactAction.toString(ContactAction.java:15)
	at java.base/java.lang.String.valueOf(Unknown Source)
	at java.base/java.lang.StringBuilder.append(Unknown Source)
	at java.base/java.util.AbstractCollection.toString(Unknown Source)
	at org.hibernate.collection.internal.PersistentBag.toString(PersistentBag.java:622)
	at java.base/java.lang.String.valueOf(Unknown Source)
	at java.base/java.lang.StringBuilder.append(Unknown Source)
	at com.example.mail.model.Email.toString(Email.java:17)
	at java.base/java.lang.String.valueOf(Unknown Source)
	at java.base/java.lang.StringBuilder.append(Unknown Source)
	at com.example.mail.model.ContactAction.toString(ContactAction.java:15)
	at java.base/java.lang.String.valueOf(Unknown Source)
	at java.base/java.lang.StringBuilder.append(Unknown Source)
	at java.base/java.util.AbstractCollection.toString(Unknown Source)
	at org.hibernate.collection.internal.PersistentBag.toString(PersistentBag.java:622)
	at java.base/java.lang.String.valueOf(Unknown Source)
	at java.base/java.lang.StringBuilder.append(Unknown Source)
	at com.example.mail.model.Email.toString(Email.java:17)
	at java.base/java.lang.String.valueOf(Unknown Source)
	at java.base/java.lang.StringBuilder.append(Unknown Source)
	at com.example.mail.model.ContactAction.toString(ContactAction.java:15)
	at java.base/java.lang.String.valueOf(Unknown Source)
	at java.base/java.lang.StringBuilder.append(Unknown Source)
	at java.base/java.util.AbstractCollection.toString(Unknown Source)
	at org.hibernate.collection.internal.PersistentBag.toString(PersistentBag.java:622)
	at java.base/java.lang.String.valueOf(Unknown Source)
	at java.base/java.lang.StringBuilder.append(Unknown Source)
	at com.example.mail.model.Email.toString(Email.java:17)
	at java.base/java.lang.String.valueOf(Unknown Source)
	at java.base/java.lang.StringBuilder.append(Unknown Source)
	at com.example.mail.model.ContactAction.toString(ContactAction.java:15)
	at java.base/java.lang.String.valueOf(Unknown Source)
	at java.base/java.lang.StringBuilder.append(Unknown Source)
	at java.base/java.util.AbstractCollection.toString(Unknown Source)
	at org.hibernate.collection.internal.PersistentBag.toString(PersistentBag.java:622)
	at java.base/java.lang.String.valueOf(Unknown Source)
	at java.base/java.lang.StringBuilder.append(Unknown Source)
	at com.example.mail.model.Email.toString(Email.java:17)
	at java.base/java.lang.String.valueOf(Unknown Source)
	at java.base/java.lang.StringBuilder.append(Unknown Source)
	at com.example.mail.model.ContactAction.toString(ContactAction.java:15)
	at java.base/java.lang.String.valueOf(Unknown Source)
	at java.base/java.lang.StringBuilder.append(Unknown Source)
	at java.base/java.util.AbstractCollection.toString(Unknown Source)
	at org.hibernate.collection.internal.PersistentBag.toString(PersistentBag.java:622)
	at java.base/java.lang.String.valueOf(Unknown Source)
	at java.base/java.lang.StringBuilder.append(Unknown Source)
	at com.example.mail.model.Email.toString(Email.java:17)
	at java.base/java.lang.String.valueOf(Unknown Source)
	at java.base/java.lang.StringBuilder.append(Unknown Source)
	at com.example.mail.model.ContactAction.toString(ContactAction.java:15)
	at java.base/java.lang.String.valueOf(Unknown Source)
	at java.base/java.lang.StringBuilder.append(Unknown Source)
	at java.base/java.util.AbstractCollection.toString(Unknown Source)
	at org.hibernate.collection.internal.PersistentBag.toString(PersistentBag.java:622)
	at java.base/java.lang.String.valueOf(Unknown Source)
	at java.base/java.lang.StringBuilder.append(Unknown Source)
	at com.example.mail.model.Email.toString(Email.java:17)
	at java.base/java.lang.String.valueOf(Unknown Source)
	at java.base/java.lang.StringBuilder.append(Unknown Source)
	at com.example.mail.model.ContactAction.toString(ContactAction.java:15)
	at java.base/java.lang.String.valueOf(Unknown Source)
	at java.base/java.lang.StringBuilder.append(Unknown Source)
	at java.base/java.util.AbstractCollection.toString(Unknown Source)
	at org.hibernate.collection.internal.PersistentBag.toString(PersistentBag.java:622)
	at java.base/java.lang.String.valueOf(Unknown Source)
	at java.base/java.lang.StringBuilder.append(Unknown Source)
	at com.example.mail.model.Email.toString(Email.java:17)
	at java.base/java.lang.String.valueOf(Unknown Source)
	at java.base/java.lang.StringBuilder.append(Unknown Source)
	at com.example.mail.model.ContactAction.toString(ContactAction.java:15)
	at java.base/java.lang.String.valueOf(Unknown Source)
	at java.base/java.lang.StringBuilder.append(Unknown Source)
	at java.base/java.util.AbstractCollection.toString(Unknown Source)
	at org.hibernate.collection.internal.PersistentBag.toString(PersistentBag.java:622)
	at java.base/java.lang.String.valueOf(Unknown Source)
	at java.base/java.lang.StringBuilder.append(Unknown Source)
	at com.example.mail.model.Email.toString(Email.java:17)
	at java.base/java.lang.String.valueOf(Unknown Source)
	at java.base/java.lang.StringBuilder.append(Unknown Source)
	at com.example.mail.model.ContactAction.toString(ContactAction.java:15)
	at java.base/java.lang.String.valueOf(Unknown Source)
	at java.base/java.lang.StringBuilder.append(Unknown Source)
	at java.base/java.util.AbstractCollection.toString(Unknown Source)
	at org.hibernate.collection.internal.PersistentBag.toString(PersistentBag.java:622)
	at java.base/java.lang.String.valueOf(Unknown Source)
	at java.base/java.lang.StringBuilder.append(Unknown Source)
	at com.example.mail.model.Email.toString(Email.java:17)
	at java.base/java.lang.String.valueOf(Unknown Source)
	at java.base/java.lang.StringBuilder.append(Unknown Source)
	at com.example.mail.model.ContactAction.toString(ContactAction.java:15)
	at java.base/java.lang.String.valueOf(Unknown Source)
	at java.base/java.lang.StringBuilder.append(Unknown Source)
	at java.base/java.util.AbstractCollection.toString(Unknown Source)
	at org.hibernate.collection.internal.PersistentBag.toString(PersistentBag.java:622)
	at java.base/java.lang.String.valueOf(Unknown Source)
	at java.base/java.lang.StringBuilder.append(Unknown Source)
	at com.example.mail.model.Email.toString(Email.java:17)
	at java.base/java.lang.String.valueOf(Unknown Source)
	at java.base/java.lang.StringBuilder.append(Unknown Source)
	at com.example.mail.model.ContactAction.toString(ContactAction.java:15)
	at java.base/java.lang.String.valueOf(Unknown Source)
	at java.base/java.lang.StringBuilder.append(Unknown Source)
	at java.base/java.util.AbstractCollection.toString(Unknown Source)
	at org.hibernate.collection.internal.PersistentBag.toString(PersistentBag.java:622)
	at java.base/java.lang.String.valueOf(Unknown Source)
	at java.base/java.lang.StringBuilder.append(Unknown Source)
	at com.example.mail.model.Email.toString(Email.java:17)
	at java.base/java.lang.String.valueOf(Unknown Source)
	at java.base/java.lang.StringBuilder.append(Unknown Source)
	at com.example.mail.model.ContactAction.toString(ContactAction.java:15)
	at java.base/java.lang.String.valueOf(Unknown Source)
	at java.base/java.lang.StringBuilder.append(Unknown Source)
	at java.base/java.util.AbstractCollection.toString(Unknown Source)
	at org.hibernate.collection.internal.PersistentBag.toString(PersistentBag.java:622)
	at java.base/java.lang.String.valueOf(Unknown Source)
	at java.base/java.lang.StringBuilder.append(Unknown Source)
	at com.example.mail.model.Email.toString(Email.java:17)
	at java.base/java.lang.String.valueOf(Unknown Source)
	at java.base/java.lang.StringBuilder.append(Unknown Source)
	at com.example.mail.model.ContactAction.toString(ContactAction.java:15)
	at java.base/java.lang.String.valueOf(Unknown Source)
	at java.base/java.lang.StringBuilder.append(Unknown Source)
	at java.base/java.util.AbstractCollection.toString(Unknown Source)
	at org.hibernate.collection.internal.PersistentBag.toString(PersistentBag.java:622)
	at java.base/java.lang.String.valueOf(Unknown Source)
	at java.base/java.lang.StringBuilder.append(Unknown Source)
	at com.example.mail.model.Email.toString(Email.java:17)
	at java.base/java.lang.String.valueOf(Unknown Source)
	at java.base/java.lang.StringBuilder.append(Unknown Source)
	at com.example.mail.model.ContactAction.toString(ContactAction.java:15)
	at java.base/java.lang.String.valueOf(Unknown Source)
	at java.base/java.lang.StringBuilder.append(Unknown Source)
	at java.base/java.util.AbstractCollection.toString(Unknown Source)
	at org.hibernate.collection.internal.PersistentBag.toString(PersistentBag.java:622)
	at java.base/java.lang.String.valueOf(Unknown Source)
	at java.base/java.lang.StringBuilder.append(Unknown Source)
	at com.example.mail.model.Email.toString(Email.java:17)
	at java.base/java.lang.String.valueOf(Unknown Source)
	at java.base/java.lang.StringBuilder.append(Unknown Source)
	at com.example.mail.model.ContactAction.toString(ContactAction.java:15)
	at java.base/java.lang.String.valueOf(Unknown Source)
	at java.base/java.lang.StringBuilder.append(Unknown Source)
	at java.base/java.util.AbstractCollection.toString(Unknown Source)
	at org.hibernate.collection.internal.PersistentBag.toString(PersistentBag.java:622)
	at java.base/java.lang.String.valueOf(Unknown Source)
	at java.base/java.lang.StringBuilder.append(Unknown Source)
	at com.example.mail.model.Email.toString(Email.java:17)
	at java.base/java.lang.String.valueOf(Unknown Source)
	at java.base/java.lang.StringBuilder.append(Unknown Source)
	at com.example.mail.model.ContactAction.toString(ContactAction.java:15)
	at java.base/java.lang.String.valueOf(Unknown Source)
	at java.base/java.lang.StringBuilder.append(Unknown Source)
	at java.base/java.util.AbstractCollection.toString(Unknown Source)
	at org.hibernate.collection.internal.PersistentBag.toString(PersistentBag.java:622)
	at java.base/java.lang.String.valueOf(Unknown Source)
	at java.base/java.lang.StringBuilder.append(Unknown Source)
	at com.example.mail.model.Email.toString(Email.java:17)
	at java.base/java.lang.String.valueOf(Unknown Source)
	at java.base/java.lang.StringBuilder.append(Unknown Source)
	at com.example.mail.model.ContactAction.toString(ContactAction.java:15)
	at java.base/java.lang.String.valueOf(Unknown Source)
	at java.base/java.lang.StringBuilder.append(Unknown Source)
	at java.base/java.util.AbstractCollection.toString(Unknown Source)
	at org.hibernate.collection.internal.PersistentBag.toString(PersistentBag.java:622)
	at java.base/java.lang.String.valueOf(Unknown Source)
	at java.base/java.lang.StringBuilder.append(Unknown Source)
	at com.example.mail.model.Email.toString(Email.java:17)
	at java.base/java.lang.String.valueOf(Unknown Source)
	at java.base/java.lang.StringBuilder.append(Unknown Source)
	at com.example.mail.model.ContactAction.toString(ContactAction.java:15)
	at java.base/java.lang.String.valueOf(Unknown Source)
	at java.base/java.lang.StringBuilder.append(Unknown Source)
	at java.base/java.util.AbstractCollection.toString(Unknown Source)
	at org.hibernate.collection.internal.PersistentBag.toString(PersistentBag.java:622)
	at java.base/java.lang.String.valueOf(Unknown Source)
	at java.base/java.lang.StringBuilder.append(Unknown Source)
	at com.example.mail.model.Email.toString(Email.java:17)
	at java.base/java.lang.String.valueOf(Unknown Source)
	at java.base/java.lang.StringBuilder.append(Unknown Source)
	at com.example.mail.model.ContactAction.toString(ContactAction.java:15)
	at java.base/java.lang.String.valueOf(Unknown Source)
	at java.base/java.lang.StringBuilder.append(Unknown Source)
	at java.base/java.util.AbstractCollection.toString(Unknown Source)
	at org.hibernate.collection.internal.PersistentBag.toString(PersistentBag.java:622)
	at java.base/java.lang.String.valueOf(Unknown Source)
	at java.base/java.lang.StringBuilder.append(Unknown Source)
	at com.example.mail.model.Email.toString(Email.java:17)
	at java.base/java.lang.String.valueOf(Unknown Source)
	at java.base/java.lang.StringBuilder.append(Unknown Source)
	at com.example.mail.model.ContactAction.toString(ContactAction.java:15)
	at java.base/java.lang.String.valueOf(Unknown Source)
	at java.base/java.lang.StringBuilder.append(Unknown Source)
	at java.base/java.util.AbstractCollection.toString(Unknown Source)
	at org.hibernate.collection.internal.PersistentBag.toString(PersistentBag.java:622)
	at java.base/java.lang.String.valueOf(Unknown Source)
	at java.base/java.lang.StringBuilder.append(Unknown Source)
	at com.example.mail.model.Email.toString(Email.java:17)
	at java.base/java.lang.String.valueOf(Unknown Source)
	at java.base/java.lang.StringBuilder.append(Unknown Source)
	at com.example.mail.model.ContactAction.toString(ContactAction.java:15)
	at java.base/java.lang.String.valueOf(Unknown Source)
	at java.base/java.lang.StringBuilder.append(Unknown Source)
	at java.base/java.util.AbstractCollection.toString(Unknown Source)
	at org.hibernate.collection.internal.PersistentBag.toString(PersistentBag.java:622)
	at java.base/java.lang.String.valueOf(Unknown Source)
	at java.base/java.lang.StringBuilder.append(Unknown Source)
	at com.example.mail.model.Email.toString(Email.java:17)
	at java.base/java.lang.String.valueOf(Unknown Source)
	at java.base/java.lang.StringBuilder.append(Unknown Source)
	at com.example.mail.model.ContactAction.toString(ContactAction.java:15)
	at java.base/java.lang.String.valueOf(Unknown Source)
	at java.base/java.lang.StringBuilder.append(Unknown Source)
	at java.base/java.util.AbstractCollection.toString(Unknown Source)
	at org.hibernate.collection.internal.PersistentBag.toString(PersistentBag.java:622)
	at java.base/java.lang.String.valueOf(Unknown Source)
	at java.base/java.lang.StringBuilder.append(Unknown Source)
	at com.example.mail.model.Email.toString(Email.java:17)
	at java.base/java.lang.String.valueOf(Unknown Source)
	at java.base/java.lang.StringBuilder.append(Unknown Source)
	at com.example.mail.model.ContactAction.toString(ContactAction.java:15)
	at java.base/java.lang.String.valueOf(Unknown Source)
	at java.base/java.lang.StringBuilder.append(Unknown Source)
	at java.base/java.util.AbstractCollection.toString(Unknown Source)
	at org.hibernate.collection.internal.PersistentBag.toString(PersistentBag.java:622)
	at java.base/java.lang.String.valueOf(Unknown Source)
	at java.base/java.lang.StringBuilder.append(Unknown Source)
	at com.example.mail.model.Email.toString(Email.java:17)
	at java.base/java.lang.String.valueOf(Unknown Source)
	at java.base/java.lang.StringBuilder.append(Unknown Source)
	at com.example.mail.model.ContactAction.toString(ContactAction.java:15)
	at java.base/java.lang.String.valueOf(Unknown Source)
	at java.base/java.lang.StringBuilder.append(Unknown Source)
	at java.base/java.util.AbstractCollection.toString(Unknown Source)
	at org.hibernate.collection.internal.PersistentBag.toString(PersistentBag.java:622)
	at java.base/java.lang.String.valueOf(Unknown Source)
	at java.base/java.lang.StringBuilder.append(Unknown Source)
	at com.example.mail.model.Email.toString(Email.java:17)
	at java.base/java.lang.String.valueOf(Unknown Source)
	at java.base/java.lang.StringBuilder.append(Unknown Source)
	at com.example.mail.model.ContactAction.toString(ContactAction.java:15)
	at java.base/java.lang.String.valueOf(Unknown Source)
	at java.base/java.lang.StringBuilder.append(Unknown Source)
	at java.base/java.util.AbstractCollection.toString(Unknown Source)
	at org.hibernate.collection.internal.PersistentBag.toString(PersistentBag.java:622)
	at java.base/java.lang.String.valueOf(Unknown Source)
	at java.base/java.lang.StringBuilder.append(Unknown Source)
	at com.example.mail.model.Email.toString(Email.java:17)
	at java.base/java.lang.String.valueOf(Unknown Source)
	at java.base/java.lang.StringBuilder.append(Unknown Source)
	at com.example.mail.model.ContactAction.toString(ContactAction.java:15)
	at java.base/java.lang.String.valueOf(Unknown Source)
	at java.base/java.lang.StringBuilder.append(Unknown Source)
	at java.base/java.util.AbstractCollection.toString(Unknown Source)
	at org.hibernate.collection.internal.PersistentBag.toString(PersistentBag.java:622)
	at java.base/java.lang.String.valueOf(Unknown Source)
	at java.base/java.lang.StringBuilder.append(Unknown Source)
	at com.example.mail.model.Email.toString(Email.java:17)
	at java.base/java.lang.String.valueOf(Unknown Source)
	at java.base/java.lang.StringBuilder.append(Unknown Source)
	at com.example.mail.model.ContactAction.toString(ContactAction.java:15)
	at java.base/java.lang.String.valueOf(Unknown Source)
	at java.base/java.lang.StringBuilder.append(Unknown Source)
	at java.base/java.util.AbstractCollection.toString(Unknown Source)
	at org.hibernate.collection.internal.PersistentBag.toString(PersistentBag.java:622)
	at java.base/java.lang.String.valueOf(Unknown Source)
	at java.base/java.lang.StringBuilder.append(Unknown Source)
	at com.example.mail.model.Email.toString(Email.java:17)
	at java.base/java.lang.String.valueOf(Unknown Source)
	at java.base/java.lang.StringBuilder.append(Unknown Source)
	at com.example.mail.model.ContactAction.toString(ContactAction.java:15)
	at java.base/java.lang.String.valueOf(Unknown Source)
	at java.base/java.lang.StringBuilder.append(Unknown Source)
	at java.base/java.util.AbstractCollection.toString(Unknown Source)
	at org.hibernate.collection.internal.PersistentBag.toString(PersistentBag.java:622)
	at java.base/java.lang.String.valueOf(Unknown Source)
	at java.base/java.lang.StringBuilder.append(Unknown Source)
	at com.example.mail.model.Email.toString(Email.java:17)
	at java.base/java.lang.String.valueOf(Unknown Source)
	at java.base/java.lang.StringBuilder.append(Unknown Source)
	at com.example.mail.model.ContactAction.toString(ContactAction.java:15)
	at java.base/java.lang.String.valueOf(Unknown Source)
	at java.base/java.lang.StringBuilder.append(Unknown Source)
	at java.base/java.util.AbstractCollection.toString(Unknown Source)
	at org.hibernate.collection.internal.PersistentBag.toString(PersistentBag.java:622)
	at java.base/java.lang.String.valueOf(Unknown Source)
	at java.base/java.lang.StringBuilder.append(Unknown Source)
	at com.example.mail.model.Email.toString(Email.java:17)
	at java.base/java.lang.String.valueOf(Unknown Source)
	at java.base/java.lang.StringBuilder.append(Unknown Source)
	at com.example.mail.model.ContactAction.toString(ContactAction.java:15)
	at java.base/java.lang.String.valueOf(Unknown Source)
	at java.base/java.lang.StringBuilder.append(Unknown Source)
	at java.base/java.util.AbstractCollection.toString(Unknown Source)
	at org.hibernate.collection.internal.PersistentBag.toString(PersistentBag.java:622)
	at java.base/java.lang.String.valueOf(Unknown Source)
	at java.base/java.lang.StringBuilder.append(Unknown Source)
	at com.example.mail.model.Email.toString(Email.java:17)
	at java.base/java.lang.String.valueOf(Unknown Source)
	at java.base/java.lang.StringBuilder.append(Unknown Source)
	at com.example.mail.model.ContactAction.toString(ContactAction.java:15)
	at java.base/java.lang.String.valueOf(Unknown Source)
	at java.base/java.lang.StringBuilder.append(Unknown Source)
	at java.base/java.util.AbstractCollection.toString(Unknown Source)
	at org.hibernate.collection.internal.PersistentBag.toString(PersistentBag.java:622)
	at java.base/java.lang.String.valueOf(Unknown Source)
	at java.base/java.lang.StringBuilder.append(Unknown Source)
	at com.example.mail.model.Email.toString(Email.java:17)
	at java.base/java.lang.String.valueOf(Unknown Source)
	at java.base/java.lang.StringBuilder.append(Unknown Source)
	at com.example.mail.model.ContactAction.toString(ContactAction.java:15)
	at java.base/java.lang.String.valueOf(Unknown Source)
	at java.base/java.lang.StringBuilder.append(Unknown Source)
	at java.base/java.util.AbstractCollection.toString(Unknown Source)
	at org.hibernate.collection.internal.PersistentBag.toString(PersistentBag.java:622)
	at java.base/java.lang.String.valueOf(Unknown Source)
	at java.base/java.lang.StringBuilder.append(Unknown Source)
	at com.example.mail.model.Email.toString(Email.java:17)
	at java.base/java.lang.String.valueOf(Unknown Source)
	at java.base/java.lang.StringBuilder.append(Unknown Source)
	at com.example.mail.model.ContactAction.toString(ContactAction.java:15)
	at java.base/java.lang.String.valueOf(Unknown Source)
	at java.base/java.lang.StringBuilder.append(Unknown Source)
	at java.base/java.util.AbstractCollection.toString(Unknown Source)
	at org.hibernate.collection.internal.PersistentBag.toString(PersistentBag.java:622)
	at java.base/java.lang.String.valueOf(Unknown Source)
	at java.base/java.lang.StringBuilder.append(Unknown Source)
	at com.example.mail.model.Email.toString(Email.java:17)
	at java.base/java.lang.String.valueOf(Unknown Source)
	at java.base/java.lang.StringBuilder.append(Unknown Source)
	at com.example.mail.model.ContactAction.toString(ContactAction.java:15)
	at java.base/java.lang.String.valueOf(Unknown Source)
	at java.base/java.lang.StringBuilder.append(Unknown Source)
	at java.base/java.util.AbstractCollection.toString(Unknown Source)
	at org.hibernate.collection.internal.PersistentBag.toString(PersistentBag.java:622)
	at java.base/java.lang.String.valueOf(Unknown Source)
	at java.base/java.lang.StringBuilder.append(Unknown Source)
	at com.example.mail.model.Email.toString(Email.java:17)
	at java.base/java.lang.String.valueOf(Unknown Source)
	at java.base/java.lang.StringBuilder.append(Unknown Source)
	at com.example.mail.model.ContactAction.toString(ContactAction.java:15)
	at java.base/java.lang.String.valueOf(Unknown Source)
	at java.base/java.lang.StringBuilder.append(Unknown Source)
	at java.base/java.util.AbstractCollection.toString(Unknown Source)
	at org.hibernate.collection.internal.PersistentBag.toString(PersistentBag.java:622)
	at java.base/java.lang.String.valueOf(Unknown Source)
	at java.base/java.lang.StringBuilder.append(Unknown Source)
	at com.example.mail.model.Email.toString(Email.java:17)
	at java.base/java.lang.String.valueOf(Unknown Source)
	at java.base/java.lang.StringBuilder.append(Unknown Source)
	at com.example.mail.model.ContactAction.toString(ContactAction.java:15)
	at java.base/java.lang.String.valueOf(Unknown Source)
	at java.base/java.lang.StringBuilder.append(Unknown Source)
	at java.base/java.util.AbstractCollection.toString(Unknown Source)
	at org.hibernate.collection.internal.PersistentBag.toString(PersistentBag.java:622)
	at java.base/java.lang.String.valueOf(Unknown Source)
	at java.base/java.lang.StringBuilder.append(Unknown Source)
	at com.example.mail.model.Email.toString(Email.java:17)
	at java.base/java.lang.String.valueOf(Unknown Source)
	at java.base/java.lang.StringBuilder.append(Unknown Source)
	at com.example.mail.model.ContactAction.toString(ContactAction.java:15)
	at java.base/java.lang.String.valueOf(Unknown Source)
	at java.base/java.lang.StringBuilder.append(Unknown Source)
	at java.base/java.util.AbstractCollection.toString(Unknown Source)
	at org.hibernate.collection.internal.PersistentBag.toString(PersistentBag.java:622)
	at java.base/java.lang.String.valueOf(Unknown Source)
	at java.base/java.lang.StringBuilder.append(Unknown Source)
	at com.example.mail.model.Email.toString(Email.java:17)
	at java.base/java.lang.String.valueOf(Unknown Source)
	at java.base/java.lang.StringBuilder.append(Unknown Source)
	at com.example.mail.model.ContactAction.toString(ContactAction.java:15)
	at java.base/java.lang.String.valueOf(Unknown Source)
	at java.base/java.lang.StringBuilder.append(Unknown Source)
	at java.base/java.util.AbstractCollection.toString(Unknown Source)
	at org.hibernate.collection.internal.PersistentBag.toString(PersistentBag.java:622)
	at java.base/java.lang.String.valueOf(Unknown Source)
	at java.base/java.lang.StringBuilder.append(Unknown Source)
	at com.example.mail.model.Email.toString(Email.java:17)
	at java.base/java.lang.String.valueOf(Unknown Source)
	at java.base/java.lang.StringBuilder.append(Unknown Source)
	at com.example.mail.model.ContactAction.toString(ContactAction.java:15)
	at java.base/java.lang.String.valueOf(Unknown Source)
	at java.base/java.lang.StringBuilder.append(Unknown Source)
	at java.base/java.util.AbstractCollection.toString(Unknown Source)
	at org.hibernate.collection.internal.PersistentBag.toString(PersistentBag.java:622)
	at java.base/java.lang.String.valueOf(Unknown Source)
	at java.base/java.lang.StringBuilder.append(Unknown Source)
	at com.example.mail.model.Email.toString(Email.java:17)
	at java.base/java.lang.String.valueOf(Unknown Source)
	at java.base/java.lang.StringBuilder.append(Unknown Source)
	at com.example.mail.model.ContactAction.toString(ContactAction.java:15)
	at java.base/java.lang.String.valueOf(Unknown Source)
	at java.base/java.lang.StringBuilder.append(Unknown Source)
	at java.base/java.util.AbstractCollection.toString(Unknown Source)
	at org.hibernate.collection.internal.PersistentBag.toString(PersistentBag.java:622)
	at java.base/java.lang.String.valueOf(Unknown Source)
	at java.base/java.lang.StringBuilder.append(Unknown Source)
	at com.example.mail.model.Email.toString(Email.java:17)
	at java.base/java.lang.String.valueOf(Unknown Source)
	at java.base/java.lang.StringBuilder.append(Unknown Source)
	at com.example.mail.model.ContactAction.toString(ContactAction.java:15)
	at java.base/java.lang.String.valueOf(Unknown Source)
	at java.base/java.lang.StringBuilder.append(Unknown Source)
	at java.base/java.util.AbstractCollection.toString(Unknown Source)
	at org.hibernate.collection.internal.PersistentBag.toString(PersistentBag.java:622)
	at java.base/java.lang.String.valueOf(Unknown Source)
	at java.base/java.lang.StringBuilder.append(Unknown Source)
	at com.example.mail.model.Email.toString(Email.java:17)
	at java.base/java.lang.String.valueOf(Unknown Source)
	at java.base/java.lang.StringBuilder.append(Unknown Source)
	at com.example.mail.model.ContactAction.toString(ContactAction.java:15)
	at java.base/java.lang.String.valueOf(Unknown Source)
	at java.base/java.lang.StringBuilder.append(Unknown Source)
	at java.base/java.util.AbstractCollection.toString(Unknown Source)
	at org.hibernate.collection.internal.PersistentBag.toString(PersistentBag.java:622)
	at java.base/java.lang.String.valueOf(Unknown Source)
	at java.base/java.lang.StringBuilder.append(Unknown Source)
	at com.example.mail.model.Email.toString(Email.java:17)
	at java.base/java.lang.String.valueOf(Unknown Source)
	at java.base/java.lang.StringBuilder.append(Unknown Source)
	at com.example.mail.model.ContactAction.toString(ContactAction.java:15)
	at java.base/java.lang.String.valueOf(Unknown Source)
	at java.base/java.lang.StringBuilder.append(Unknown Source)
	at java.base/java.util.AbstractCollection.toString(Unknown Source)
	at org.hibernate.collection.internal.PersistentBag.toString(PersistentBag.java:622)
	at java.base/java.lang.String.valueOf(Unknown Source)
	at java.base/java.lang.StringBuilder.append(Unknown Source)
	at com.example.mail.model.Email.toString(Email.java:17)
	at java.base/java.lang.String.valueOf(Unknown Source)
	at java.base/java.lang.StringBuilder.append(Unknown Source)
	at com.example.mail.model.ContactAction.toString(ContactAction.java:15)
	at java.base/java.lang.String.valueOf(Unknown Source)
	at java.base/java.lang.StringBuilder.append(Unknown Source)
	at java.base/java.util.AbstractCollection.toString(Unknown Source)
	at org.hibernate.collection.internal.PersistentBag.toString(PersistentBag.java:622)
	at java.base/java.lang.String.valueOf(Unknown Source)
	at java.base/java.lang.StringBuilder.append(Unknown Source)
	at com.example.mail.model.Email.toString(Email.java:17)
	at java.base/java.lang.String.valueOf(Unknown Source)
	at java.base/java.lang.StringBuilder.append(Unknown Source)
	at com.example.mail.model.ContactAction.toString(ContactAction.java:15)
	at java.base/java.lang.String.valueOf(Unknown Source)
	at java.base/java.lang.StringBuilder.append(Unknown Source)
	at java.base/java.util.AbstractCollection.toString(Unknown Source)
	at org.hibernate.collection.internal.PersistentBag.toString(PersistentBag.java:622)
	at java.base/java.lang.String.valueOf(Unknown Source)
	at java.base/java.lang.StringBuilder.append(Unknown Source)
	at com.example.mail.model.Email.toString(Email.java:17)
	at java.base/java.lang.String.valueOf(Unknown Source)
	at java.base/java.lang.StringBuilder.append(Unknown Source)
	at com.example.mail.model.ContactAction.toString(ContactAction.java:15)
	at java.base/java.lang.String.valueOf(Unknown Source)
	at java.base/java.lang.StringBuilder.append(Unknown Source)
	at java.base/java.util.AbstractCollection.toString(Unknown Source)
	at org.hibernate.collection.internal.PersistentBag.toString(PersistentBag.java:622)
	at java.base/java.lang.String.valueOf(Unknown Source)
	at java.base/java.lang.StringBuilder.append(Unknown Source)
	at com.example.mail.model.Email.toString(Email.java:17)
	at java.base/java.lang.String.valueOf(Unknown Source)
	at java.base/java.lang.StringBuilder.append(Unknown Source)
	at com.example.mail.model.ContactAction.toString(ContactAction.java:15)
	at java.base/java.lang.String.valueOf(Unknown Source)
	at java.base/java.lang.StringBuilder.append(Unknown Source)
	at java.base/java.util.AbstractCollection.toString(Unknown Source)
	at org.hibernate.collection.internal.PersistentBag.toString(PersistentBag.java:622)
	at java.base/java.lang.String.valueOf(Unknown Source)
	at java.base/java.lang.StringBuilder.append(Unknown Source)
	at com.example.mail.model.Email.toString(Email.java:17)
	at java.base/java.lang.String.valueOf(Unknown Source)
	at java.base/java.lang.StringBuilder.append(Unknown Source)
	at com.example.mail.model.ContactAction.toString(ContactAction.java:15)
	at java.base/java.lang.String.valueOf(Unknown Source)
	at java.base/java.lang.StringBuilder.append(Unknown Source)
	at java.base/java.util.AbstractCollection.toString(Unknown Source)
	at org.hibernate.collection.internal.PersistentBag.toString(PersistentBag.java:622)
	at java.base/java.lang.String.valueOf(Unknown Source)
	at java.base/java.lang.StringBuilder.append(Unknown Source)
	at com.example.mail.model.Email.toString(Email.java:17)
	at java.base/java.lang.String.valueOf(Unknown Source)
	at java.base/java.lang.StringBuilder.append(Unknown Source)
	at com.example.mail.model.ContactAction.toString(ContactAction.java:15)
	at java.base/java.lang.String.valueOf(Unknown Source)
	at java.base/java.lang.StringBuilder.append(Unknown Source)
	at java.base/java.util.AbstractCollection.toString(Unknown Source)
	at org.hibernate.collection.internal.PersistentBag.toString(PersistentBag.java:622)
	at java.base/java.lang.String.valueOf(Unknown Source)
	at java.base/java.lang.StringBuilder.append(Unknown Source)
	at com.example.mail.model.Email.toString(Email.java:17)
	at java.base/java.lang.String.valueOf(Unknown Source)
	at java.base/java.lang.StringBuilder.append(Unknown Source)
	at com.example.mail.model.ContactAction.toString(ContactAction.java:15)
	at java.base/java.lang.String.valueOf(Unknown Source)
	at java.base/java.lang.StringBuilder.append(Unknown Source)
	at java.base/java.util.AbstractCollection.toString(Unknown Source)
	at org.hibernate.collection.internal.PersistentBag.toString(PersistentBag.java:622)
	at java.base/java.lang.String.valueOf(Unknown Source)
	at java.base/java.lang.StringBuilder.append(Unknown Source)
	at com.example.mail.model.Email.toString(Email.java:17)
	at java.base/java.lang.String.valueOf(Unknown Source)
	at java.base/java.lang.StringBuilder.append(Unknown Source)
	at com.example.mail.model.ContactAction.toString(ContactAction.java:15)
	at java.base/java.lang.String.valueOf(Unknown Source)
	at java.base/java.lang.StringBuilder.append(Unknown Source)
	at java.base/java.util.AbstractCollection.toString(Unknown Source)
	at org.hibernate.collection.internal.PersistentBag.toString(PersistentBag.java:622)
	at java.base/java.lang.String.valueOf(Unknown Source)
	at java.base/java.lang.StringBuilder.append(Unknown Source)
	at com.example.mail.model.Email.toString(Email.java:17)
	at java.base/java.lang.String.valueOf(Unknown Source)
	at java.base/java.lang.StringBuilder.append(Unknown Source)
	at com.example.mail.model.ContactAction.toString(ContactAction.java:15)
	at java.base/java.lang.String.valueOf(Unknown Source)
	at java.base/java.lang.StringBuilder.append(Unknown Source)
	at java.base/java.util.AbstractCollection.toString(Unknown Source)
	at org.hibernate.collection.internal.PersistentBag.toString(PersistentBag.java:622)
	at java.base/java.lang.String.valueOf(Unknown Source)
	at java.base/java.lang.StringBuilder.append(Unknown Source)
	at com.example.mail.model.Email.toString(Email.java:17)
	at java.base/java.lang.String.valueOf(Unknown Source)
	at java.base/java.lang.StringBuilder.append(Unknown Source)
	at com.example.mail.model.ContactAction.toString(ContactAction.java:15)
	at java.base/java.lang.String.valueOf(Unknown Source)
	at java.base/java.lang.StringBuilder.append(Unknown Source)
	at java.base/java.util.AbstractCollection.toString(Unknown Source)
	at org.hibernate.collection.internal.PersistentBag.toString(PersistentBag.java:622)
	at java.base/java.lang.String.valueOf(Unknown Source)
	at java.base/java.lang.StringBuilder.append(Unknown Source)
	at com.example.mail.model.Email.toString(Email.java:17)
	at java.base/java.lang.String.valueOf(Unknown Source)
	at java.base/java.lang.StringBuilder.append(Unknown Source)
	at com.example.mail.model.ContactAction.toString(ContactAction.java:15)
	at java.base/java.lang.String.valueOf(Unknown Source)
	at java.base/java.lang.StringBuilder.append(Unknown Source)
	at java.base/java.util.AbstractCollection.toString(Unknown Source)
	at org.hibernate.collection.internal.PersistentBag.toString(PersistentBag.java:622)
	at java.base/java.lang.String.valueOf(Unknown Source)
	at java.base/java.lang.StringBuilder.append(Unknown Source)
	at com.example.mail.model.Email.toString(Email.java:17)
	at java.base/java.lang.String.valueOf(Unknown Source)
	at java.base/java.lang.StringBuilder.append(Unknown Source)
	at com.example.mail.model.ContactAction.toString(ContactAction.java:15)
	at java.base/java.lang.String.valueOf(Unknown Source)
	at java.base/java.lang.StringBuilder.append(Unknown Source)
	at java.base/java.util.AbstractCollection.toString(Unknown Source)
	at org.hibernate.collection.internal.PersistentBag.toString(PersistentBag.java:622)
	at java.base/java.lang.String.valueOf(Unknown Source)
	at java.base/java.lang.StringBuilder.append(Unknown Source)
	at com.example.mail.model.Email.toString(Email.java:17)
	at java.base/java.lang.String.valueOf(Unknown Source)
	at java.base/java.lang.StringBuilder.append(Unknown Source)
	at com.example.mail.model.ContactAction.toString(ContactAction.java:15)
	at java.base/java.lang.String.valueOf(Unknown Source)
	at java.base/java.lang.StringBuilder.append(Unknown Source)
	at java.base/java.util.AbstractCollection.toString(Unknown Source)
	at org.hibernate.collection.internal.PersistentBag.toString(PersistentBag.java:622)
	at java.base/java.lang.String.valueOf(Unknown Source)
	at java.base/java.lang.StringBuilder.append(Unknown Source)
	at com.example.mail.model.Email.toString(Email.java:17)
	at java.base/java.lang.String.valueOf(Unknown Source)
	at java.base/java.lang.StringBuilder.append(Unknown Source)
	at com.example.mail.model.ContactAction.toString(ContactAction.java:15)
	at java.base/java.lang.String.valueOf(Unknown Source)
	at java.base/java.lang.StringBuilder.append(Unknown Source)
	at java.base/java.util.AbstractCollection.toString(Unknown Source)
	at org.hibernate.collection.internal.PersistentBag.toString(PersistentBag.java:622)
	at java.base/java.lang.String.valueOf(Unknown Source)
	at java.base/java.lang.StringBuilder.append(Unknown Source)
	at com.example.mail.model.Email.toString(Email.java:17)
	at java.base/java.lang.String.valueOf(Unknown Source)
	at java.base/java.lang.StringBuilder.append(Unknown Source)
	at com.example.mail.model.ContactAction.toString(ContactAction.java:15)
	at java.base/java.lang.String.valueOf(Unknown Source)
	at java.base/java.lang.StringBuilder.append(Unknown Source)
	at java.base/java.util.AbstractCollection.toString(Unknown Source)
	at org.hibernate.collection.internal.PersistentBag.toString(PersistentBag.java:622)
	at java.base/java.lang.String.valueOf(Unknown Source)
	at java.base/java.lang.StringBuilder.append(Unknown Source)
	at com.example.mail.model.Email.toString(Email.java:17)
	at java.base/java.lang.String.valueOf(Unknown Source)
	at java.base/java.lang.StringBuilder.append(Unknown Source)
	at com.example.mail.model.ContactAction.toString(ContactAction.java:15)
	at java.base/java.lang.String.valueOf(Unknown Source)
	at java.base/java.lang.StringBuilder.append(Unknown Source)
	at java.base/java.util.AbstractCollection.toString(Unknown Source)
	at org.hibernate.collection.internal.PersistentBag.toString(PersistentBag.java:622)
	at java.base/java.lang.String.valueOf(Unknown Source)
	at java.base/java.lang.StringBuilder.append(Unknown Source)
	at com.example.mail.model.Email.toString(Email.java:17)
	at java.base/java.lang.String.valueOf(Unknown Source)
	at java.base/java.lang.StringBuilder.append(Unknown Source)
	at com.example.mail.model.ContactAction.toString(ContactAction.java:15)
	at java.base/java.lang.String.valueOf(Unknown Source)
	at java.base/java.lang.StringBuilder.append(Unknown Source)
	at java.base/java.util.AbstractCollection.toString(Unknown Source)
	at org.hibernate.collection.internal.PersistentBag.toString(PersistentBag.java:622)
	at java.base/java.lang.String.valueOf(Unknown Source)
	at java.base/java.lang.StringBuilder.append(Unknown Source)
	at com.example.mail.model.Email.toString(Email.java:17)
	at java.base/java.lang.String.valueOf(Unknown Source)
	at java.base/java.lang.StringBuilder.append(Unknown Source)
	at com.example.mail.model.ContactAction.toString(ContactAction.java:15)
	at java.base/java.lang.String.valueOf(Unknown Source)
	at java.base/java.lang.StringBuilder.append(Unknown Source)
	at java.base/java.util.AbstractCollection.toString(Unknown Source)
	at org.hibernate.collection.internal.PersistentBag.toString(PersistentBag.java:622)
	at java.base/java.lang.String.valueOf(Unknown Source)
	at java.base/java.lang.StringBuilder.append(Unknown Source)
	at com.example.mail.model.Email.toString(Email.java:17)
	at java.base/java.lang.String.valueOf(Unknown Source)
	at java.base/java.lang.StringBuilder.append(Unknown Source)
	at com.example.mail.model.ContactAction.toString(ContactAction.java:15)
	at java.base/java.lang.String.valueOf(Unknown Source)
	at java.base/java.lang.StringBuilder.append(Unknown Source)
	at java.base/java.util.AbstractCollection.toString(Unknown Source)
	at org.hibernate.collection.internal.PersistentBag.toString(PersistentBag.java:622)
	at java.base/java.lang.String.valueOf(Unknown Source)
	at java.base/java.lang.StringBuilder.append(Unknown Source)
	at com.example.mail.model.Email.toString(Email.java:17)
	at java.base/java.lang.String.valueOf(Unknown Source)
	at java.base/java.lang.StringBuilder.append(Unknown Source)
	at com.example.mail.model.ContactAction.toString(ContactAction.java:15)
	at java.base/java.lang.String.valueOf(Unknown Source)
	at java.base/java.lang.StringBuilder.append(Unknown Source)
	at java.base/java.util.AbstractCollection.toString(Unknown Source)
	at org.hibernate.collection.internal.PersistentBag.toString(PersistentBag.java:622)
	at java.base/java.lang.String.valueOf(Unknown Source)
	at java.base/java.lang.StringBuilder.append(Unknown Source)
	at com.example.mail.model.Email.toString(Email.java:17)
	at java.base/java.lang.String.valueOf(Unknown Source)
	at java.base/java.lang.StringBuilder.append(Unknown Source)
	at com.example.mail.model.ContactAction.toString(ContactAction.java:15)
	at java.base/java.lang.String.valueOf(Unknown Source)
	at java.base/java.lang.StringBuilder.append(Unknown Source)
	at java.base/java.util.AbstractCollection.toString(Unknown Source)
	at org.hibernate.collection.internal.PersistentBag.toString(PersistentBag.java:622)
	at java.base/java.lang.String.valueOf(Unknown Source)
	at java.base/java.lang.StringBuilder.append(Unknown Source)
	at com.example.mail.model.Email.toString(Email.java:17)
	at java.base/java.lang.String.valueOf(Unknown Source)
	at java.base/java.lang.StringBuilder.append(Unknown Source)
	at com.example.mail.model.ContactAction.toString(ContactAction.java:15)
	at java.base/java.lang.String.valueOf(Unknown Source)
	at java.base/java.lang.StringBuilder.append(Unknown Source)
	at java.base/java.util.AbstractCollection.toString(Unknown Source)
	at org.hibernate.collection.internal.PersistentBag.toString(PersistentBag.java:622)
	at java.base/java.lang.String.valueOf(Unknown Source)
	at java.base/java.lang.StringBuilder.append(Unknown Source)
	at com.example.mail.model.Email.toString(Email.java:17)
	at java.base/java.lang.String.valueOf(Unknown Source)
	at java.base/java.lang.StringBuilder.append(Unknown Source)
	at com.example.mail.model.ContactAction.toString(ContactAction.java:15)
	at java.base/java.lang.String.valueOf(Unknown Source)
	at java.base/java.lang.StringBuilder.append(Unknown Source)
	at java.base/java.util.AbstractCollection.toString(Unknown Source)
	at org.hibernate.collection.internal.PersistentBag.toString(PersistentBag.java:622)
	at java.base/java.lang.String.valueOf(Unknown Source)
	at java.base/java.lang.StringBuilder.append(Unknown Source)
	at com.example.mail.model.Email.toString(Email.java:17)
	at java.base/java.lang.String.valueOf(Unknown Source)
	at java.base/java.lang.StringBuilder.append(Unknown Source)
	at com.example.mail.model.ContactAction.toString(ContactAction.java:15)
	at java.base/java.lang.String.valueOf(Unknown Source)
	at java.base/java.lang.StringBuilder.append(Unknown Source)
	at java.base/java.util.AbstractCollection.toString(Unknown Source)
	at org.hibernate.collection.internal.PersistentBag.toString(PersistentBag.java:622)
	at java.base/java.lang.String.valueOf(Unknown Source)
	at java.base/java.lang.StringBuilder.append(Unknown Source)
	at com.example.mail.model.Email.toString(Email.java:17)
	at java.base/java.lang.String.valueOf(Unknown Source)
	at java.base/java.lang.StringBuilder.append(Unknown Source)
	at com.example.mail.model.ContactAction.toString(ContactAction.java:15)
	at java.base/java.lang.String.valueOf(Unknown Source)
	at java.base/java.lang.StringBuilder.append(Unknown Source)
	at java.base/java.util.AbstractCollection.toString(Unknown Source)
	at org.hibernate.collection.internal.PersistentBag.toString(PersistentBag.java:622)
	at java.base/java.lang.String.valueOf(Unknown Source)
	at java.base/java.lang.StringBuilder.append(Unknown Source)
	at com.example.mail.model.Email.toString(Email.java:17)
	at java.base/java.lang.String.valueOf(Unknown Source)
	at java.base/java.lang.StringBuilder.append(Unknown Source)
	at com.example.mail.model.ContactAction.toString(ContactAction.java:15)
	at java.base/java.lang.String.valueOf(Unknown Source)
	at java.base/java.lang.StringBuilder.append(Unknown Source)
	at java.base/java.util.AbstractCollection.toString(Unknown Source)
	at org.hibernate.collection.internal.PersistentBag.toString(PersistentBag.java:622)
	at java.base/java.lang.String.valueOf(Unknown Source)
	at java.base/java.lang.StringBuilder.append(Unknown Source)
	at com.example.mail.model.Email.toString(Email.java:17)
	at java.base/java.lang.String.valueOf(Unknown Source)
	at java.base/java.lang.StringBuilder.append(Unknown Source)
	at com.example.mail.model.ContactAction.toString(ContactAction.java:15)
	at java.base/java.lang.String.valueOf(Unknown Source)
	at java.base/java.lang.StringBuilder.append(Unknown Source)
	at java.base/java.util.AbstractCollection.toString(Unknown Source)
	at org.hibernate.collection.internal.PersistentBag.toString(PersistentBag.java:622)
	at java.base/java.lang.String.valueOf(Unknown Source)
	at java.base/java.lang.StringBuilder.append(Unknown Source)
	at com.example.mail.model.Email.toString(Email.java:17)
	at java.base/java.lang.String.valueOf(Unknown Source)
	at java.base/java.lang.StringBuilder.append(Unknown Source)
	at com.example.mail.model.ContactAction.toString(ContactAction.java:15)
	at java.base/java.lang.String.valueOf(Unknown Source)
	at java.base/java.lang.StringBuilder.append(Unknown Source)
	at java.base/java.util.AbstractCollection.toString(Unknown Source)
	at org.hibernate.collection.internal.PersistentBag.toString(PersistentBag.java:622)
	at java.base/java.lang.String.valueOf(Unknown Source)
	at java.base/java.lang.StringBuilder.append(Unknown Source)
	at com.example.mail.model.Email.toString(Email.java:17)
	at java.base/java.lang.String.valueOf(Unknown Source)
	at java.base/java.lang.StringBuilder.append(Unknown Source)
	at com.example.mail.model.ContactAction.toString(ContactAction.java:15)
	at java.base/java.lang.String.valueOf(Unknown Source)
	at java.base/java.lang.StringBuilder.append(Unknown Source)
	at java.base/java.util.AbstractCollection.toString(Unknown Source)
	at org.hibernate.collection.internal.PersistentBag.toString(PersistentBag.java:622)
	at java.base/java.lang.String.valueOf(Unknown Source)
	at java.base/java.lang.StringBuilder.append(Unknown Source)
	at com.example.mail.model.Email.toString(Email.java:17)
	at java.base/java.lang.String.valueOf(Unknown Source)
	at java.base/java.lang.StringBuilder.append(Unknown Source)
	at com.example.mail.model.ContactAction.toString(ContactAction.java:15)
	at java.base/java.lang.String.valueOf(Unknown Source)
	at java.base/java.lang.StringBuilder.append(Unknown Source)
	at java.base/java.util.AbstractCollection.toString(Unknown Source)
	at org.hibernate.collection.internal.PersistentBag.toString(PersistentBag.java:622)
	at java.base/java.lang.String.valueOf(Unknown Source)
	at java.base/java.lang.StringBuilder.append(Unknown Source)
	at com.example.mail.model.Email.toString(Email.java:17)
	at java.base/java.lang.String.valueOf(Unknown Source)
	at java.base/java.lang.StringBuilder.append(Unknown Source)
	at com.example.mail.model.ContactAction.toString(ContactAction.java:15)
	at java.base/java.lang.String.valueOf(Unknown Source)
	at java.base/java.lang.StringBuilder.append(Unknown Source)
	at java.base/java.util.AbstractCollection.toString(Unknown Source)
	at org.hibernate.collection.internal.PersistentBag.toString(PersistentBag.java:622)
	at java.base/java.lang.String.valueOf(Unknown Source)
	at java.base/java.lang.StringBuilder.append(Unknown Source)
	at com.example.mail.model.Email.toString(Email.java:17)
	at java.base/java.lang.String.valueOf(Unknown Source)
	at java.base/java.lang.StringBuilder.append(Unknown Source)
	at com.example.mail.model.ContactAction.toString(ContactAction.java:15)
	at java.base/java.lang.String.valueOf(Unknown Source)
	at java.base/java.lang.StringBuilder.append(Unknown Source)
	at java.base/java.util.AbstractCollection.toString(Unknown Source)
	at org.hibernate.collection.internal.PersistentBag.toString(PersistentBag.java:622)
	at java.base/java.lang.String.valueOf(Unknown Source)
	at java.base/java.lang.StringBuilder.append(Unknown Source)
	at com.example.mail.model.Email.toString(Email.java:17)
	at java.base/java.lang.String.valueOf(Unknown Source)
	at java.base/java.lang.StringBuilder.append(Unknown Source)
	at com.example.mail.model.ContactAction.toString(ContactAction.java:15)
	at java.base/java.lang.String.valueOf(Unknown Source)
26-07-21 14:06:53.810 [main] INFO  com.example.mail.MailApplication - Starting MailApplication using Java 21.0.11 on Gaurang-Parmar with PID 15364 (C:\Users\AMD\Desktop\Email AACC\sbi-email-service-backend-main\target\classes started by AMD in C:\Users\AMD\Desktop\Email AACC\sbi-email-service-backend-main)
26-07-21 14:06:53.817 [main] INFO  com.example.mail.MailApplication - The following 1 profile is active: "dev"
26-07-21 14:06:54.626 [main] INFO  o.s.d.r.c.RepositoryConfigurationDelegate - Bootstrapping Spring Data JPA repositories in DEFAULT mode.
26-07-21 14:06:54.714 [main] INFO  o.s.d.r.c.RepositoryConfigurationDelegate - Finished Spring Data repository scanning in 69 ms. Found 7 JPA repository interfaces.
26-07-21 14:06:55.584 [main] INFO  o.s.b.w.e.tomcat.TomcatWebServer - Tomcat initialized with port(s): 8081 (http)
26-07-21 14:06:55.584 [main] INFO  o.a.coyote.http11.Http11NioProtocol - Initializing ProtocolHandler ["http-nio-8081"]
26-07-21 14:06:55.591 [main] INFO  o.a.catalina.core.StandardService - Starting service [Tomcat]
26-07-21 14:06:55.592 [main] INFO  o.a.catalina.core.StandardEngine - Starting Servlet engine: [Apache Tomcat/9.0.83]
26-07-21 14:06:55.745 [main] INFO  o.a.c.c.C.[Tomcat].[localhost].[/] - Initializing Spring embedded WebApplicationContext
26-07-21 14:06:55.745 [main] INFO  o.s.b.w.s.c.ServletWebServerApplicationContext - Root WebApplicationContext: initialization completed in 1883 ms
26-07-21 14:06:56.029 [main] INFO  o.h.jpa.internal.util.LogHelper - HHH000204: Processing PersistenceUnitInfo [name: default]
26-07-21 14:06:56.096 [main] INFO  org.hibernate.Version - HHH000412: Hibernate ORM core version 5.6.15.Final
26-07-21 14:06:56.239 [main] INFO  o.h.annotations.common.Version - HCANN000001: Hibernate Commons Annotations {5.1.2.Final}
26-07-21 14:06:56.603 [main] INFO  org.hibernate.dialect.Dialect - HHH000400: Using dialect: org.hibernate.dialect.SQLServerDialect
26-07-21 14:06:57.481 [main] INFO  o.h.e.t.j.p.i.JtaPlatformInitiator - HHH000490: Using JtaPlatform implementation: [org.hibernate.engine.transaction.jta.platform.internal.NoJtaPlatform]
26-07-21 14:06:57.501 [main] INFO  o.s.o.j.LocalContainerEntityManagerFactoryBean - Initialized JPA EntityManagerFactory for persistence unit 'default'
26-07-21 14:06:59.280 [main] WARN  o.s.b.a.o.j.JpaBaseConfiguration$JpaWebConfiguration - spring.jpa.open-in-view is enabled by default. Therefore, database queries may be performed during view rendering. Explicitly configure spring.jpa.open-in-view to disable this warning
26-07-21 14:07:00.279 [main] INFO  o.a.coyote.http11.Http11NioProtocol - Starting ProtocolHandler ["http-nio-8081"]
26-07-21 14:07:00.308 [main] INFO  o.s.b.w.e.tomcat.TomcatWebServer - Tomcat started on port(s): 8081 (http) with context path ''
26-07-21 14:07:00.590 [main] INFO  com.example.mail.MailApplication - Started MailApplication in 7.115 seconds (JVM running for 7.769)
26-07-21 14:07:07.429 [http-nio-8081-exec-2] INFO  o.a.c.c.C.[Tomcat].[localhost].[/] - Initializing Spring DispatcherServlet 'dispatcherServlet'
26-07-21 14:07:07.429 [http-nio-8081-exec-2] INFO  o.s.web.servlet.DispatcherServlet - Initializing Servlet 'dispatcherServlet'
26-07-21 14:07:07.430 [http-nio-8081-exec-2] INFO  o.s.web.servlet.DispatcherServlet - Completed initialization in 1 ms
26-07-21 14:08:39.136 [http-nio-8081-exec-2] ERROR o.a.c.c.C.[.[.[.[dispatcherServlet] - Servlet.service() for servlet [dispatcherServlet] in context with path [] threw exception [Handler dispatch failed; nested exception is java.lang.StackOverflowError] with root cause
java.lang.StackOverflowError: null
	at java.base/java.lang.System.arraycopy(Native Method)
	at java.base/java.lang.String.getBytes(Unknown Source)
	at java.base/java.lang.AbstractStringBuilder.putStringAt(Unknown Source)
	at java.base/java.lang.AbstractStringBuilder.append(Unknown Source)
	at java.base/java.lang.StringBuilder.append(Unknown Source)
	at com.example.mail.model.Email.toString(Email.java:17)
	at java.base/java.lang.String.valueOf(Unknown Source)
	at java.base/java.lang.StringBuilder.append(Unknown Source)
	at com.example.mail.model.ContactAction.toString(ContactAction.java:15)
	at java.base/java.lang.String.valueOf(Unknown Source)
	at java.base/java.lang.StringBuilder.append(Unknown Source)
	at java.base/java.util.AbstractCollection.toString(Unknown Source)
	at org.hibernate.collection.internal.PersistentBag.toString(PersistentBag.java:622)
	at java.base/java.lang.String.valueOf(Unknown Source)
	at java.base/java.lang.StringBuilder.append(Unknown Source)
	at com.example.mail.model.Email.toString(Email.java:17)
	at java.base/java.lang.String.valueOf(Unknown Source)
	at java.base/java.lang.StringBuilder.append(Unknown Source)
	at com.example.mail.model.ContactAction.toString(ContactAction.java:15)
	at java.base/java.lang.String.valueOf(Unknown Source)
	at java.base/java.lang.StringBuilder.append(Unknown Source)
	at java.base/java.util.AbstractCollection.toString(Unknown Source)
	at org.hibernate.collection.internal.PersistentBag.toString(PersistentBag.java:622)
	at java.base/java.lang.String.valueOf(Unknown Source)
	at java.base/java.lang.StringBuilder.append(Unknown Source)
	at com.example.mail.model.Email.toString(Email.java:17)
	at java.base/java.lang.String.valueOf(Unknown Source)
	at java.base/java.lang.StringBuilder.append(Unknown Source)
	at com.example.mail.model.ContactAction.toString(ContactAction.java:15)
	at java.base/java.lang.String.valueOf(Unknown Source)
	at java.base/java.lang.StringBuilder.append(Unknown Source)
	at java.base/java.util.AbstractCollection.toString(Unknown Source)
	at org.hibernate.collection.internal.PersistentBag.toString(PersistentBag.java:622)
	at java.base/java.lang.String.valueOf(Unknown Source)
	at java.base/java.lang.StringBuilder.append(Unknown Source)
	at com.example.mail.model.Email.toString(Email.java:17)
	at java.base/java.lang.String.valueOf(Unknown Source)
	at java.base/java.lang.StringBuilder.append(Unknown Source)
	at com.example.mail.model.ContactAction.toString(ContactAction.java:15)
	at java.base/java.lang.String.valueOf(Unknown Source)
	at java.base/java.lang.StringBuilder.append(Unknown Source)
	at java.base/java.util.AbstractCollection.toString(Unknown Source)
	at org.hibernate.collection.internal.PersistentBag.toString(PersistentBag.java:622)
	at java.base/java.lang.String.valueOf(Unknown Source)
	at java.base/java.lang.StringBuilder.append(Unknown Source)
	at com.example.mail.model.Email.toString(Email.java:17)
	at java.base/java.lang.String.valueOf(Unknown Source)
	at java.base/java.lang.StringBuilder.append(Unknown Source)
	at com.example.mail.model.ContactAction.toString(ContactAction.java:15)
	at java.base/java.lang.String.valueOf(Unknown Source)
	at java.base/java.lang.StringBuilder.append(Unknown Source)
	at java.base/java.util.AbstractCollection.toString(Unknown Source)
	at org.hibernate.collection.internal.PersistentBag.toString(PersistentBag.java:622)
	at java.base/java.lang.String.valueOf(Unknown Source)
	at java.base/java.lang.StringBuilder.append(Unknown Source)
	at com.example.mail.model.Email.toString(Email.java:17)
	at java.base/java.lang.String.valueOf(Unknown Source)
	at java.base/java.lang.StringBuilder.append(Unknown Source)
	at com.example.mail.model.ContactAction.toString(ContactAction.java:15)
	at java.base/java.lang.String.valueOf(Unknown Source)
	at java.base/java.lang.StringBuilder.append(Unknown Source)
	at java.base/java.util.AbstractCollection.toString(Unknown Source)
	at org.hibernate.collection.internal.PersistentBag.toString(PersistentBag.java:622)
	at java.base/java.lang.String.valueOf(Unknown Source)
	at java.base/java.lang.StringBuilder.append(Unknown Source)
	at com.example.mail.model.Email.toString(Email.java:17)
	at java.base/java.lang.String.valueOf(Unknown Source)
	at java.base/java.lang.StringBuilder.append(Unknown Source)
	at com.example.mail.model.ContactAction.toString(ContactAction.java:15)
	at java.base/java.lang.String.valueOf(Unknown Source)
	at java.base/java.lang.StringBuilder.append(Unknown Source)
	at java.base/java.util.AbstractCollection.toString(Unknown Source)
	at org.hibernate.collection.internal.PersistentBag.toString(PersistentBag.java:622)
	at java.base/java.lang.String.valueOf(Unknown Source)
	at java.base/java.lang.StringBuilder.append(Unknown Source)
	at com.example.mail.model.Email.toString(Email.java:17)
	at java.base/java.lang.String.valueOf(Unknown Source)
	at java.base/java.lang.StringBuilder.append(Unknown Source)
	at com.example.mail.model.ContactAction.toString(ContactAction.java:15)
	at java.base/java.lang.String.valueOf(Unknown Source)
	at java.base/java.lang.StringBuilder.append(Unknown Source)
	at java.base/java.util.AbstractCollection.toString(Unknown Source)
	at org.hibernate.collection.internal.PersistentBag.toString(PersistentBag.java:622)
	at java.base/java.lang.String.valueOf(Unknown Source)
	at java.base/java.lang.StringBuilder.append(Unknown Source)
	at com.example.mail.model.Email.toString(Email.java:17)
	at java.base/java.lang.String.valueOf(Unknown Source)
	at java.base/java.lang.StringBuilder.append(Unknown Source)
	at com.example.mail.model.ContactAction.toString(ContactAction.java:15)
	at java.base/java.lang.String.valueOf(Unknown Source)
	at java.base/java.lang.StringBuilder.append(Unknown Source)
	at java.base/java.util.AbstractCollection.toString(Unknown Source)
	at org.hibernate.collection.internal.PersistentBag.toString(PersistentBag.java:622)
	at java.base/java.lang.String.valueOf(Unknown Source)
	at java.base/java.lang.StringBuilder.append(Unknown Source)
	at com.example.mail.model.Email.toString(Email.java:17)
	at java.base/java.lang.String.valueOf(Unknown Source)
	at java.base/java.lang.StringBuilder.append(Unknown Source)
	at com.example.mail.model.ContactAction.toString(ContactAction.java:15)
	at java.base/java.lang.String.valueOf(Unknown Source)
	at java.base/java.lang.StringBuilder.append(Unknown Source)
	at java.base/java.util.AbstractCollection.toString(Unknown Source)
	at org.hibernate.collection.internal.PersistentBag.toString(PersistentBag.java:622)
	at java.base/java.lang.String.valueOf(Unknown Source)
	at java.base/java.lang.StringBuilder.append(Unknown Source)
	at com.example.mail.model.Email.toString(Email.java:17)
	at java.base/java.lang.String.valueOf(Unknown Source)
	at java.base/java.lang.StringBuilder.append(Unknown Source)
	at com.example.mail.model.ContactAction.toString(ContactAction.java:15)
	at java.base/java.lang.String.valueOf(Unknown Source)
	at java.base/java.lang.StringBuilder.append(Unknown Source)
	at java.base/java.util.AbstractCollection.toString(Unknown Source)
	at org.hibernate.collection.internal.PersistentBag.toString(PersistentBag.java:622)
	at java.base/java.lang.String.valueOf(Unknown Source)
	at java.base/java.lang.StringBuilder.append(Unknown Source)
	at com.example.mail.model.Email.toString(Email.java:17)
	at java.base/java.lang.String.valueOf(Unknown Source)
	at java.base/java.lang.StringBuilder.append(Unknown Source)
	at com.example.mail.model.ContactAction.toString(ContactAction.java:15)
	at java.base/java.lang.String.valueOf(Unknown Source)
	at java.base/java.lang.StringBuilder.append(Unknown Source)
	at java.base/java.util.AbstractCollection.toString(Unknown Source)
	at org.hibernate.collection.internal.PersistentBag.toString(PersistentBag.java:622)
	at java.base/java.lang.String.valueOf(Unknown Source)
	at java.base/java.lang.StringBuilder.append(Unknown Source)
	at com.example.mail.model.Email.toString(Email.java:17)
	at java.base/java.lang.String.valueOf(Unknown Source)
	at java.base/java.lang.StringBuilder.append(Unknown Source)
	at com.example.mail.model.ContactAction.toString(ContactAction.java:15)
	at java.base/java.lang.String.valueOf(Unknown Source)
	at java.base/java.lang.StringBuilder.append(Unknown Source)
	at java.base/java.util.AbstractCollection.toString(Unknown Source)
	at org.hibernate.collection.internal.PersistentBag.toString(PersistentBag.java:622)
	at java.base/java.lang.String.valueOf(Unknown Source)
	at java.base/java.lang.StringBuilder.append(Unknown Source)
	at com.example.mail.model.Email.toString(Email.java:17)
	at java.base/java.lang.String.valueOf(Unknown Source)
	at java.base/java.lang.StringBuilder.append(Unknown Source)
	at com.example.mail.model.ContactAction.toString(ContactAction.java:15)
	at java.base/java.lang.String.valueOf(Unknown Source)
	at java.base/java.lang.StringBuilder.append(Unknown Source)
	at java.base/java.util.AbstractCollection.toString(Unknown Source)
	at org.hibernate.collection.internal.PersistentBag.toString(PersistentBag.java:622)
	at java.base/java.lang.String.valueOf(Unknown Source)
	at java.base/java.lang.StringBuilder.append(Unknown Source)
	at com.example.mail.model.Email.toString(Email.java:17)
	at java.base/java.lang.String.valueOf(Unknown Source)
	at java.base/java.lang.StringBuilder.append(Unknown Source)
	at com.example.mail.model.ContactAction.toString(ContactAction.java:15)
	at java.base/java.lang.String.valueOf(Unknown Source)
	at java.base/java.lang.StringBuilder.append(Unknown Source)
	at java.base/java.util.AbstractCollection.toString(Unknown Source)
	at org.hibernate.collection.internal.PersistentBag.toString(PersistentBag.java:622)
	at java.base/java.lang.String.valueOf(Unknown Source)
	at java.base/java.lang.StringBuilder.append(Unknown Source)
	at com.example.mail.model.Email.toString(Email.java:17)
	at java.base/java.lang.String.valueOf(Unknown Source)
	at java.base/java.lang.StringBuilder.append(Unknown Source)
	at com.example.mail.model.ContactAction.toString(ContactAction.java:15)
	at java.base/java.lang.String.valueOf(Unknown Source)
	at java.base/java.lang.StringBuilder.append(Unknown Source)
	at java.base/java.util.AbstractCollection.toString(Unknown Source)
	at org.hibernate.collection.internal.PersistentBag.toString(PersistentBag.java:622)
	at java.base/java.lang.String.valueOf(Unknown Source)
	at java.base/java.lang.StringBuilder.append(Unknown Source)
	at com.example.mail.model.Email.toString(Email.java:17)
	at java.base/java.lang.String.valueOf(Unknown Source)
	at java.base/java.lang.StringBuilder.append(Unknown Source)
	at com.example.mail.model.ContactAction.toString(ContactAction.java:15)
	at java.base/java.lang.String.valueOf(Unknown Source)
	at java.base/java.lang.StringBuilder.append(Unknown Source)
	at java.base/java.util.AbstractCollection.toString(Unknown Source)
	at org.hibernate.collection.internal.PersistentBag.toString(PersistentBag.java:622)
	at java.base/java.lang.String.valueOf(Unknown Source)
	at java.base/java.lang.StringBuilder.append(Unknown Source)
	at com.example.mail.model.Email.toString(Email.java:17)
	at java.base/java.lang.String.valueOf(Unknown Source)
	at java.base/java.lang.StringBuilder.append(Unknown Source)
	at com.example.mail.model.ContactAction.toString(ContactAction.java:15)
	at java.base/java.lang.String.valueOf(Unknown Source)
	at java.base/java.lang.StringBuilder.append(Unknown Source)
	at java.base/java.util.AbstractCollection.toString(Unknown Source)
	at org.hibernate.collection.internal.PersistentBag.toString(PersistentBag.java:622)
	at java.base/java.lang.String.valueOf(Unknown Source)
	at java.base/java.lang.StringBuilder.append(Unknown Source)
	at com.example.mail.model.Email.toString(Email.java:17)
	at java.base/java.lang.String.valueOf(Unknown Source)
	at java.base/java.lang.StringBuilder.append(Unknown Source)
	at com.example.mail.model.ContactAction.toString(ContactAction.java:15)
	at java.base/java.lang.String.valueOf(Unknown Source)
	at java.base/java.lang.StringBuilder.append(Unknown Source)
	at java.base/java.util.AbstractCollection.toString(Unknown Source)
	at org.hibernate.collection.internal.PersistentBag.toString(PersistentBag.java:622)
	at java.base/java.lang.String.valueOf(Unknown Source)
	at java.base/java.lang.StringBuilder.append(Unknown Source)
	at com.example.mail.model.Email.toString(Email.java:17)
	at java.base/java.lang.String.valueOf(Unknown Source)
	at java.base/java.lang.StringBuilder.append(Unknown Source)
	at com.example.mail.model.ContactAction.toString(ContactAction.java:15)
	at java.base/java.lang.String.valueOf(Unknown Source)
	at java.base/java.lang.StringBuilder.append(Unknown Source)
	at java.base/java.util.AbstractCollection.toString(Unknown Source)
	at org.hibernate.collection.internal.PersistentBag.toString(PersistentBag.java:622)
	at java.base/java.lang.String.valueOf(Unknown Source)
	at java.base/java.lang.StringBuilder.append(Unknown Source)
	at com.example.mail.model.Email.toString(Email.java:17)
	at java.base/java.lang.String.valueOf(Unknown Source)
	at java.base/java.lang.StringBuilder.append(Unknown Source)
	at com.example.mail.model.ContactAction.toString(ContactAction.java:15)
	at java.base/java.lang.String.valueOf(Unknown Source)
	at java.base/java.lang.StringBuilder.append(Unknown Source)
	at java.base/java.util.AbstractCollection.toString(Unknown Source)
	at org.hibernate.collection.internal.PersistentBag.toString(PersistentBag.java:622)
	at java.base/java.lang.String.valueOf(Unknown Source)
	at java.base/java.lang.StringBuilder.append(Unknown Source)
	at com.example.mail.model.Email.toString(Email.java:17)
	at java.base/java.lang.String.valueOf(Unknown Source)
	at java.base/java.lang.StringBuilder.append(Unknown Source)
	at com.example.mail.model.ContactAction.toString(ContactAction.java:15)
	at java.base/java.lang.String.valueOf(Unknown Source)
	at java.base/java.lang.StringBuilder.append(Unknown Source)
	at java.base/java.util.AbstractCollection.toString(Unknown Source)
	at org.hibernate.collection.internal.PersistentBag.toString(PersistentBag.java:622)
	at java.base/java.lang.String.valueOf(Unknown Source)
	at java.base/java.lang.StringBuilder.append(Unknown Source)
	at com.example.mail.model.Email.toString(Email.java:17)
	at java.base/java.lang.String.valueOf(Unknown Source)
	at java.base/java.lang.StringBuilder.append(Unknown Source)
	at com.example.mail.model.ContactAction.toString(ContactAction.java:15)
	at java.base/java.lang.String.valueOf(Unknown Source)
	at java.base/java.lang.StringBuilder.append(Unknown Source)
	at java.base/java.util.AbstractCollection.toString(Unknown Source)
	at org.hibernate.collection.internal.PersistentBag.toString(PersistentBag.java:622)
	at java.base/java.lang.String.valueOf(Unknown Source)
	at java.base/java.lang.StringBuilder.append(Unknown Source)
	at com.example.mail.model.Email.toString(Email.java:17)
	at java.base/java.lang.String.valueOf(Unknown Source)
	at java.base/java.lang.StringBuilder.append(Unknown Source)
	at com.example.mail.model.ContactAction.toString(ContactAction.java:15)
	at java.base/java.lang.String.valueOf(Unknown Source)
	at java.base/java.lang.StringBuilder.append(Unknown Source)
	at java.base/java.util.AbstractCollection.toString(Unknown Source)
	at org.hibernate.collection.internal.PersistentBag.toString(PersistentBag.java:622)
	at java.base/java.lang.String.valueOf(Unknown Source)
	at java.base/java.lang.StringBuilder.append(Unknown Source)
	at com.example.mail.model.Email.toString(Email.java:17)
	at java.base/java.lang.String.valueOf(Unknown Source)
	at java.base/java.lang.StringBuilder.append(Unknown Source)
	at com.example.mail.model.ContactAction.toString(ContactAction.java:15)
	at java.base/java.lang.String.valueOf(Unknown Source)
	at java.base/java.lang.StringBuilder.append(Unknown Source)
	at java.base/java.util.AbstractCollection.toString(Unknown Source)
	at org.hibernate.collection.internal.PersistentBag.toString(PersistentBag.java:622)
	at java.base/java.lang.String.valueOf(Unknown Source)
	at java.base/java.lang.StringBuilder.append(Unknown Source)
	at com.example.mail.model.Email.toString(Email.java:17)
	at java.base/java.lang.String.valueOf(Unknown Source)
	at java.base/java.lang.StringBuilder.append(Unknown Source)
	at com.example.mail.model.ContactAction.toString(ContactAction.java:15)
	at java.base/java.lang.String.valueOf(Unknown Source)
	at java.base/java.lang.StringBuilder.append(Unknown Source)
	at java.base/java.util.AbstractCollection.toString(Unknown Source)
	at org.hibernate.collection.internal.PersistentBag.toString(PersistentBag.java:622)
	at java.base/java.lang.String.valueOf(Unknown Source)
	at java.base/java.lang.StringBuilder.append(Unknown Source)
	at com.example.mail.model.Email.toString(Email.java:17)
	at java.base/java.lang.String.valueOf(Unknown Source)
	at java.base/java.lang.StringBuilder.append(Unknown Source)
	at com.example.mail.model.ContactAction.toString(ContactAction.java:15)
	at java.base/java.lang.String.valueOf(Unknown Source)
	at java.base/java.lang.StringBuilder.append(Unknown Source)
	at java.base/java.util.AbstractCollection.toString(Unknown Source)
	at org.hibernate.collection.internal.PersistentBag.toString(PersistentBag.java:622)
	at java.base/java.lang.String.valueOf(Unknown Source)
	at java.base/java.lang.StringBuilder.append(Unknown Source)
	at com.example.mail.model.Email.toString(Email.java:17)
	at java.base/java.lang.String.valueOf(Unknown Source)
	at java.base/java.lang.StringBuilder.append(Unknown Source)
	at com.example.mail.model.ContactAction.toString(ContactAction.java:15)
	at java.base/java.lang.String.valueOf(Unknown Source)
	at java.base/java.lang.StringBuilder.append(Unknown Source)
	at java.base/java.util.AbstractCollection.toString(Unknown Source)
	at org.hibernate.collection.internal.PersistentBag.toString(PersistentBag.java:622)
	at java.base/java.lang.String.valueOf(Unknown Source)
	at java.base/java.lang.StringBuilder.append(Unknown Source)
	at com.example.mail.model.Email.toString(Email.java:17)
	at java.base/java.lang.String.valueOf(Unknown Source)
	at java.base/java.lang.StringBuilder.append(Unknown Source)
	at com.example.mail.model.ContactAction.toString(ContactAction.java:15)
	at java.base/java.lang.String.valueOf(Unknown Source)
	at java.base/java.lang.StringBuilder.append(Unknown Source)
	at java.base/java.util.AbstractCollection.toString(Unknown Source)
	at org.hibernate.collection.internal.PersistentBag.toString(PersistentBag.java:622)
	at java.base/java.lang.String.valueOf(Unknown Source)
	at java.base/java.lang.StringBuilder.append(Unknown Source)
	at com.example.mail.model.Email.toString(Email.java:17)
	at java.base/java.lang.String.valueOf(Unknown Source)
	at java.base/java.lang.StringBuilder.append(Unknown Source)
	at com.example.mail.model.ContactAction.toString(ContactAction.java:15)
	at java.base/java.lang.String.valueOf(Unknown Source)
	at java.base/java.lang.StringBuilder.append(Unknown Source)
	at java.base/java.util.AbstractCollection.toString(Unknown Source)
	at org.hibernate.collection.internal.PersistentBag.toString(PersistentBag.java:622)
	at java.base/java.lang.String.valueOf(Unknown Source)
	at java.base/java.lang.StringBuilder.append(Unknown Source)
	at com.example.mail.model.Email.toString(Email.java:17)
	at java.base/java.lang.String.valueOf(Unknown Source)
	at java.base/java.lang.StringBuilder.append(Unknown Source)
	at com.example.mail.model.ContactAction.toString(ContactAction.java:15)
	at java.base/java.lang.String.valueOf(Unknown Source)
	at java.base/java.lang.StringBuilder.append(Unknown Source)
	at java.base/java.util.AbstractCollection.toString(Unknown Source)
	at org.hibernate.collection.internal.PersistentBag.toString(PersistentBag.java:622)
	at java.base/java.lang.String.valueOf(Unknown Source)
	at java.base/java.lang.StringBuilder.append(Unknown Source)
	at com.example.mail.model.Email.toString(Email.java:17)
	at java.base/java.lang.String.valueOf(Unknown Source)
	at java.base/java.lang.StringBuilder.append(Unknown Source)
	at com.example.mail.model.ContactAction.toString(ContactAction.java:15)
	at java.base/java.lang.String.valueOf(Unknown Source)
	at java.base/java.lang.StringBuilder.append(Unknown Source)
	at java.base/java.util.AbstractCollection.toString(Unknown Source)
	at org.hibernate.collection.internal.PersistentBag.toString(PersistentBag.java:622)
	at java.base/java.lang.String.valueOf(Unknown Source)
	at java.base/java.lang.StringBuilder.append(Unknown Source)
	at com.example.mail.model.Email.toString(Email.java:17)
	at java.base/java.lang.String.valueOf(Unknown Source)
	at java.base/java.lang.StringBuilder.append(Unknown Source)
	at com.example.mail.model.ContactAction.toString(ContactAction.java:15)
	at java.base/java.lang.String.valueOf(Unknown Source)
	at java.base/java.lang.StringBuilder.append(Unknown Source)
	at java.base/java.util.AbstractCollection.toString(Unknown Source)
	at org.hibernate.collection.internal.PersistentBag.toString(PersistentBag.java:622)
	at java.base/java.lang.String.valueOf(Unknown Source)
	at java.base/java.lang.StringBuilder.append(Unknown Source)
	at com.example.mail.model.Email.toString(Email.java:17)
	at java.base/java.lang.String.valueOf(Unknown Source)
	at java.base/java.lang.StringBuilder.append(Unknown Source)
	at com.example.mail.model.ContactAction.toString(ContactAction.java:15)
	at java.base/java.lang.String.valueOf(Unknown Source)
	at java.base/java.lang.StringBuilder.append(Unknown Source)
	at java.base/java.util.AbstractCollection.toString(Unknown Source)
	at org.hibernate.collection.internal.PersistentBag.toString(PersistentBag.java:622)
	at java.base/java.lang.String.valueOf(Unknown Source)
	at java.base/java.lang.StringBuilder.append(Unknown Source)
	at com.example.mail.model.Email.toString(Email.java:17)
	at java.base/java.lang.String.valueOf(Unknown Source)
	at java.base/java.lang.StringBuilder.append(Unknown Source)
	at com.example.mail.model.ContactAction.toString(ContactAction.java:15)
	at java.base/java.lang.String.valueOf(Unknown Source)
	at java.base/java.lang.StringBuilder.append(Unknown Source)
	at java.base/java.util.AbstractCollection.toString(Unknown Source)
	at org.hibernate.collection.internal.PersistentBag.toString(PersistentBag.java:622)
	at java.base/java.lang.String.valueOf(Unknown Source)
	at java.base/java.lang.StringBuilder.append(Unknown Source)
	at com.example.mail.model.Email.toString(Email.java:17)
	at java.base/java.lang.String.valueOf(Unknown Source)
	at java.base/java.lang.StringBuilder.append(Unknown Source)
	at com.example.mail.model.ContactAction.toString(ContactAction.java:15)
	at java.base/java.lang.String.valueOf(Unknown Source)
	at java.base/java.lang.StringBuilder.append(Unknown Source)
	at java.base/java.util.AbstractCollection.toString(Unknown Source)
	at org.hibernate.collection.internal.PersistentBag.toString(PersistentBag.java:622)
	at java.base/java.lang.String.valueOf(Unknown Source)
	at java.base/java.lang.StringBuilder.append(Unknown Source)
	at com.example.mail.model.Email.toString(Email.java:17)
	at java.base/java.lang.String.valueOf(Unknown Source)
	at java.base/java.lang.StringBuilder.append(Unknown Source)
	at com.example.mail.model.ContactAction.toString(ContactAction.java:15)
	at java.base/java.lang.String.valueOf(Unknown Source)
	at java.base/java.lang.StringBuilder.append(Unknown Source)
	at java.base/java.util.AbstractCollection.toString(Unknown Source)
	at org.hibernate.collection.internal.PersistentBag.toString(PersistentBag.java:622)
	at java.base/java.lang.String.valueOf(Unknown Source)
	at java.base/java.lang.StringBuilder.append(Unknown Source)
	at com.example.mail.model.Email.toString(Email.java:17)
	at java.base/java.lang.String.valueOf(Unknown Source)
	at java.base/java.lang.StringBuilder.append(Unknown Source)
	at com.example.mail.model.ContactAction.toString(ContactAction.java:15)
	at java.base/java.lang.String.valueOf(Unknown Source)
	at java.base/java.lang.StringBuilder.append(Unknown Source)
	at java.base/java.util.AbstractCollection.toString(Unknown Source)
	at org.hibernate.collection.internal.PersistentBag.toString(PersistentBag.java:622)
	at java.base/java.lang.String.valueOf(Unknown Source)
	at java.base/java.lang.StringBuilder.append(Unknown Source)
	at com.example.mail.model.Email.toString(Email.java:17)
	at java.base/java.lang.String.valueOf(Unknown Source)
	at java.base/java.lang.StringBuilder.append(Unknown Source)
	at com.example.mail.model.ContactAction.toString(ContactAction.java:15)
	at java.base/java.lang.String.valueOf(Unknown Source)
	at java.base/java.lang.StringBuilder.append(Unknown Source)
	at java.base/java.util.AbstractCollection.toString(Unknown Source)
	at org.hibernate.collection.internal.PersistentBag.toString(PersistentBag.java:622)
	at java.base/java.lang.String.valueOf(Unknown Source)
	at java.base/java.lang.StringBuilder.append(Unknown Source)
	at com.example.mail.model.Email.toString(Email.java:17)
	at java.base/java.lang.String.valueOf(Unknown Source)
	at java.base/java.lang.StringBuilder.append(Unknown Source)
	at com.example.mail.model.ContactAction.toString(ContactAction.java:15)
	at java.base/java.lang.String.valueOf(Unknown Source)
	at java.base/java.lang.StringBuilder.append(Unknown Source)
	at java.base/java.util.AbstractCollection.toString(Unknown Source)
	at org.hibernate.collection.internal.PersistentBag.toString(PersistentBag.java:622)
	at java.base/java.lang.String.valueOf(Unknown Source)
	at java.base/java.lang.StringBuilder.append(Unknown Source)
	at com.example.mail.model.Email.toString(Email.java:17)
	at java.base/java.lang.String.valueOf(Unknown Source)
	at java.base/java.lang.StringBuilder.append(Unknown Source)
	at com.example.mail.model.ContactAction.toString(ContactAction.java:15)
	at java.base/java.lang.String.valueOf(Unknown Source)
	at java.base/java.lang.StringBuilder.append(Unknown Source)
	at java.base/java.util.AbstractCollection.toString(Unknown Source)
	at org.hibernate.collection.internal.PersistentBag.toString(PersistentBag.java:622)
	at java.base/java.lang.String.valueOf(Unknown Source)
	at java.base/java.lang.StringBuilder.append(Unknown Source)
	at com.example.mail.model.Email.toString(Email.java:17)
	at java.base/java.lang.String.valueOf(Unknown Source)
	at java.base/java.lang.StringBuilder.append(Unknown Source)
	at com.example.mail.model.ContactAction.toString(ContactAction.java:15)
	at java.base/java.lang.String.valueOf(Unknown Source)
	at java.base/java.lang.StringBuilder.append(Unknown Source)
	at java.base/java.util.AbstractCollection.toString(Unknown Source)
	at org.hibernate.collection.internal.PersistentBag.toString(PersistentBag.java:622)
	at java.base/java.lang.String.valueOf(Unknown Source)
	at java.base/java.lang.StringBuilder.append(Unknown Source)
	at com.example.mail.model.Email.toString(Email.java:17)
	at java.base/java.lang.String.valueOf(Unknown Source)
	at java.base/java.lang.StringBuilder.append(Unknown Source)
	at com.example.mail.model.ContactAction.toString(ContactAction.java:15)
	at java.base/java.lang.String.valueOf(Unknown Source)
	at java.base/java.lang.StringBuilder.append(Unknown Source)
	at java.base/java.util.AbstractCollection.toString(Unknown Source)
	at org.hibernate.collection.internal.PersistentBag.toString(PersistentBag.java:622)
	at java.base/java.lang.String.valueOf(Unknown Source)
	at java.base/java.lang.StringBuilder.append(Unknown Source)
	at com.example.mail.model.Email.toString(Email.java:17)
	at java.base/java.lang.String.valueOf(Unknown Source)
	at java.base/java.lang.StringBuilder.append(Unknown Source)
	at com.example.mail.model.ContactAction.toString(ContactAction.java:15)
	at java.base/java.lang.String.valueOf(Unknown Source)
	at java.base/java.lang.StringBuilder.append(Unknown Source)
	at java.base/java.util.AbstractCollection.toString(Unknown Source)
	at org.hibernate.collection.internal.PersistentBag.toString(PersistentBag.java:622)
	at java.base/java.lang.String.valueOf(Unknown Source)
	at java.base/java.lang.StringBuilder.append(Unknown Source)
	at com.example.mail.model.Email.toString(Email.java:17)
	at java.base/java.lang.String.valueOf(Unknown Source)
	at java.base/java.lang.StringBuilder.append(Unknown Source)
	at com.example.mail.model.ContactAction.toString(ContactAction.java:15)
	at java.base/java.lang.String.valueOf(Unknown Source)
	at java.base/java.lang.StringBuilder.append(Unknown Source)
	at java.base/java.util.AbstractCollection.toString(Unknown Source)
	at org.hibernate.collection.internal.PersistentBag.toString(PersistentBag.java:622)
	at java.base/java.lang.String.valueOf(Unknown Source)
	at java.base/java.lang.StringBuilder.append(Unknown Source)
	at com.example.mail.model.Email.toString(Email.java:17)
	at java.base/java.lang.String.valueOf(Unknown Source)
	at java.base/java.lang.StringBuilder.append(Unknown Source)
	at com.example.mail.model.ContactAction.toString(ContactAction.java:15)
	at java.base/java.lang.String.valueOf(Unknown Source)
	at java.base/java.lang.StringBuilder.append(Unknown Source)
	at java.base/java.util.AbstractCollection.toString(Unknown Source)
	at org.hibernate.collection.internal.PersistentBag.toString(PersistentBag.java:622)
	at java.base/java.lang.String.valueOf(Unknown Source)
	at java.base/java.lang.StringBuilder.append(Unknown Source)
	at com.example.mail.model.Email.toString(Email.java:17)
	at java.base/java.lang.String.valueOf(Unknown Source)
	at java.base/java.lang.StringBuilder.append(Unknown Source)
	at com.example.mail.model.ContactAction.toString(ContactAction.java:15)
	at java.base/java.lang.String.valueOf(Unknown Source)
	at java.base/java.lang.StringBuilder.append(Unknown Source)
	at java.base/java.util.AbstractCollection.toString(Unknown Source)
	at org.hibernate.collection.internal.PersistentBag.toString(PersistentBag.java:622)
	at java.base/java.lang.String.valueOf(Unknown Source)
	at java.base/java.lang.StringBuilder.append(Unknown Source)
	at com.example.mail.model.Email.toString(Email.java:17)
	at java.base/java.lang.String.valueOf(Unknown Source)
	at java.base/java.lang.StringBuilder.append(Unknown Source)
	at com.example.mail.model.ContactAction.toString(ContactAction.java:15)
	at java.base/java.lang.String.valueOf(Unknown Source)
	at java.base/java.lang.StringBuilder.append(Unknown Source)
	at java.base/java.util.AbstractCollection.toString(Unknown Source)
	at org.hibernate.collection.internal.PersistentBag.toString(PersistentBag.java:622)
	at java.base/java.lang.String.valueOf(Unknown Source)
	at java.base/java.lang.StringBuilder.append(Unknown Source)
	at com.example.mail.model.Email.toString(Email.java:17)
	at java.base/java.lang.String.valueOf(Unknown Source)
	at java.base/java.lang.StringBuilder.append(Unknown Source)
	at com.example.mail.model.ContactAction.toString(ContactAction.java:15)
	at java.base/java.lang.String.valueOf(Unknown Source)
	at java.base/java.lang.StringBuilder.append(Unknown Source)
	at java.base/java.util.AbstractCollection.toString(Unknown Source)
	at org.hibernate.collection.internal.PersistentBag.toString(PersistentBag.java:622)
	at java.base/java.lang.String.valueOf(Unknown Source)
	at java.base/java.lang.StringBuilder.append(Unknown Source)
	at com.example.mail.model.Email.toString(Email.java:17)
	at java.base/java.lang.String.valueOf(Unknown Source)
	at java.base/java.lang.StringBuilder.append(Unknown Source)
	at com.example.mail.model.ContactAction.toString(ContactAction.java:15)
	at java.base/java.lang.String.valueOf(Unknown Source)
	at java.base/java.lang.StringBuilder.append(Unknown Source)
	at java.base/java.util.AbstractCollection.toString(Unknown Source)
	at org.hibernate.collection.internal.PersistentBag.toString(PersistentBag.java:622)
	at java.base/java.lang.String.valueOf(Unknown Source)
	at java.base/java.lang.StringBuilder.append(Unknown Source)
	at com.example.mail.model.Email.toString(Email.java:17)
	at java.base/java.lang.String.valueOf(Unknown Source)
	at java.base/java.lang.StringBuilder.append(Unknown Source)
	at com.example.mail.model.ContactAction.toString(ContactAction.java:15)
	at java.base/java.lang.String.valueOf(Unknown Source)
	at java.base/java.lang.StringBuilder.append(Unknown Source)
	at java.base/java.util.AbstractCollection.toString(Unknown Source)
	at org.hibernate.collection.internal.PersistentBag.toString(PersistentBag.java:622)
	at java.base/java.lang.String.valueOf(Unknown Source)
	at java.base/java.lang.StringBuilder.append(Unknown Source)
	at com.example.mail.model.Email.toString(Email.java:17)
	at java.base/java.lang.String.valueOf(Unknown Source)
	at java.base/java.lang.StringBuilder.append(Unknown Source)
	at com.example.mail.model.ContactAction.toString(ContactAction.java:15)
	at java.base/java.lang.String.valueOf(Unknown Source)
	at java.base/java.lang.StringBuilder.append(Unknown Source)
	at java.base/java.util.AbstractCollection.toString(Unknown Source)
	at org.hibernate.collection.internal.PersistentBag.toString(PersistentBag.java:622)
	at java.base/java.lang.String.valueOf(Unknown Source)
	at java.base/java.lang.StringBuilder.append(Unknown Source)
	at com.example.mail.model.Email.toString(Email.java:17)
	at java.base/java.lang.String.valueOf(Unknown Source)
	at java.base/java.lang.StringBuilder.append(Unknown Source)
	at com.example.mail.model.ContactAction.toString(ContactAction.java:15)
	at java.base/java.lang.String.valueOf(Unknown Source)
	at java.base/java.lang.StringBuilder.append(Unknown Source)
	at java.base/java.util.AbstractCollection.toString(Unknown Source)
	at org.hibernate.collection.internal.PersistentBag.toString(PersistentBag.java:622)
	at java.base/java.lang.String.valueOf(Unknown Source)
	at java.base/java.lang.StringBuilder.append(Unknown Source)
	at com.example.mail.model.Email.toString(Email.java:17)
	at java.base/java.lang.String.valueOf(Unknown Source)
	at java.base/java.lang.StringBuilder.append(Unknown Source)
	at com.example.mail.model.ContactAction.toString(ContactAction.java:15)
	at java.base/java.lang.String.valueOf(Unknown Source)
	at java.base/java.lang.StringBuilder.append(Unknown Source)
	at java.base/java.util.AbstractCollection.toString(Unknown Source)
	at org.hibernate.collection.internal.PersistentBag.toString(PersistentBag.java:622)
	at java.base/java.lang.String.valueOf(Unknown Source)
	at java.base/java.lang.StringBuilder.append(Unknown Source)
	at com.example.mail.model.Email.toString(Email.java:17)
	at java.base/java.lang.String.valueOf(Unknown Source)
	at java.base/java.lang.StringBuilder.append(Unknown Source)
	at com.example.mail.model.ContactAction.toString(ContactAction.java:15)
	at java.base/java.lang.String.valueOf(Unknown Source)
	at java.base/java.lang.StringBuilder.append(Unknown Source)
	at java.base/java.util.AbstractCollection.toString(Unknown Source)
	at org.hibernate.collection.internal.PersistentBag.toString(PersistentBag.java:622)
	at java.base/java.lang.String.valueOf(Unknown Source)
	at java.base/java.lang.StringBuilder.append(Unknown Source)
	at com.example.mail.model.Email.toString(Email.java:17)
	at java.base/java.lang.String.valueOf(Unknown Source)
	at java.base/java.lang.StringBuilder.append(Unknown Source)
	at com.example.mail.model.ContactAction.toString(ContactAction.java:15)
	at java.base/java.lang.String.valueOf(Unknown Source)
	at java.base/java.lang.StringBuilder.append(Unknown Source)
	at java.base/java.util.AbstractCollection.toString(Unknown Source)
	at org.hibernate.collection.internal.PersistentBag.toString(PersistentBag.java:622)
	at java.base/java.lang.String.valueOf(Unknown Source)
	at java.base/java.lang.StringBuilder.append(Unknown Source)
	at com.example.mail.model.Email.toString(Email.java:17)
	at java.base/java.lang.String.valueOf(Unknown Source)
	at java.base/java.lang.StringBuilder.append(Unknown Source)
	at com.example.mail.model.ContactAction.toString(ContactAction.java:15)
	at java.base/java.lang.String.valueOf(Unknown Source)
	at java.base/java.lang.StringBuilder.append(Unknown Source)
	at java.base/java.util.AbstractCollection.toString(Unknown Source)
	at org.hibernate.collection.internal.PersistentBag.toString(PersistentBag.java:622)
	at java.base/java.lang.String.valueOf(Unknown Source)
	at java.base/java.lang.StringBuilder.append(Unknown Source)
	at com.example.mail.model.Email.toString(Email.java:17)
	at java.base/java.lang.String.valueOf(Unknown Source)
	at java.base/java.lang.StringBuilder.append(Unknown Source)
	at com.example.mail.model.ContactAction.toString(ContactAction.java:15)
	at java.base/java.lang.String.valueOf(Unknown Source)
	at java.base/java.lang.StringBuilder.append(Unknown Source)
	at java.base/java.util.AbstractCollection.toString(Unknown Source)
	at org.hibernate.collection.internal.PersistentBag.toString(PersistentBag.java:622)
	at java.base/java.lang.String.valueOf(Unknown Source)
	at java.base/java.lang.StringBuilder.append(Unknown Source)
	at com.example.mail.model.Email.toString(Email.java:17)
	at java.base/java.lang.String.valueOf(Unknown Source)
	at java.base/java.lang.StringBuilder.append(Unknown Source)
	at com.example.mail.model.ContactAction.toString(ContactAction.java:15)
	at java.base/java.lang.String.valueOf(Unknown Source)
	at java.base/java.lang.StringBuilder.append(Unknown Source)
	at java.base/java.util.AbstractCollection.toString(Unknown Source)
	at org.hibernate.collection.internal.PersistentBag.toString(PersistentBag.java:622)
	at java.base/java.lang.String.valueOf(Unknown Source)
	at java.base/java.lang.StringBuilder.append(Unknown Source)
	at com.example.mail.model.Email.toString(Email.java:17)
	at java.base/java.lang.String.valueOf(Unknown Source)
	at java.base/java.lang.StringBuilder.append(Unknown Source)
	at com.example.mail.model.ContactAction.toString(ContactAction.java:15)
	at java.base/java.lang.String.valueOf(Unknown Source)
	at java.base/java.lang.StringBuilder.append(Unknown Source)
	at java.base/java.util.AbstractCollection.toString(Unknown Source)
	at org.hibernate.collection.internal.PersistentBag.toString(PersistentBag.java:622)
	at java.base/java.lang.String.valueOf(Unknown Source)
	at java.base/java.lang.StringBuilder.append(Unknown Source)
	at com.example.mail.model.Email.toString(Email.java:17)
	at java.base/java.lang.String.valueOf(Unknown Source)
	at java.base/java.lang.StringBuilder.append(Unknown Source)
	at com.example.mail.model.ContactAction.toString(ContactAction.java:15)
	at java.base/java.lang.String.valueOf(Unknown Source)
	at java.base/java.lang.StringBuilder.append(Unknown Source)
	at java.base/java.util.AbstractCollection.toString(Unknown Source)
	at org.hibernate.collection.internal.PersistentBag.toString(PersistentBag.java:622)
	at java.base/java.lang.String.valueOf(Unknown Source)
	at java.base/java.lang.StringBuilder.append(Unknown Source)
	at com.example.mail.model.Email.toString(Email.java:17)
	at java.base/java.lang.String.valueOf(Unknown Source)
	at java.base/java.lang.StringBuilder.append(Unknown Source)
	at com.example.mail.model.ContactAction.toString(ContactAction.java:15)
	at java.base/java.lang.String.valueOf(Unknown Source)
	at java.base/java.lang.StringBuilder.append(Unknown Source)
	at java.base/java.util.AbstractCollection.toString(Unknown Source)
	at org.hibernate.collection.internal.PersistentBag.toString(PersistentBag.java:622)
	at java.base/java.lang.String.valueOf(Unknown Source)
	at java.base/java.lang.StringBuilder.append(Unknown Source)
	at com.example.mail.model.Email.toString(Email.java:17)
	at java.base/java.lang.String.valueOf(Unknown Source)
	at java.base/java.lang.StringBuilder.append(Unknown Source)
	at com.example.mail.model.ContactAction.toString(ContactAction.java:15)
	at java.base/java.lang.String.valueOf(Unknown Source)
	at java.base/java.lang.StringBuilder.append(Unknown Source)
	at java.base/java.util.AbstractCollection.toString(Unknown Source)
	at org.hibernate.collection.internal.PersistentBag.toString(PersistentBag.java:622)
	at java.base/java.lang.String.valueOf(Unknown Source)
	at java.base/java.lang.StringBuilder.append(Unknown Source)
	at com.example.mail.model.Email.toString(Email.java:17)
	at java.base/java.lang.String.valueOf(Unknown Source)
	at java.base/java.lang.StringBuilder.append(Unknown Source)
	at com.example.mail.model.ContactAction.toString(ContactAction.java:15)
	at java.base/java.lang.String.valueOf(Unknown Source)
	at java.base/java.lang.StringBuilder.append(Unknown Source)
	at java.base/java.util.AbstractCollection.toString(Unknown Source)
	at org.hibernate.collection.internal.PersistentBag.toString(PersistentBag.java:622)
	at java.base/java.lang.String.valueOf(Unknown Source)
	at java.base/java.lang.StringBuilder.append(Unknown Source)
	at com.example.mail.model.Email.toString(Email.java:17)
	at java.base/java.lang.String.valueOf(Unknown Source)
	at java.base/java.lang.StringBuilder.append(Unknown Source)
	at com.example.mail.model.ContactAction.toString(ContactAction.java:15)
	at java.base/java.lang.String.valueOf(Unknown Source)
	at java.base/java.lang.StringBuilder.append(Unknown Source)
	at java.base/java.util.AbstractCollection.toString(Unknown Source)
	at org.hibernate.collection.internal.PersistentBag.toString(PersistentBag.java:622)
	at java.base/java.lang.String.valueOf(Unknown Source)
	at java.base/java.lang.StringBuilder.append(Unknown Source)
	at com.example.mail.model.Email.toString(Email.java:17)
	at java.base/java.lang.String.valueOf(Unknown Source)
	at java.base/java.lang.StringBuilder.append(Unknown Source)
	at com.example.mail.model.ContactAction.toString(ContactAction.java:15)
	at java.base/java.lang.String.valueOf(Unknown Source)
	at java.base/java.lang.StringBuilder.append(Unknown Source)
	at java.base/java.util.AbstractCollection.toString(Unknown Source)
	at org.hibernate.collection.internal.PersistentBag.toString(PersistentBag.java:622)
	at java.base/java.lang.String.valueOf(Unknown Source)
	at java.base/java.lang.StringBuilder.append(Unknown Source)
	at com.example.mail.model.Email.toString(Email.java:17)
	at java.base/java.lang.String.valueOf(Unknown Source)
	at java.base/java.lang.StringBuilder.append(Unknown Source)
	at com.example.mail.model.ContactAction.toString(ContactAction.java:15)
	at java.base/java.lang.String.valueOf(Unknown Source)
	at java.base/java.lang.StringBuilder.append(Unknown Source)
	at java.base/java.util.AbstractCollection.toString(Unknown Source)
	at org.hibernate.collection.internal.PersistentBag.toString(PersistentBag.java:622)
	at java.base/java.lang.String.valueOf(Unknown Source)
	at java.base/java.lang.StringBuilder.append(Unknown Source)
	at com.example.mail.model.Email.toString(Email.java:17)
	at java.base/java.lang.String.valueOf(Unknown Source)
	at java.base/java.lang.StringBuilder.append(Unknown Source)
	at com.example.mail.model.ContactAction.toString(ContactAction.java:15)
	at java.base/java.lang.String.valueOf(Unknown Source)
	at java.base/java.lang.StringBuilder.append(Unknown Source)
	at java.base/java.util.AbstractCollection.toString(Unknown Source)
	at org.hibernate.collection.internal.PersistentBag.toString(PersistentBag.java:622)
	at java.base/java.lang.String.valueOf(Unknown Source)
	at java.base/java.lang.StringBuilder.append(Unknown Source)
	at com.example.mail.model.Email.toString(Email.java:17)
	at java.base/java.lang.String.valueOf(Unknown Source)
	at java.base/java.lang.StringBuilder.append(Unknown Source)
	at com.example.mail.model.ContactAction.toString(ContactAction.java:15)
	at java.base/java.lang.String.valueOf(Unknown Source)
	at java.base/java.lang.StringBuilder.append(Unknown Source)
	at java.base/java.util.AbstractCollection.toString(Unknown Source)
	at org.hibernate.collection.internal.PersistentBag.toString(PersistentBag.java:622)
	at java.base/java.lang.String.valueOf(Unknown Source)
	at java.base/java.lang.StringBuilder.append(Unknown Source)
	at com.example.mail.model.Email.toString(Email.java:17)
	at java.base/java.lang.String.valueOf(Unknown Source)
	at java.base/java.lang.StringBuilder.append(Unknown Source)
	at com.example.mail.model.ContactAction.toString(ContactAction.java:15)
	at java.base/java.lang.String.valueOf(Unknown Source)
	at java.base/java.lang.StringBuilder.append(Unknown Source)
	at java.base/java.util.AbstractCollection.toString(Unknown Source)
	at org.hibernate.collection.internal.PersistentBag.toString(PersistentBag.java:622)
	at java.base/java.lang.String.valueOf(Unknown Source)
	at java.base/java.lang.StringBuilder.append(Unknown Source)
	at com.example.mail.model.Email.toString(Email.java:17)
	at java.base/java.lang.String.valueOf(Unknown Source)
	at java.base/java.lang.StringBuilder.append(Unknown Source)
	at com.example.mail.model.ContactAction.toString(ContactAction.java:15)
	at java.base/java.lang.String.valueOf(Unknown Source)
	at java.base/java.lang.StringBuilder.append(Unknown Source)
	at java.base/java.util.AbstractCollection.toString(Unknown Source)
	at org.hibernate.collection.internal.PersistentBag.toString(PersistentBag.java:622)
	at java.base/java.lang.String.valueOf(Unknown Source)
	at java.base/java.lang.StringBuilder.append(Unknown Source)
	at com.example.mail.model.Email.toString(Email.java:17)
	at java.base/java.lang.String.valueOf(Unknown Source)
	at java.base/java.lang.StringBuilder.append(Unknown Source)
	at com.example.mail.model.ContactAction.toString(ContactAction.java:15)
	at java.base/java.lang.String.valueOf(Unknown Source)
	at java.base/java.lang.StringBuilder.append(Unknown Source)
	at java.base/java.util.AbstractCollection.toString(Unknown Source)
	at org.hibernate.collection.internal.PersistentBag.toString(PersistentBag.java:622)
	at java.base/java.lang.String.valueOf(Unknown Source)
	at java.base/java.lang.StringBuilder.append(Unknown Source)
	at com.example.mail.model.Email.toString(Email.java:17)
	at java.base/java.lang.String.valueOf(Unknown Source)
	at java.base/java.lang.StringBuilder.append(Unknown Source)
	at com.example.mail.model.ContactAction.toString(ContactAction.java:15)
	at java.base/java.lang.String.valueOf(Unknown Source)
	at java.base/java.lang.StringBuilder.append(Unknown Source)
	at java.base/java.util.AbstractCollection.toString(Unknown Source)
	at org.hibernate.collection.internal.PersistentBag.toString(PersistentBag.java:622)
	at java.base/java.lang.String.valueOf(Unknown Source)
	at java.base/java.lang.StringBuilder.append(Unknown Source)
	at com.example.mail.model.Email.toString(Email.java:17)
	at java.base/java.lang.String.valueOf(Unknown Source)
	at java.base/java.lang.StringBuilder.append(Unknown Source)
	at com.example.mail.model.ContactAction.toString(ContactAction.java:15)
	at java.base/java.lang.String.valueOf(Unknown Source)
	at java.base/java.lang.StringBuilder.append(Unknown Source)
	at java.base/java.util.AbstractCollection.toString(Unknown Source)
	at org.hibernate.collection.internal.PersistentBag.toString(PersistentBag.java:622)
	at java.base/java.lang.String.valueOf(Unknown Source)
	at java.base/java.lang.StringBuilder.append(Unknown Source)
	at com.example.mail.model.Email.toString(Email.java:17)
	at java.base/java.lang.String.valueOf(Unknown Source)
	at java.base/java.lang.StringBuilder.append(Unknown Source)
	at com.example.mail.model.ContactAction.toString(ContactAction.java:15)
	at java.base/java.lang.String.valueOf(Unknown Source)
	at java.base/java.lang.StringBuilder.append(Unknown Source)
	at java.base/java.util.AbstractCollection.toString(Unknown Source)
	at org.hibernate.collection.internal.PersistentBag.toString(PersistentBag.java:622)
	at java.base/java.lang.String.valueOf(Unknown Source)
	at java.base/java.lang.StringBuilder.append(Unknown Source)
	at com.example.mail.model.Email.toString(Email.java:17)
	at java.base/java.lang.String.valueOf(Unknown Source)
	at java.base/java.lang.StringBuilder.append(Unknown Source)
	at com.example.mail.model.ContactAction.toString(ContactAction.java:15)
	at java.base/java.lang.String.valueOf(Unknown Source)
	at java.base/java.lang.StringBuilder.append(Unknown Source)
	at java.base/java.util.AbstractCollection.toString(Unknown Source)
	at org.hibernate.collection.internal.PersistentBag.toString(PersistentBag.java:622)
	at java.base/java.lang.String.valueOf(Unknown Source)
	at java.base/java.lang.StringBuilder.append(Unknown Source)
	at com.example.mail.model.Email.toString(Email.java:17)
	at java.base/java.lang.String.valueOf(Unknown Source)
	at java.base/java.lang.StringBuilder.append(Unknown Source)
	at com.example.mail.model.ContactAction.toString(ContactAction.java:15)
	at java.base/java.lang.String.valueOf(Unknown Source)
	at java.base/java.lang.StringBuilder.append(Unknown Source)
	at java.base/java.util.AbstractCollection.toString(Unknown Source)
	at org.hibernate.collection.internal.PersistentBag.toString(PersistentBag.java:622)
	at java.base/java.lang.String.valueOf(Unknown Source)
	at java.base/java.lang.StringBuilder.append(Unknown Source)
	at com.example.mail.model.Email.toString(Email.java:17)
	at java.base/java.lang.String.valueOf(Unknown Source)
	at java.base/java.lang.StringBuilder.append(Unknown Source)
	at com.example.mail.model.ContactAction.toString(ContactAction.java:15)
	at java.base/java.lang.String.valueOf(Unknown Source)
	at java.base/java.lang.StringBuilder.append(Unknown Source)
	at java.base/java.util.AbstractCollection.toString(Unknown Source)
	at org.hibernate.collection.internal.PersistentBag.toString(PersistentBag.java:622)
	at java.base/java.lang.String.valueOf(Unknown Source)
	at java.base/java.lang.StringBuilder.append(Unknown Source)
	at com.example.mail.model.Email.toString(Email.java:17)
	at java.base/java.lang.String.valueOf(Unknown Source)
	at java.base/java.lang.StringBuilder.append(Unknown Source)
	at com.example.mail.model.ContactAction.toString(ContactAction.java:15)
	at java.base/java.lang.String.valueOf(Unknown Source)
	at java.base/java.lang.StringBuilder.append(Unknown Source)
	at java.base/java.util.AbstractCollection.toString(Unknown Source)
	at org.hibernate.collection.internal.PersistentBag.toString(PersistentBag.java:622)
	at java.base/java.lang.String.valueOf(Unknown Source)
	at java.base/java.lang.StringBuilder.append(Unknown Source)
	at com.example.mail.model.Email.toString(Email.java:17)
	at java.base/java.lang.String.valueOf(Unknown Source)
	at java.base/java.lang.StringBuilder.append(Unknown Source)
	at com.example.mail.model.ContactAction.toString(ContactAction.java:15)
	at java.base/java.lang.String.valueOf(Unknown Source)
	at java.base/java.lang.StringBuilder.append(Unknown Source)
	at java.base/java.util.AbstractCollection.toString(Unknown Source)
	at org.hibernate.collection.internal.PersistentBag.toString(PersistentBag.java:622)
	at java.base/java.lang.String.valueOf(Unknown Source)
	at java.base/java.lang.StringBuilder.append(Unknown Source)
	at com.example.mail.model.Email.toString(Email.java:17)
	at java.base/java.lang.String.valueOf(Unknown Source)
	at java.base/java.lang.StringBuilder.append(Unknown Source)
	at com.example.mail.model.ContactAction.toString(ContactAction.java:15)
	at java.base/java.lang.String.valueOf(Unknown Source)
	at java.base/java.lang.StringBuilder.append(Unknown Source)
	at java.base/java.util.AbstractCollection.toString(Unknown Source)
	at org.hibernate.collection.internal.PersistentBag.toString(PersistentBag.java:622)
	at java.base/java.lang.String.valueOf(Unknown Source)
	at java.base/java.lang.StringBuilder.append(Unknown Source)
	at com.example.mail.model.Email.toString(Email.java:17)
	at java.base/java.lang.String.valueOf(Unknown Source)
	at java.base/java.lang.StringBuilder.append(Unknown Source)
	at com.example.mail.model.ContactAction.toString(ContactAction.java:15)
	at java.base/java.lang.String.valueOf(Unknown Source)
	at java.base/java.lang.StringBuilder.append(Unknown Source)
	at java.base/java.util.AbstractCollection.toString(Unknown Source)
	at org.hibernate.collection.internal.PersistentBag.toString(PersistentBag.java:622)
	at java.base/java.lang.String.valueOf(Unknown Source)
	at java.base/java.lang.StringBuilder.append(Unknown Source)
	at com.example.mail.model.Email.toString(Email.java:17)
	at java.base/java.lang.String.valueOf(Unknown Source)
	at java.base/java.lang.StringBuilder.append(Unknown Source)
	at com.example.mail.model.ContactAction.toString(ContactAction.java:15)
	at java.base/java.lang.String.valueOf(Unknown Source)
	at java.base/java.lang.StringBuilder.append(Unknown Source)
	at java.base/java.util.AbstractCollection.toString(Unknown Source)
	at org.hibernate.collection.internal.PersistentBag.toString(PersistentBag.java:622)
	at java.base/java.lang.String.valueOf(Unknown Source)
	at java.base/java.lang.StringBuilder.append(Unknown Source)
	at com.example.mail.model.Email.toString(Email.java:17)
	at java.base/java.lang.String.valueOf(Unknown Source)
	at java.base/java.lang.StringBuilder.append(Unknown Source)
	at com.example.mail.model.ContactAction.toString(ContactAction.java:15)
	at java.base/java.lang.String.valueOf(Unknown Source)
	at java.base/java.lang.StringBuilder.append(Unknown Source)
	at java.base/java.util.AbstractCollection.toString(Unknown Source)
	at org.hibernate.collection.internal.PersistentBag.toString(PersistentBag.java:622)
	at java.base/java.lang.String.valueOf(Unknown Source)
	at java.base/java.lang.StringBuilder.append(Unknown Source)
	at com.example.mail.model.Email.toString(Email.java:17)
	at java.base/java.lang.String.valueOf(Unknown Source)
	at java.base/java.lang.StringBuilder.append(Unknown Source)
	at com.example.mail.model.ContactAction.toString(ContactAction.java:15)
	at java.base/java.lang.String.valueOf(Unknown Source)
	at java.base/java.lang.StringBuilder.append(Unknown Source)
	at java.base/java.util.AbstractCollection.toString(Unknown Source)
	at org.hibernate.collection.internal.PersistentBag.toString(PersistentBag.java:622)
	at java.base/java.lang.String.valueOf(Unknown Source)
	at java.base/java.lang.StringBuilder.append(Unknown Source)
	at com.example.mail.model.Email.toString(Email.java:17)
	at java.base/java.lang.String.valueOf(Unknown Source)
	at java.base/java.lang.StringBuilder.append(Unknown Source)
	at com.example.mail.model.ContactAction.toString(ContactAction.java:15)
	at java.base/java.lang.String.valueOf(Unknown Source)
	at java.base/java.lang.StringBuilder.append(Unknown Source)
	at java.base/java.util.AbstractCollection.toString(Unknown Source)
	at org.hibernate.collection.internal.PersistentBag.toString(PersistentBag.java:622)
	at java.base/java.lang.String.valueOf(Unknown Source)
	at java.base/java.lang.StringBuilder.append(Unknown Source)
	at com.example.mail.model.Email.toString(Email.java:17)
	at java.base/java.lang.String.valueOf(Unknown Source)
	at java.base/java.lang.StringBuilder.append(Unknown Source)
	at com.example.mail.model.ContactAction.toString(ContactAction.java:15)
	at java.base/java.lang.String.valueOf(Unknown Source)
	at java.base/java.lang.StringBuilder.append(Unknown Source)
	at java.base/java.util.AbstractCollection.toString(Unknown Source)
	at org.hibernate.collection.internal.PersistentBag.toString(PersistentBag.java:622)
	at java.base/java.lang.String.valueOf(Unknown Source)
	at java.base/java.lang.StringBuilder.append(Unknown Source)
	at com.example.mail.model.Email.toString(Email.java:17)
	at java.base/java.lang.String.valueOf(Unknown Source)
	at java.base/java.lang.StringBuilder.append(Unknown Source)
	at com.example.mail.model.ContactAction.toString(ContactAction.java:15)
	at java.base/java.lang.String.valueOf(Unknown Source)
	at java.base/java.lang.StringBuilder.append(Unknown Source)
	at java.base/java.util.AbstractCollection.toString(Unknown Source)
	at org.hibernate.collection.internal.PersistentBag.toString(PersistentBag.java:622)
	at java.base/java.lang.String.valueOf(Unknown Source)
	at java.base/java.lang.StringBuilder.append(Unknown Source)
	at com.example.mail.model.Email.toString(Email.java:17)
	at java.base/java.lang.String.valueOf(Unknown Source)
	at java.base/java.lang.StringBuilder.append(Unknown Source)
	at com.example.mail.model.ContactAction.toString(ContactAction.java:15)
	at java.base/java.lang.String.valueOf(Unknown Source)
	at java.base/java.lang.StringBuilder.append(Unknown Source)
	at java.base/java.util.AbstractCollection.toString(Unknown Source)
	at org.hibernate.collection.internal.PersistentBag.toString(PersistentBag.java:622)
	at java.base/java.lang.String.valueOf(Unknown Source)
	at java.base/java.lang.StringBuilder.append(Unknown Source)
	at com.example.mail.model.Email.toString(Email.java:17)
	at java.base/java.lang.String.valueOf(Unknown Source)
	at java.base/java.lang.StringBuilder.append(Unknown Source)
	at com.example.mail.model.ContactAction.toString(ContactAction.java:15)
	at java.base/java.lang.String.valueOf(Unknown Source)
	at java.base/java.lang.StringBuilder.append(Unknown Source)
	at java.base/java.util.AbstractCollection.toString(Unknown Source)
	at org.hibernate.collection.internal.PersistentBag.toString(PersistentBag.java:622)
	at java.base/java.lang.String.valueOf(Unknown Source)
	at java.base/java.lang.StringBuilder.append(Unknown Source)
	at com.example.mail.model.Email.toString(Email.java:17)
	at java.base/java.lang.String.valueOf(Unknown Source)
	at java.base/java.lang.StringBuilder.append(Unknown Source)
	at com.example.mail.model.ContactAction.toString(ContactAction.java:15)
	at java.base/java.lang.String.valueOf(Unknown Source)
	at java.base/java.lang.StringBuilder.append(Unknown Source)
	at java.base/java.util.AbstractCollection.toString(Unknown Source)
	at org.hibernate.collection.internal.PersistentBag.toString(PersistentBag.java:622)
	at java.base/java.lang.String.valueOf(Unknown Source)
	at java.base/java.lang.StringBuilder.append(Unknown Source)
	at com.example.mail.model.Email.toString(Email.java:17)
	at java.base/java.lang.String.valueOf(Unknown Source)
	at java.base/java.lang.StringBuilder.append(Unknown Source)
	at com.example.mail.model.ContactAction.toString(ContactAction.java:15)
	at java.base/java.lang.String.valueOf(Unknown Source)
	at java.base/java.lang.StringBuilder.append(Unknown Source)
	at java.base/java.util.AbstractCollection.toString(Unknown Source)
	at org.hibernate.collection.internal.PersistentBag.toString(PersistentBag.java:622)
	at java.base/java.lang.String.valueOf(Unknown Source)
	at java.base/java.lang.StringBuilder.append(Unknown Source)
	at com.example.mail.model.Email.toString(Email.java:17)
	at java.base/java.lang.String.valueOf(Unknown Source)
	at java.base/java.lang.StringBuilder.append(Unknown Source)
	at com.example.mail.model.ContactAction.toString(ContactAction.java:15)
	at java.base/java.lang.String.valueOf(Unknown Source)
	at java.base/java.lang.StringBuilder.append(Unknown Source)
	at java.base/java.util.AbstractCollection.toString(Unknown Source)
	at org.hibernate.collection.internal.PersistentBag.toString(PersistentBag.java:622)
	at java.base/java.lang.String.valueOf(Unknown Source)
	at java.base/java.lang.StringBuilder.append(Unknown Source)
	at com.example.mail.model.Email.toString(Email.java:17)
	at java.base/java.lang.String.valueOf(Unknown Source)
	at java.base/java.lang.StringBuilder.append(Unknown Source)
	at com.example.mail.model.ContactAction.toString(ContactAction.java:15)
	at java.base/java.lang.String.valueOf(Unknown Source)
	at java.base/java.lang.StringBuilder.append(Unknown Source)
	at java.base/java.util.AbstractCollection.toString(Unknown Source)
	at org.hibernate.collection.internal.PersistentBag.toString(PersistentBag.java:622)
	at java.base/java.lang.String.valueOf(Unknown Source)
	at java.base/java.lang.StringBuilder.append(Unknown Source)
	at com.example.mail.model.Email.toString(Email.java:17)
	at java.base/java.lang.String.valueOf(Unknown Source)
	at java.base/java.lang.StringBuilder.append(Unknown Source)
	at com.example.mail.model.ContactAction.toString(ContactAction.java:15)
	at java.base/java.lang.String.valueOf(Unknown Source)
	at java.base/java.lang.StringBuilder.append(Unknown Source)
	at java.base/java.util.AbstractCollection.toString(Unknown Source)
	at org.hibernate.collection.internal.PersistentBag.toString(PersistentBag.java:622)
	at java.base/java.lang.String.valueOf(Unknown Source)
	at java.base/java.lang.StringBuilder.append(Unknown Source)
	at com.example.mail.model.Email.toString(Email.java:17)
	at java.base/java.lang.String.valueOf(Unknown Source)
	at java.base/java.lang.StringBuilder.append(Unknown Source)
	at com.example.mail.model.ContactAction.toString(ContactAction.java:15)
	at java.base/java.lang.String.valueOf(Unknown Source)
	at java.base/java.lang.StringBuilder.append(Unknown Source)
	at java.base/java.util.AbstractCollection.toString(Unknown Source)
	at org.hibernate.collection.internal.PersistentBag.toString(PersistentBag.java:622)
	at java.base/java.lang.String.valueOf(Unknown Source)
	at java.base/java.lang.StringBuilder.append(Unknown Source)
	at com.example.mail.model.Email.toString(Email.java:17)
	at java.base/java.lang.String.valueOf(Unknown Source)
	at java.base/java.lang.StringBuilder.append(Unknown Source)
	at com.example.mail.model.ContactAction.toString(ContactAction.java:15)
	at java.base/java.lang.String.valueOf(Unknown Source)
	at java.base/java.lang.StringBuilder.append(Unknown Source)
	at java.base/java.util.AbstractCollection.toString(Unknown Source)
	at org.hibernate.collection.internal.PersistentBag.toString(PersistentBag.java:622)
	at java.base/java.lang.String.valueOf(Unknown Source)
	at java.base/java.lang.StringBuilder.append(Unknown Source)
	at com.example.mail.model.Email.toString(Email.java:17)
	at java.base/java.lang.String.valueOf(Unknown Source)
	at java.base/java.lang.StringBuilder.append(Unknown Source)
	at com.example.mail.model.ContactAction.toString(ContactAction.java:15)
	at java.base/java.lang.String.valueOf(Unknown Source)
	at java.base/java.lang.StringBuilder.append(Unknown Source)
	at java.base/java.util.AbstractCollection.toString(Unknown Source)
	at org.hibernate.collection.internal.PersistentBag.toString(PersistentBag.java:622)
	at java.base/java.lang.String.valueOf(Unknown Source)
	at java.base/java.lang.StringBuilder.append(Unknown Source)
	at com.example.mail.model.Email.toString(Email.java:17)
	at java.base/java.lang.String.valueOf(Unknown Source)
	at java.base/java.lang.StringBuilder.append(Unknown Source)
	at com.example.mail.model.ContactAction.toString(ContactAction.java:15)
	at java.base/java.lang.String.valueOf(Unknown Source)
	at java.base/java.lang.StringBuilder.append(Unknown Source)
	at java.base/java.util.AbstractCollection.toString(Unknown Source)
	at org.hibernate.collection.internal.PersistentBag.toString(PersistentBag.java:622)
	at java.base/java.lang.String.valueOf(Unknown Source)
	at java.base/java.lang.StringBuilder.append(Unknown Source)
	at com.example.mail.model.Email.toString(Email.java:17)
	at java.base/java.lang.String.valueOf(Unknown Source)
	at java.base/java.lang.StringBuilder.append(Unknown Source)
	at com.example.mail.model.ContactAction.toString(ContactAction.java:15)
	at java.base/java.lang.String.valueOf(Unknown Source)
	at java.base/java.lang.StringBuilder.append(Unknown Source)
	at java.base/java.util.AbstractCollection.toString(Unknown Source)
	at org.hibernate.collection.internal.PersistentBag.toString(PersistentBag.java:622)
	at java.base/java.lang.String.valueOf(Unknown Source)
	at java.base/java.lang.StringBuilder.append(Unknown Source)
	at com.example.mail.model.Email.toString(Email.java:17)
	at java.base/java.lang.String.valueOf(Unknown Source)
	at java.base/java.lang.StringBuilder.append(Unknown Source)
	at com.example.mail.model.ContactAction.toString(ContactAction.java:15)
	at java.base/java.lang.String.valueOf(Unknown Source)
	at java.base/java.lang.StringBuilder.append(Unknown Source)
	at java.base/java.util.AbstractCollection.toString(Unknown Source)
	at org.hibernate.collection.internal.PersistentBag.toString(PersistentBag.java:622)
	at java.base/java.lang.String.valueOf(Unknown Source)
	at java.base/java.lang.StringBuilder.append(Unknown Source)
	at com.example.mail.model.Email.toString(Email.java:17)
	at java.base/java.lang.String.valueOf(Unknown Source)
	at java.base/java.lang.StringBuilder.append(Unknown Source)
	at com.example.mail.model.ContactAction.toString(ContactAction.java:15)
	at java.base/java.lang.String.valueOf(Unknown Source)
	at java.base/java.lang.StringBuilder.append(Unknown Source)
	at java.base/java.util.AbstractCollection.toString(Unknown Source)
	at org.hibernate.collection.internal.PersistentBag.toString(PersistentBag.java:622)
	at java.base/java.lang.String.valueOf(Unknown Source)
26-07-21 14:09:51.073 [main] INFO  com.example.mail.MailApplication - Starting MailApplication using Java 21.0.11 on Gaurang-Parmar with PID 4820 (C:\Users\AMD\Desktop\Email AACC\sbi-email-service-backend-main\target\classes started by AMD in C:\Users\AMD\Desktop\Email AACC\sbi-email-service-backend-main)
26-07-21 14:09:51.076 [main] INFO  com.example.mail.MailApplication - The following 1 profile is active: "dev"
26-07-21 14:09:51.859 [main] INFO  o.s.d.r.c.RepositoryConfigurationDelegate - Bootstrapping Spring Data JPA repositories in DEFAULT mode.
26-07-21 14:09:51.932 [main] INFO  o.s.d.r.c.RepositoryConfigurationDelegate - Finished Spring Data repository scanning in 66 ms. Found 7 JPA repository interfaces.
26-07-21 14:09:52.763 [main] INFO  o.s.b.w.e.tomcat.TomcatWebServer - Tomcat initialized with port(s): 8081 (http)
26-07-21 14:09:52.770 [main] INFO  o.a.coyote.http11.Http11NioProtocol - Initializing ProtocolHandler ["http-nio-8081"]
26-07-21 14:09:52.772 [main] INFO  o.a.catalina.core.StandardService - Starting service [Tomcat]
26-07-21 14:09:52.772 [main] INFO  o.a.catalina.core.StandardEngine - Starting Servlet engine: [Apache Tomcat/9.0.83]
26-07-21 14:09:52.932 [main] INFO  o.a.c.c.C.[Tomcat].[localhost].[/] - Initializing Spring embedded WebApplicationContext
26-07-21 14:09:52.932 [main] INFO  o.s.b.w.s.c.ServletWebServerApplicationContext - Root WebApplicationContext: initialization completed in 1811 ms
26-07-21 14:09:53.208 [main] INFO  o.h.jpa.internal.util.LogHelper - HHH000204: Processing PersistenceUnitInfo [name: default]
26-07-21 14:09:53.255 [main] INFO  org.hibernate.Version - HHH000412: Hibernate ORM core version 5.6.15.Final
26-07-21 14:09:53.393 [main] INFO  o.h.annotations.common.Version - HCANN000001: Hibernate Commons Annotations {5.1.2.Final}
26-07-21 14:09:53.763 [main] INFO  org.hibernate.dialect.Dialect - HHH000400: Using dialect: org.hibernate.dialect.SQLServerDialect
26-07-21 14:09:54.630 [main] INFO  o.h.e.t.j.p.i.JtaPlatformInitiator - HHH000490: Using JtaPlatform implementation: [org.hibernate.engine.transaction.jta.platform.internal.NoJtaPlatform]
26-07-21 14:09:54.638 [main] INFO  o.s.o.j.LocalContainerEntityManagerFactoryBean - Initialized JPA EntityManagerFactory for persistence unit 'default'
26-07-21 14:09:56.355 [main] WARN  o.s.b.a.o.j.JpaBaseConfiguration$JpaWebConfiguration - spring.jpa.open-in-view is enabled by default. Therefore, database queries may be performed during view rendering. Explicitly configure spring.jpa.open-in-view to disable this warning
26-07-21 14:09:57.314 [main] INFO  o.a.coyote.http11.Http11NioProtocol - Starting ProtocolHandler ["http-nio-8081"]
26-07-21 14:09:57.319 [main] WARN  o.s.b.w.s.c.AnnotationConfigServletWebServerApplicationContext - Exception encountered during context initialization - cancelling refresh attempt: org.springframework.context.ApplicationContextException: Failed to start bean 'webServerStartStop'; nested exception is org.springframework.boot.web.server.PortInUseException: Port 8081 is already in use
26-07-21 14:09:57.326 [main] INFO  o.s.o.j.LocalContainerEntityManagerFactoryBean - Closing JPA EntityManagerFactory for persistence unit 'default'
26-07-21 14:09:57.329 [main] INFO  o.a.coyote.http11.Http11NioProtocol - Pausing ProtocolHandler ["http-nio-8081"]
26-07-21 14:09:57.329 [main] INFO  o.a.catalina.core.StandardService - Stopping service [Tomcat]
26-07-21 14:09:57.332 [main] INFO  o.a.coyote.http11.Http11NioProtocol - Stopping ProtocolHandler ["http-nio-8081"]
26-07-21 14:09:57.333 [main] INFO  o.a.coyote.http11.Http11NioProtocol - Destroying ProtocolHandler ["http-nio-8081"]
26-07-21 14:09:57.340 [main] INFO  o.s.b.a.l.ConditionEvaluationReportLoggingListener - 

Error starting ApplicationContext. To display the conditions report re-run your application with 'debug' enabled.
26-07-21 14:09:57.363 [main] ERROR o.s.b.d.LoggingFailureAnalysisReporter - 

***************************
APPLICATION FAILED TO START
***************************

Description:

Web server failed to start. Port 8081 was already in use.

Action:

Identify and stop the process that's listening on port 8081 or configure this application to listen on another port.

26-07-21 14:10:10.944 [main] INFO  com.example.mail.MailApplication - Starting MailApplication using Java 21.0.11 on Gaurang-Parmar with PID 8472 (C:\Users\AMD\Desktop\Email AACC\sbi-email-service-backend-main\target\classes started by AMD in C:\Users\AMD\Desktop\Email AACC\sbi-email-service-backend-main)
26-07-21 14:10:10.946 [main] INFO  com.example.mail.MailApplication - The following 1 profile is active: "dev"
26-07-21 14:10:11.776 [main] INFO  o.s.d.r.c.RepositoryConfigurationDelegate - Bootstrapping Spring Data JPA repositories in DEFAULT mode.
26-07-21 14:10:11.851 [main] INFO  o.s.d.r.c.RepositoryConfigurationDelegate - Finished Spring Data repository scanning in 68 ms. Found 7 JPA repository interfaces.
26-07-21 14:10:12.808 [main] INFO  o.s.b.w.e.tomcat.TomcatWebServer - Tomcat initialized with port(s): 8081 (http)
26-07-21 14:10:12.815 [main] INFO  o.a.coyote.http11.Http11NioProtocol - Initializing ProtocolHandler ["http-nio-8081"]
26-07-21 14:10:12.817 [main] INFO  o.a.catalina.core.StandardService - Starting service [Tomcat]
26-07-21 14:10:12.817 [main] INFO  o.a.catalina.core.StandardEngine - Starting Servlet engine: [Apache Tomcat/9.0.83]
26-07-21 14:10:12.995 [main] INFO  o.a.c.c.C.[Tomcat].[localhost].[/] - Initializing Spring embedded WebApplicationContext
26-07-21 14:10:12.996 [main] INFO  o.s.b.w.s.c.ServletWebServerApplicationContext - Root WebApplicationContext: initialization completed in 2002 ms
26-07-21 14:10:13.284 [main] INFO  o.h.jpa.internal.util.LogHelper - HHH000204: Processing PersistenceUnitInfo [name: default]
26-07-21 14:10:13.337 [main] INFO  org.hibernate.Version - HHH000412: Hibernate ORM core version 5.6.15.Final
26-07-21 14:10:13.489 [main] INFO  o.h.annotations.common.Version - HCANN000001: Hibernate Commons Annotations {5.1.2.Final}
26-07-21 14:10:13.888 [main] INFO  org.hibernate.dialect.Dialect - HHH000400: Using dialect: org.hibernate.dialect.SQLServerDialect
26-07-21 14:10:14.831 [main] INFO  o.h.e.t.j.p.i.JtaPlatformInitiator - HHH000490: Using JtaPlatform implementation: [org.hibernate.engine.transaction.jta.platform.internal.NoJtaPlatform]
26-07-21 14:10:14.839 [main] INFO  o.s.o.j.LocalContainerEntityManagerFactoryBean - Initialized JPA EntityManagerFactory for persistence unit 'default'
26-07-21 14:10:16.546 [main] WARN  o.s.b.a.o.j.JpaBaseConfiguration$JpaWebConfiguration - spring.jpa.open-in-view is enabled by default. Therefore, database queries may be performed during view rendering. Explicitly configure spring.jpa.open-in-view to disable this warning
26-07-21 14:10:17.490 [main] INFO  o.a.coyote.http11.Http11NioProtocol - Starting ProtocolHandler ["http-nio-8081"]
26-07-21 14:10:17.509 [main] INFO  o.s.b.w.e.tomcat.TomcatWebServer - Tomcat started on port(s): 8081 (http) with context path ''
26-07-21 14:10:17.780 [main] INFO  com.example.mail.MailApplication - Started MailApplication in 7.208 seconds (JVM running for 7.866)
26-07-21 14:10:23.359 [http-nio-8081-exec-2] INFO  o.a.c.c.C.[Tomcat].[localhost].[/] - Initializing Spring DispatcherServlet 'dispatcherServlet'
26-07-21 14:10:23.359 [http-nio-8081-exec-2] INFO  o.s.web.servlet.DispatcherServlet - Initializing Servlet 'dispatcherServlet'
26-07-21 14:10:23.360 [http-nio-8081-exec-2] INFO  o.s.web.servlet.DispatcherServlet - Completed initialization in 1 ms
26-07-21 14:13:41.266 [main] INFO  com.example.mail.MailApplication - Starting MailApplication using Java 21.0.11 on Gaurang-Parmar with PID 4360 (C:\Users\AMD\Desktop\Email AACC\sbi-email-service-backend-main\target\classes started by AMD in C:\Users\AMD\Desktop\Email AACC\sbi-email-service-backend-main)
26-07-21 14:13:41.269 [main] INFO  com.example.mail.MailApplication - The following 1 profile is active: "dev"
26-07-21 14:13:42.093 [main] INFO  o.s.d.r.c.RepositoryConfigurationDelegate - Bootstrapping Spring Data JPA repositories in DEFAULT mode.
26-07-21 14:13:42.171 [main] INFO  o.s.d.r.c.RepositoryConfigurationDelegate - Finished Spring Data repository scanning in 70 ms. Found 7 JPA repository interfaces.
26-07-21 14:13:43.094 [main] INFO  o.s.b.w.e.tomcat.TomcatWebServer - Tomcat initialized with port(s): 8081 (http)
26-07-21 14:13:43.104 [main] INFO  o.a.coyote.http11.Http11NioProtocol - Initializing ProtocolHandler ["http-nio-8081"]
26-07-21 14:13:43.106 [main] INFO  o.a.catalina.core.StandardService - Starting service [Tomcat]
26-07-21 14:13:43.107 [main] INFO  o.a.catalina.core.StandardEngine - Starting Servlet engine: [Apache Tomcat/9.0.83]
26-07-21 14:13:43.264 [main] INFO  o.a.c.c.C.[Tomcat].[localhost].[/] - Initializing Spring embedded WebApplicationContext
26-07-21 14:13:43.264 [main] INFO  o.s.b.w.s.c.ServletWebServerApplicationContext - Root WebApplicationContext: initialization completed in 1953 ms
26-07-21 14:13:43.559 [main] INFO  o.h.jpa.internal.util.LogHelper - HHH000204: Processing PersistenceUnitInfo [name: default]
26-07-21 14:13:43.607 [main] INFO  org.hibernate.Version - HHH000412: Hibernate ORM core version 5.6.15.Final
26-07-21 14:13:43.751 [main] INFO  o.h.annotations.common.Version - HCANN000001: Hibernate Commons Annotations {5.1.2.Final}
26-07-21 14:13:44.093 [main] INFO  org.hibernate.dialect.Dialect - HHH000400: Using dialect: org.hibernate.dialect.SQLServerDialect
26-07-21 14:13:44.994 [main] INFO  o.h.e.t.j.p.i.JtaPlatformInitiator - HHH000490: Using JtaPlatform implementation: [org.hibernate.engine.transaction.jta.platform.internal.NoJtaPlatform]
26-07-21 14:13:45.008 [main] INFO  o.s.o.j.LocalContainerEntityManagerFactoryBean - Initialized JPA EntityManagerFactory for persistence unit 'default'
26-07-21 14:13:46.734 [main] WARN  o.s.b.a.o.j.JpaBaseConfiguration$JpaWebConfiguration - spring.jpa.open-in-view is enabled by default. Therefore, database queries may be performed during view rendering. Explicitly configure spring.jpa.open-in-view to disable this warning
26-07-21 14:13:47.734 [main] INFO  o.a.coyote.http11.Http11NioProtocol - Starting ProtocolHandler ["http-nio-8081"]
26-07-21 14:13:47.764 [main] INFO  o.s.b.w.e.tomcat.TomcatWebServer - Tomcat started on port(s): 8081 (http) with context path ''
26-07-21 14:13:48.055 [main] INFO  com.example.mail.MailApplication - Started MailApplication in 7.107 seconds (JVM running for 7.752)
26-07-21 14:13:58.984 [http-nio-8081-exec-2] INFO  o.a.c.c.C.[Tomcat].[localhost].[/] - Initializing Spring DispatcherServlet 'dispatcherServlet'
26-07-21 14:13:58.984 [http-nio-8081-exec-2] INFO  o.s.web.servlet.DispatcherServlet - Initializing Servlet 'dispatcherServlet'
26-07-21 14:13:58.985 [http-nio-8081-exec-2] INFO  o.s.web.servlet.DispatcherServlet - Completed initialization in 1 ms
26-07-21 14:15:49.618 [main] INFO  com.example.mail.MailApplication - Starting MailApplication using Java 21.0.11 on Gaurang-Parmar with PID 20052 (C:\Users\AMD\Desktop\Email AACC\sbi-email-service-backend-main\target\classes started by AMD in C:\Users\AMD\Desktop\Email AACC\sbi-email-service-backend-main)
26-07-21 14:15:49.621 [main] INFO  com.example.mail.MailApplication - The following 1 profile is active: "dev"
26-07-21 14:15:50.441 [main] INFO  o.s.d.r.c.RepositoryConfigurationDelegate - Bootstrapping Spring Data JPA repositories in DEFAULT mode.
26-07-21 14:15:50.524 [main] INFO  o.s.d.r.c.RepositoryConfigurationDelegate - Finished Spring Data repository scanning in 71 ms. Found 7 JPA repository interfaces.
26-07-21 14:15:51.445 [main] INFO  o.s.b.w.e.tomcat.TomcatWebServer - Tomcat initialized with port(s): 8081 (http)
26-07-21 14:15:51.455 [main] INFO  o.a.coyote.http11.Http11NioProtocol - Initializing ProtocolHandler ["http-nio-8081"]
26-07-21 14:15:51.457 [main] INFO  o.a.catalina.core.StandardService - Starting service [Tomcat]
26-07-21 14:15:51.457 [main] INFO  o.a.catalina.core.StandardEngine - Starting Servlet engine: [Apache Tomcat/9.0.83]
26-07-21 14:15:51.629 [main] INFO  o.a.c.c.C.[Tomcat].[localhost].[/] - Initializing Spring embedded WebApplicationContext
26-07-21 14:15:51.629 [main] INFO  o.s.b.w.s.c.ServletWebServerApplicationContext - Root WebApplicationContext: initialization completed in 1962 ms
26-07-21 14:15:51.929 [main] INFO  o.h.jpa.internal.util.LogHelper - HHH000204: Processing PersistenceUnitInfo [name: default]
26-07-21 14:15:51.990 [main] INFO  org.hibernate.Version - HHH000412: Hibernate ORM core version 5.6.15.Final
26-07-21 14:15:52.140 [main] INFO  o.h.annotations.common.Version - HCANN000001: Hibernate Commons Annotations {5.1.2.Final}
26-07-21 14:15:52.491 [main] INFO  org.hibernate.dialect.Dialect - HHH000400: Using dialect: org.hibernate.dialect.SQLServerDialect
26-07-21 14:15:53.391 [main] INFO  o.h.e.t.j.p.i.JtaPlatformInitiator - HHH000490: Using JtaPlatform implementation: [org.hibernate.engine.transaction.jta.platform.internal.NoJtaPlatform]
26-07-21 14:15:53.404 [main] INFO  o.s.o.j.LocalContainerEntityManagerFactoryBean - Initialized JPA EntityManagerFactory for persistence unit 'default'
26-07-21 14:15:55.162 [main] WARN  o.s.b.a.o.j.JpaBaseConfiguration$JpaWebConfiguration - spring.jpa.open-in-view is enabled by default. Therefore, database queries may be performed during view rendering. Explicitly configure spring.jpa.open-in-view to disable this warning
26-07-21 14:15:56.143 [main] INFO  o.a.coyote.http11.Http11NioProtocol - Starting ProtocolHandler ["http-nio-8081"]
26-07-21 14:15:56.153 [main] WARN  o.s.b.w.s.c.AnnotationConfigServletWebServerApplicationContext - Exception encountered during context initialization - cancelling refresh attempt: org.springframework.context.ApplicationContextException: Failed to start bean 'webServerStartStop'; nested exception is org.springframework.boot.web.server.PortInUseException: Port 8081 is already in use
26-07-21 14:15:56.159 [main] INFO  o.s.o.j.LocalContainerEntityManagerFactoryBean - Closing JPA EntityManagerFactory for persistence unit 'default'
26-07-21 14:15:56.162 [main] INFO  o.a.coyote.http11.Http11NioProtocol - Pausing ProtocolHandler ["http-nio-8081"]
26-07-21 14:15:56.162 [main] INFO  o.a.catalina.core.StandardService - Stopping service [Tomcat]
26-07-21 14:15:56.165 [main] INFO  o.a.coyote.http11.Http11NioProtocol - Stopping ProtocolHandler ["http-nio-8081"]
26-07-21 14:15:56.165 [main] INFO  o.a.coyote.http11.Http11NioProtocol - Destroying ProtocolHandler ["http-nio-8081"]
26-07-21 14:15:56.172 [main] INFO  o.s.b.a.l.ConditionEvaluationReportLoggingListener - 

Error starting ApplicationContext. To display the conditions report re-run your application with 'debug' enabled.
26-07-21 14:15:56.193 [main] ERROR o.s.b.d.LoggingFailureAnalysisReporter - 

***************************
APPLICATION FAILED TO START
***************************

Description:

Web server failed to start. Port 8081 was already in use.

Action:

Identify and stop the process that's listening on port 8081 or configure this application to listen on another port.

26-07-21 14:16:19.915 [main] INFO  com.example.mail.MailApplication - Starting MailApplication using Java 21.0.11 on Gaurang-Parmar with PID 20252 (C:\Users\AMD\Desktop\Email AACC\sbi-email-service-backend-main\target\classes started by AMD in C:\Users\AMD\Desktop\Email AACC\sbi-email-service-backend-main)
26-07-21 14:16:19.917 [main] INFO  com.example.mail.MailApplication - The following 1 profile is active: "dev"
26-07-21 14:16:20.773 [main] INFO  o.s.d.r.c.RepositoryConfigurationDelegate - Bootstrapping Spring Data JPA repositories in DEFAULT mode.
26-07-21 14:16:20.857 [main] INFO  o.s.d.r.c.RepositoryConfigurationDelegate - Finished Spring Data repository scanning in 71 ms. Found 7 JPA repository interfaces.
26-07-21 14:16:21.733 [main] INFO  o.s.b.w.e.tomcat.TomcatWebServer - Tomcat initialized with port(s): 8081 (http)
26-07-21 14:16:21.743 [main] INFO  o.a.coyote.http11.Http11NioProtocol - Initializing ProtocolHandler ["http-nio-8081"]
26-07-21 14:16:21.746 [main] INFO  o.a.catalina.core.StandardService - Starting service [Tomcat]
26-07-21 14:16:21.746 [main] INFO  o.a.catalina.core.StandardEngine - Starting Servlet engine: [Apache Tomcat/9.0.83]
26-07-21 14:16:21.902 [main] INFO  o.a.c.c.C.[Tomcat].[localhost].[/] - Initializing Spring embedded WebApplicationContext
26-07-21 14:16:21.902 [main] INFO  o.s.b.w.s.c.ServletWebServerApplicationContext - Root WebApplicationContext: initialization completed in 1938 ms
26-07-21 14:16:22.183 [main] INFO  o.h.jpa.internal.util.LogHelper - HHH000204: Processing PersistenceUnitInfo [name: default]
26-07-21 14:16:22.231 [main] INFO  org.hibernate.Version - HHH000412: Hibernate ORM core version 5.6.15.Final
26-07-21 14:16:22.376 [main] INFO  o.h.annotations.common.Version - HCANN000001: Hibernate Commons Annotations {5.1.2.Final}
26-07-21 14:16:22.719 [main] INFO  org.hibernate.dialect.Dialect - HHH000400: Using dialect: org.hibernate.dialect.SQLServerDialect
26-07-21 14:16:23.633 [main] INFO  o.h.e.t.j.p.i.JtaPlatformInitiator - HHH000490: Using JtaPlatform implementation: [org.hibernate.engine.transaction.jta.platform.internal.NoJtaPlatform]
26-07-21 14:16:23.642 [main] INFO  o.s.o.j.LocalContainerEntityManagerFactoryBean - Initialized JPA EntityManagerFactory for persistence unit 'default'
26-07-21 14:16:25.399 [main] WARN  o.s.b.a.o.j.JpaBaseConfiguration$JpaWebConfiguration - spring.jpa.open-in-view is enabled by default. Therefore, database queries may be performed during view rendering. Explicitly configure spring.jpa.open-in-view to disable this warning
26-07-21 14:16:26.359 [main] INFO  o.a.coyote.http11.Http11NioProtocol - Starting ProtocolHandler ["http-nio-8081"]
26-07-21 14:16:26.379 [main] INFO  o.s.b.w.e.tomcat.TomcatWebServer - Tomcat started on port(s): 8081 (http) with context path ''
26-07-21 14:16:26.656 [main] INFO  com.example.mail.MailApplication - Started MailApplication in 7.08 seconds (JVM running for 7.73)
26-07-21 14:16:35.551 [http-nio-8081-exec-1] INFO  o.a.c.c.C.[Tomcat].[localhost].[/] - Initializing Spring DispatcherServlet 'dispatcherServlet'
26-07-21 14:16:35.551 [http-nio-8081-exec-1] INFO  o.s.web.servlet.DispatcherServlet - Initializing Servlet 'dispatcherServlet'
26-07-21 14:16:35.552 [http-nio-8081-exec-1] INFO  o.s.web.servlet.DispatcherServlet - Completed initialization in 1 ms
26-07-21 14:17:24.118 [main] INFO  com.example.mail.MailApplication - Starting MailApplication using Java 21.0.11 on Gaurang-Parmar with PID 13464 (C:\Users\AMD\Desktop\Email AACC\sbi-email-service-backend-main\target\classes started by AMD in C:\Users\AMD\Desktop\Email AACC\sbi-email-service-backend-main)
26-07-21 14:17:24.122 [main] INFO  com.example.mail.MailApplication - The following 1 profile is active: "dev"
26-07-21 14:17:24.957 [main] INFO  o.s.d.r.c.RepositoryConfigurationDelegate - Bootstrapping Spring Data JPA repositories in DEFAULT mode.
26-07-21 14:17:25.047 [main] INFO  o.s.d.r.c.RepositoryConfigurationDelegate - Finished Spring Data repository scanning in 74 ms. Found 7 JPA repository interfaces.
26-07-21 14:17:25.927 [main] INFO  o.s.b.w.e.tomcat.TomcatWebServer - Tomcat initialized with port(s): 8081 (http)
26-07-21 14:17:25.937 [main] INFO  o.a.coyote.http11.Http11NioProtocol - Initializing ProtocolHandler ["http-nio-8081"]
26-07-21 14:17:25.942 [main] INFO  o.a.catalina.core.StandardService - Starting service [Tomcat]
26-07-21 14:17:25.942 [main] INFO  o.a.catalina.core.StandardEngine - Starting Servlet engine: [Apache Tomcat/9.0.83]
26-07-21 14:17:26.101 [main] INFO  o.a.c.c.C.[Tomcat].[localhost].[/] - Initializing Spring embedded WebApplicationContext
26-07-21 14:17:26.101 [main] INFO  o.s.b.w.s.c.ServletWebServerApplicationContext - Root WebApplicationContext: initialization completed in 1934 ms
26-07-21 14:17:26.382 [main] INFO  o.h.jpa.internal.util.LogHelper - HHH000204: Processing PersistenceUnitInfo [name: default]
26-07-21 14:17:26.437 [main] INFO  org.hibernate.Version - HHH000412: Hibernate ORM core version 5.6.15.Final
26-07-21 14:17:26.567 [main] INFO  o.h.annotations.common.Version - HCANN000001: Hibernate Commons Annotations {5.1.2.Final}
26-07-21 14:17:26.952 [main] INFO  org.hibernate.dialect.Dialect - HHH000400: Using dialect: org.hibernate.dialect.SQLServerDialect
26-07-21 14:17:27.827 [main] INFO  o.h.e.t.j.p.i.JtaPlatformInitiator - HHH000490: Using JtaPlatform implementation: [org.hibernate.engine.transaction.jta.platform.internal.NoJtaPlatform]
26-07-21 14:17:27.837 [main] INFO  o.s.o.j.LocalContainerEntityManagerFactoryBean - Initialized JPA EntityManagerFactory for persistence unit 'default'
26-07-21 14:17:29.658 [main] WARN  o.s.b.a.o.j.JpaBaseConfiguration$JpaWebConfiguration - spring.jpa.open-in-view is enabled by default. Therefore, database queries may be performed during view rendering. Explicitly configure spring.jpa.open-in-view to disable this warning
26-07-21 14:17:30.637 [main] INFO  o.a.coyote.http11.Http11NioProtocol - Starting ProtocolHandler ["http-nio-8081"]
26-07-21 14:17:30.657 [main] INFO  o.s.b.w.e.tomcat.TomcatWebServer - Tomcat started on port(s): 8081 (http) with context path ''
26-07-21 14:17:30.922 [main] INFO  com.example.mail.MailApplication - Started MailApplication in 7.137 seconds (JVM running for 7.835)
26-07-21 14:17:37.433 [http-nio-8081-exec-1] INFO  o.a.c.c.C.[Tomcat].[localhost].[/] - Initializing Spring DispatcherServlet 'dispatcherServlet'
26-07-21 14:17:37.433 [http-nio-8081-exec-1] INFO  o.s.web.servlet.DispatcherServlet - Initializing Servlet 'dispatcherServlet'
26-07-21 14:17:37.434 [http-nio-8081-exec-1] INFO  o.s.web.servlet.DispatcherServlet - Completed initialization in 1 ms
26-07-21 14:20:20.857 [main] INFO  com.example.mail.MailApplication - Starting MailApplication using Java 21.0.11 on Gaurang-Parmar with PID 15048 (C:\Users\AMD\Desktop\Email AACC\sbi-email-service-backend-main\target\classes started by AMD in C:\Users\AMD\Desktop\Email AACC\sbi-email-service-backend-main)
26-07-21 14:20:20.861 [main] INFO  com.example.mail.MailApplication - The following 1 profile is active: "dev"
26-07-21 14:20:21.637 [main] INFO  o.s.d.r.c.RepositoryConfigurationDelegate - Bootstrapping Spring Data JPA repositories in DEFAULT mode.
26-07-21 14:20:21.718 [main] INFO  o.s.d.r.c.RepositoryConfigurationDelegate - Finished Spring Data repository scanning in 71 ms. Found 7 JPA repository interfaces.
26-07-21 14:20:22.660 [main] INFO  o.s.b.w.e.tomcat.TomcatWebServer - Tomcat initialized with port(s): 8081 (http)
26-07-21 14:20:22.677 [main] INFO  o.a.coyote.http11.Http11NioProtocol - Initializing ProtocolHandler ["http-nio-8081"]
26-07-21 14:20:22.677 [main] INFO  o.a.catalina.core.StandardService - Starting service [Tomcat]
26-07-21 14:20:22.677 [main] INFO  o.a.catalina.core.StandardEngine - Starting Servlet engine: [Apache Tomcat/9.0.83]
26-07-21 14:20:22.860 [main] INFO  o.a.c.c.C.[Tomcat].[localhost].[/] - Initializing Spring embedded WebApplicationContext
26-07-21 14:20:22.860 [main] INFO  o.s.b.w.s.c.ServletWebServerApplicationContext - Root WebApplicationContext: initialization completed in 1959 ms
26-07-21 14:20:23.192 [main] INFO  o.h.jpa.internal.util.LogHelper - HHH000204: Processing PersistenceUnitInfo [name: default]
26-07-21 14:20:23.250 [main] INFO  org.hibernate.Version - HHH000412: Hibernate ORM core version 5.6.15.Final
26-07-21 14:20:23.398 [main] INFO  o.h.annotations.common.Version - HCANN000001: Hibernate Commons Annotations {5.1.2.Final}
26-07-21 14:20:23.813 [main] INFO  org.hibernate.dialect.Dialect - HHH000400: Using dialect: org.hibernate.dialect.SQLServerDialect
26-07-21 14:20:24.787 [main] INFO  o.h.e.t.j.p.i.JtaPlatformInitiator - HHH000490: Using JtaPlatform implementation: [org.hibernate.engine.transaction.jta.platform.internal.NoJtaPlatform]
26-07-21 14:20:24.798 [main] INFO  o.s.o.j.LocalContainerEntityManagerFactoryBean - Initialized JPA EntityManagerFactory for persistence unit 'default'
26-07-21 14:20:26.854 [main] WARN  o.s.b.a.o.j.JpaBaseConfiguration$JpaWebConfiguration - spring.jpa.open-in-view is enabled by default. Therefore, database queries may be performed during view rendering. Explicitly configure spring.jpa.open-in-view to disable this warning
26-07-21 14:20:27.953 [main] INFO  o.a.coyote.http11.Http11NioProtocol - Starting ProtocolHandler ["http-nio-8081"]
26-07-21 14:20:27.957 [main] WARN  o.s.b.w.s.c.AnnotationConfigServletWebServerApplicationContext - Exception encountered during context initialization - cancelling refresh attempt: org.springframework.context.ApplicationContextException: Failed to start bean 'webServerStartStop'; nested exception is org.springframework.boot.web.server.PortInUseException: Port 8081 is already in use
26-07-21 14:20:27.962 [main] INFO  o.s.o.j.LocalContainerEntityManagerFactoryBean - Closing JPA EntityManagerFactory for persistence unit 'default'
26-07-21 14:20:27.965 [main] INFO  o.a.coyote.http11.Http11NioProtocol - Pausing ProtocolHandler ["http-nio-8081"]
26-07-21 14:20:27.965 [main] INFO  o.a.catalina.core.StandardService - Stopping service [Tomcat]
26-07-21 14:20:27.968 [main] INFO  o.a.coyote.http11.Http11NioProtocol - Stopping ProtocolHandler ["http-nio-8081"]
26-07-21 14:20:27.968 [main] INFO  o.a.coyote.http11.Http11NioProtocol - Destroying ProtocolHandler ["http-nio-8081"]
26-07-21 14:20:27.977 [main] INFO  o.s.b.a.l.ConditionEvaluationReportLoggingListener - 

Error starting ApplicationContext. To display the conditions report re-run your application with 'debug' enabled.
26-07-21 14:20:28.001 [main] ERROR o.s.b.d.LoggingFailureAnalysisReporter - 

***************************
APPLICATION FAILED TO START
***************************

Description:

Web server failed to start. Port 8081 was already in use.

Action:

Identify and stop the process that's listening on port 8081 or configure this application to listen on another port.

26-07-21 15:16:40.343 [main] INFO  com.example.mail.MailApplication - Starting MailApplication using Java 21.0.11 on Gaurang-Parmar with PID 12524 (C:\Users\AMD\Desktop\Email AACC\sbi-email-service-backend-main\target\classes started by AMD in C:\Users\AMD\Desktop\Email AACC\sbi-email-service-backend-main)
26-07-21 15:16:40.344 [main] INFO  com.example.mail.MailApplication - The following 1 profile is active: "uat"
26-07-21 15:16:41.384 [main] INFO  o.s.d.r.c.RepositoryConfigurationDelegate - Bootstrapping Spring Data JPA repositories in DEFAULT mode.
26-07-21 15:16:41.475 [main] INFO  o.s.d.r.c.RepositoryConfigurationDelegate - Finished Spring Data repository scanning in 79 ms. Found 7 JPA repository interfaces.
26-07-21 15:16:42.649 [main] WARN  o.s.b.w.s.c.AnnotationConfigServletWebServerApplicationContext - Exception encountered during context initialization - cancelling refresh attempt: org.springframework.context.ApplicationContextException: Unable to start web server; nested exception is org.springframework.beans.factory.BeanCreationException: Error creating bean with name 'tomcatServletWebServerFactory' defined in class path resource [org/springframework/boot/autoconfigure/web/servlet/ServletWebServerFactoryConfiguration$EmbeddedTomcat.class]: Initialization of bean failed; nested exception is org.springframework.beans.factory.UnsatisfiedDependencyException: Error creating bean with name 'servletWebServerFactoryCustomizer' defined in class path resource [org/springframework/boot/autoconfigure/web/servlet/ServletWebServerFactoryAutoConfiguration.class]: Unsatisfied dependency expressed through method 'servletWebServerFactoryCustomizer' parameter 0; nested exception is org.springframework.boot.context.properties.ConfigurationPropertiesBindException: Error creating bean with name 'server-org.springframework.boot.autoconfigure.web.ServerProperties': Could not bind properties to 'ServerProperties' : prefix=server, ignoreInvalidFields=false, ignoreUnknownFields=true; nested exception is org.springframework.boot.context.properties.bind.BindException: Failed to bind properties under 'server.address' to java.net.InetAddress
26-07-21 15:16:42.659 [main] INFO  o.s.b.a.l.ConditionEvaluationReportLoggingListener - 

Error starting ApplicationContext. To display the conditions report re-run your application with 'debug' enabled.
26-07-21 15:16:42.678 [main] ERROR o.s.b.d.LoggingFailureAnalysisReporter - 

***************************
APPLICATION FAILED TO START
***************************

Description:

Failed to bind properties under 'server.address' to java.net.InetAddress:

    Property: server.address
    Value: "SBIVADAACCUAT.tpsbi.com"
    Origin: class path resource [application-uat.properties] - 2:16
    Reason: failed to convert java.lang.String to java.net.InetAddress (caused by java.net.UnknownHostException: No such host is known (SBIVADAACCUAT.tpsbi.com))

Action:

Update your application's configuration

26-07-21 15:17:17.560 [main] INFO  com.example.mail.MailApplication - Starting MailApplication using Java 21.0.11 on Gaurang-Parmar with PID 6632 (C:\Users\AMD\Desktop\Email AACC\sbi-email-service-backend-main\target\classes started by AMD in C:\Users\AMD\Desktop\Email AACC\sbi-email-service-backend-main)
26-07-21 15:17:17.562 [main] INFO  com.example.mail.MailApplication - The following 1 profile is active: "dev"
26-07-21 15:17:18.343 [main] INFO  o.s.d.r.c.RepositoryConfigurationDelegate - Bootstrapping Spring Data JPA repositories in DEFAULT mode.
26-07-21 15:17:18.416 [main] INFO  o.s.d.r.c.RepositoryConfigurationDelegate - Finished Spring Data repository scanning in 65 ms. Found 7 JPA repository interfaces.
26-07-21 15:17:19.366 [main] INFO  o.s.b.w.e.tomcat.TomcatWebServer - Tomcat initialized with port(s): 8081 (http)
26-07-21 15:17:19.373 [main] INFO  o.a.coyote.http11.Http11NioProtocol - Initializing ProtocolHandler ["http-nio-8081"]
26-07-21 15:17:19.375 [main] INFO  o.a.catalina.core.StandardService - Starting service [Tomcat]
26-07-21 15:17:19.376 [main] INFO  o.a.catalina.core.StandardEngine - Starting Servlet engine: [Apache Tomcat/9.0.83]
26-07-21 15:17:19.559 [main] INFO  o.a.c.c.C.[Tomcat].[localhost].[/] - Initializing Spring embedded WebApplicationContext
26-07-21 15:17:19.559 [main] INFO  o.s.b.w.s.c.ServletWebServerApplicationContext - Root WebApplicationContext: initialization completed in 1952 ms
26-07-21 15:17:19.900 [main] INFO  o.h.jpa.internal.util.LogHelper - HHH000204: Processing PersistenceUnitInfo [name: default]
26-07-21 15:17:19.989 [main] INFO  org.hibernate.Version - HHH000412: Hibernate ORM core version 5.6.15.Final
26-07-21 15:17:20.196 [main] INFO  o.h.annotations.common.Version - HCANN000001: Hibernate Commons Annotations {5.1.2.Final}
26-07-21 15:17:20.551 [main] WARN  o.h.e.j.e.i.JdbcEnvironmentInitiator - HHH000342: Could not obtain connection to query metadata
com.microsoft.sqlserver.jdbc.SQLServerException: Login failed for user 'Dems_Email'. ClientConnectionId:a18f7dde-bbe0-42cf-b393-6da2fd6bba09
	at com.microsoft.sqlserver.jdbc.SQLServerException.makeFromDatabaseError(SQLServerException.java:265)
	at com.microsoft.sqlserver.jdbc.TDSTokenHandler.onEOF(tdsparser.java:299)
	at com.microsoft.sqlserver.jdbc.TDSParser.parse(tdsparser.java:132)
	at com.microsoft.sqlserver.jdbc.TDSParser.parse(tdsparser.java:37)
	at com.microsoft.sqlserver.jdbc.SQLServerConnection.sendLogon(SQLServerConnection.java:6159)
	at com.microsoft.sqlserver.jdbc.SQLServerConnection.logon(SQLServerConnection.java:4782)
	at com.microsoft.sqlserver.jdbc.SQLServerConnection.access$100(SQLServerConnection.java:90)
	at com.microsoft.sqlserver.jdbc.SQLServerConnection$LogonCommand.doExecute(SQLServerConnection.java:4720)
	at com.microsoft.sqlserver.jdbc.TDSCommand.execute(IOBuffer.java:7664)
	at com.microsoft.sqlserver.jdbc.SQLServerConnection.executeCommand(SQLServerConnection.java:3791)
	at com.microsoft.sqlserver.jdbc.SQLServerConnection.connectHelper(SQLServerConnection.java:3233)
	at com.microsoft.sqlserver.jdbc.SQLServerConnection.login(SQLServerConnection.java:2833)
	at com.microsoft.sqlserver.jdbc.SQLServerConnection.connectInternal(SQLServerConnection.java:2671)
	at com.microsoft.sqlserver.jdbc.SQLServerConnection.connect(SQLServerConnection.java:1640)
	at com.microsoft.sqlserver.jdbc.SQLServerDriver.connect(SQLServerDriver.java:936)
	at java.sql/java.sql.DriverManager.getConnection(Unknown Source)
	at java.sql/java.sql.DriverManager.getConnection(Unknown Source)
	at org.springframework.jdbc.datasource.DriverManagerDataSource.getConnectionFromDriverManager(DriverManagerDataSource.java:155)
	at org.springframework.jdbc.datasource.DriverManagerDataSource.getConnectionFromDriver(DriverManagerDataSource.java:146)
	at org.springframework.jdbc.datasource.AbstractDriverBasedDataSource.getConnectionFromDriver(AbstractDriverBasedDataSource.java:205)
	at org.springframework.jdbc.datasource.AbstractDriverBasedDataSource.getConnection(AbstractDriverBasedDataSource.java:169)
	at org.hibernate.engine.jdbc.connections.internal.DatasourceConnectionProviderImpl.getConnection(DatasourceConnectionProviderImpl.java:122)
	at org.hibernate.engine.jdbc.env.internal.JdbcEnvironmentInitiator$ConnectionProviderJdbcConnectionAccess.obtainConnection(JdbcEnvironmentInitiator.java:181)
	at org.hibernate.engine.jdbc.env.internal.JdbcEnvironmentInitiator.initiateService(JdbcEnvironmentInitiator.java:68)
	at org.hibernate.engine.jdbc.env.internal.JdbcEnvironmentInitiator.initiateService(JdbcEnvironmentInitiator.java:35)
	at org.hibernate.boot.registry.internal.StandardServiceRegistryImpl.initiateService(StandardServiceRegistryImpl.java:101)
	at org.hibernate.service.internal.AbstractServiceRegistryImpl.createService(AbstractServiceRegistryImpl.java:272)
	at org.hibernate.service.internal.AbstractServiceRegistryImpl.initializeService(AbstractServiceRegistryImpl.java:246)
	at org.hibernate.service.internal.AbstractServiceRegistryImpl.getService(AbstractServiceRegistryImpl.java:223)
	at org.hibernate.id.factory.internal.DefaultIdentifierGeneratorFactory.injectServices(DefaultIdentifierGeneratorFactory.java:175)
	at org.hibernate.service.internal.AbstractServiceRegistryImpl.injectDependencies(AbstractServiceRegistryImpl.java:295)
	at org.hibernate.service.internal.AbstractServiceRegistryImpl.initializeService(AbstractServiceRegistryImpl.java:252)
	at org.hibernate.service.internal.AbstractServiceRegistryImpl.getService(AbstractServiceRegistryImpl.java:223)
	at org.hibernate.boot.internal.InFlightMetadataCollectorImpl.<init>(InFlightMetadataCollectorImpl.java:173)
	at org.hibernate.boot.model.process.spi.MetadataBuildingProcess.complete(MetadataBuildingProcess.java:127)
	at org.hibernate.jpa.boot.internal.EntityManagerFactoryBuilderImpl.metadata(EntityManagerFactoryBuilderImpl.java:1460)
	at org.hibernate.jpa.boot.internal.EntityManagerFactoryBuilderImpl.build(EntityManagerFactoryBuilderImpl.java:1494)
	at org.springframework.orm.jpa.vendor.SpringHibernateJpaPersistenceProvider.createContainerEntityManagerFactory(SpringHibernateJpaPersistenceProvider.java:58)
	at org.springframework.orm.jpa.LocalContainerEntityManagerFactoryBean.createNativeEntityManagerFactory(LocalContainerEntityManagerFactoryBean.java:365)
	at org.springframework.orm.jpa.AbstractEntityManagerFactoryBean.buildNativeEntityManagerFactory(AbstractEntityManagerFactoryBean.java:409)
	at org.springframework.orm.jpa.AbstractEntityManagerFactoryBean.afterPropertiesSet(AbstractEntityManagerFactoryBean.java:396)
	at org.springframework.orm.jpa.LocalContainerEntityManagerFactoryBean.afterPropertiesSet(LocalContainerEntityManagerFactoryBean.java:341)
	at org.springframework.beans.factory.support.AbstractAutowireCapableBeanFactory.invokeInitMethods(AbstractAutowireCapableBeanFactory.java:1863)
	at org.springframework.beans.factory.support.AbstractAutowireCapableBeanFactory.initializeBean(AbstractAutowireCapableBeanFactory.java:1800)
	at org.springframework.beans.factory.support.AbstractAutowireCapableBeanFactory.doCreateBean(AbstractAutowireCapableBeanFactory.java:620)
	at org.springframework.beans.factory.support.AbstractAutowireCapableBeanFactory.createBean(AbstractAutowireCapableBeanFactory.java:542)
	at org.springframework.beans.factory.support.AbstractBeanFactory.lambda$doGetBean$0(AbstractBeanFactory.java:335)
	at org.springframework.beans.factory.support.DefaultSingletonBeanRegistry.getSingleton(DefaultSingletonBeanRegistry.java:234)
	at org.springframework.beans.factory.support.AbstractBeanFactory.doGetBean(AbstractBeanFactory.java:333)
	at org.springframework.beans.factory.support.AbstractBeanFactory.getBean(AbstractBeanFactory.java:208)
	at org.springframework.context.support.AbstractApplicationContext.getBean(AbstractApplicationContext.java:1168)
	at org.springframework.context.support.AbstractApplicationContext.finishBeanFactoryInitialization(AbstractApplicationContext.java:919)
	at org.springframework.context.support.AbstractApplicationContext.refresh(AbstractApplicationContext.java:591)
	at org.springframework.boot.web.servlet.context.ServletWebServerApplicationContext.refresh(ServletWebServerApplicationContext.java:147)
	at org.springframework.boot.SpringApplication.refresh(SpringApplication.java:732)
	at org.springframework.boot.SpringApplication.refreshContext(SpringApplication.java:409)
	at org.springframework.boot.SpringApplication.run(SpringApplication.java:308)
	at org.springframework.boot.SpringApplication.run(SpringApplication.java:1300)
	at org.springframework.boot.SpringApplication.run(SpringApplication.java:1289)
	at com.example.mail.MailApplication.main(MailApplication.java:12)
26-07-21 15:17:20.574 [main] INFO  org.hibernate.dialect.Dialect - HHH000400: Using dialect: org.hibernate.dialect.SQLServerDialect
26-07-21 15:17:21.273 [main] WARN  o.h.e.jdbc.spi.SqlExceptionHelper - SQL Error: 18456, SQLState: S0001
26-07-21 15:17:21.277 [main] ERROR o.h.e.jdbc.spi.SqlExceptionHelper - Login failed for user 'Dems_Email'. ClientConnectionId:d87e861b-8e93-451b-8f29-320eb404afbc
26-07-21 15:17:21.281 [main] ERROR o.s.o.j.LocalContainerEntityManagerFactoryBean - Failed to initialize JPA EntityManagerFactory: [PersistenceUnit: default] Unable to build Hibernate SessionFactory; nested exception is org.hibernate.exception.SQLGrammarException: Unable to open JDBC Connection for DDL execution
26-07-21 15:17:21.282 [main] WARN  o.s.b.w.s.c.AnnotationConfigServletWebServerApplicationContext - Exception encountered during context initialization - cancelling refresh attempt: org.springframework.beans.factory.BeanCreationException: Error creating bean with name 'entityManagerFactory' defined in class path resource [org/springframework/boot/autoconfigure/orm/jpa/HibernateJpaConfiguration.class]: Invocation of init method failed; nested exception is javax.persistence.PersistenceException: [PersistenceUnit: default] Unable to build Hibernate SessionFactory; nested exception is org.hibernate.exception.SQLGrammarException: Unable to open JDBC Connection for DDL execution
26-07-21 15:17:21.284 [main] INFO  o.a.catalina.core.StandardService - Stopping service [Tomcat]
26-07-21 15:17:21.293 [main] INFO  o.s.b.a.l.ConditionEvaluationReportLoggingListener - 

Error starting ApplicationContext. To display the conditions report re-run your application with 'debug' enabled.
26-07-21 15:17:21.308 [main] ERROR o.s.boot.SpringApplication - Application run failed
org.springframework.beans.factory.BeanCreationException: Error creating bean with name 'entityManagerFactory' defined in class path resource [org/springframework/boot/autoconfigure/orm/jpa/HibernateJpaConfiguration.class]: Invocation of init method failed; nested exception is javax.persistence.PersistenceException: [PersistenceUnit: default] Unable to build Hibernate SessionFactory; nested exception is org.hibernate.exception.SQLGrammarException: Unable to open JDBC Connection for DDL execution
	at org.springframework.beans.factory.support.AbstractAutowireCapableBeanFactory.initializeBean(AbstractAutowireCapableBeanFactory.java:1804)
	at org.springframework.beans.factory.support.AbstractAutowireCapableBeanFactory.doCreateBean(AbstractAutowireCapableBeanFactory.java:620)
	at org.springframework.beans.factory.support.AbstractAutowireCapableBeanFactory.createBean(AbstractAutowireCapableBeanFactory.java:542)
	at org.springframework.beans.factory.support.AbstractBeanFactory.lambda$doGetBean$0(AbstractBeanFactory.java:335)
	at org.springframework.beans.factory.support.DefaultSingletonBeanRegistry.getSingleton(DefaultSingletonBeanRegistry.java:234)
	at org.springframework.beans.factory.support.AbstractBeanFactory.doGetBean(AbstractBeanFactory.java:333)
	at org.springframework.beans.factory.support.AbstractBeanFactory.getBean(AbstractBeanFactory.java:208)
	at org.springframework.context.support.AbstractApplicationContext.getBean(AbstractApplicationContext.java:1168)
	at org.springframework.context.support.AbstractApplicationContext.finishBeanFactoryInitialization(AbstractApplicationContext.java:919)
	at org.springframework.context.support.AbstractApplicationContext.refresh(AbstractApplicationContext.java:591)
	at org.springframework.boot.web.servlet.context.ServletWebServerApplicationContext.refresh(ServletWebServerApplicationContext.java:147)
	at org.springframework.boot.SpringApplication.refresh(SpringApplication.java:732)
	at org.springframework.boot.SpringApplication.refreshContext(SpringApplication.java:409)
	at org.springframework.boot.SpringApplication.run(SpringApplication.java:308)
	at org.springframework.boot.SpringApplication.run(SpringApplication.java:1300)
	at org.springframework.boot.SpringApplication.run(SpringApplication.java:1289)
	at com.example.mail.MailApplication.main(MailApplication.java:12)
Caused by: javax.persistence.PersistenceException: [PersistenceUnit: default] Unable to build Hibernate SessionFactory; nested exception is org.hibernate.exception.SQLGrammarException: Unable to open JDBC Connection for DDL execution
	at org.springframework.orm.jpa.AbstractEntityManagerFactoryBean.buildNativeEntityManagerFactory(AbstractEntityManagerFactoryBean.java:421)
	at org.springframework.orm.jpa.AbstractEntityManagerFactoryBean.afterPropertiesSet(AbstractEntityManagerFactoryBean.java:396)
	at org.springframework.orm.jpa.LocalContainerEntityManagerFactoryBean.afterPropertiesSet(LocalContainerEntityManagerFactoryBean.java:341)
	at org.springframework.beans.factory.support.AbstractAutowireCapableBeanFactory.invokeInitMethods(AbstractAutowireCapableBeanFactory.java:1863)
	at org.springframework.beans.factory.support.AbstractAutowireCapableBeanFactory.initializeBean(AbstractAutowireCapableBeanFactory.java:1800)
	... 16 common frames omitted
Caused by: org.hibernate.exception.SQLGrammarException: Unable to open JDBC Connection for DDL execution
	at org.hibernate.exception.internal.SQLStateConversionDelegate.convert(SQLStateConversionDelegate.java:103)
	at org.hibernate.exception.internal.StandardSQLExceptionConverter.convert(StandardSQLExceptionConverter.java:37)
	at org.hibernate.engine.jdbc.spi.SqlExceptionHelper.convert(SqlExceptionHelper.java:113)
	at org.hibernate.engine.jdbc.spi.SqlExceptionHelper.convert(SqlExceptionHelper.java:99)
	at org.hibernate.resource.transaction.backend.jdbc.internal.DdlTransactionIsolatorNonJtaImpl.getIsolatedConnection(DdlTransactionIsolatorNonJtaImpl.java:71)
	at org.hibernate.tool.schema.internal.exec.ImprovedExtractionContextImpl.getJdbcConnection(ImprovedExtractionContextImpl.java:63)
	at org.hibernate.tool.schema.internal.exec.ImprovedExtractionContextImpl.getJdbcDatabaseMetaData(ImprovedExtractionContextImpl.java:70)
	at org.hibernate.tool.schema.extract.internal.InformationExtractorJdbcDatabaseMetaDataImpl.processTableResultSet(InformationExtractorJdbcDatabaseMetaDataImpl.java:64)
	at org.hibernate.tool.schema.extract.internal.AbstractInformationExtractorImpl.getTables(AbstractInformationExtractorImpl.java:565)
	at org.hibernate.tool.schema.extract.internal.DatabaseInformationImpl.getTablesInformation(DatabaseInformationImpl.java:122)
	at org.hibernate.tool.schema.internal.GroupedSchemaMigratorImpl.performTablesMigration(GroupedSchemaMigratorImpl.java:68)
	at org.hibernate.tool.schema.internal.AbstractSchemaMigrator.performMigration(AbstractSchemaMigrator.java:220)
	at org.hibernate.tool.schema.internal.AbstractSchemaMigrator.doMigration(AbstractSchemaMigrator.java:123)
	at org.hibernate.tool.schema.spi.SchemaManagementToolCoordinator.performDatabaseAction(SchemaManagementToolCoordinator.java:196)
	at org.hibernate.tool.schema.spi.SchemaManagementToolCoordinator.process(SchemaManagementToolCoordinator.java:85)
	at org.hibernate.internal.SessionFactoryImpl.<init>(SessionFactoryImpl.java:335)
	at org.hibernate.boot.internal.SessionFactoryBuilderImpl.build(SessionFactoryBuilderImpl.java:471)
	at org.hibernate.jpa.boot.internal.EntityManagerFactoryBuilderImpl.build(EntityManagerFactoryBuilderImpl.java:1498)
	at org.springframework.orm.jpa.vendor.SpringHibernateJpaPersistenceProvider.createContainerEntityManagerFactory(SpringHibernateJpaPersistenceProvider.java:58)
	at org.springframework.orm.jpa.LocalContainerEntityManagerFactoryBean.createNativeEntityManagerFactory(LocalContainerEntityManagerFactoryBean.java:365)
	at org.springframework.orm.jpa.AbstractEntityManagerFactoryBean.buildNativeEntityManagerFactory(AbstractEntityManagerFactoryBean.java:409)
	... 20 common frames omitted
Caused by: com.microsoft.sqlserver.jdbc.SQLServerException: Login failed for user 'Dems_Email'. ClientConnectionId:d87e861b-8e93-451b-8f29-320eb404afbc
	at com.microsoft.sqlserver.jdbc.SQLServerException.makeFromDatabaseError(SQLServerException.java:265)
	at com.microsoft.sqlserver.jdbc.TDSTokenHandler.onEOF(tdsparser.java:299)
	at com.microsoft.sqlserver.jdbc.TDSParser.parse(tdsparser.java:132)
	at com.microsoft.sqlserver.jdbc.TDSParser.parse(tdsparser.java:37)
	at com.microsoft.sqlserver.jdbc.SQLServerConnection.sendLogon(SQLServerConnection.java:6159)
	at com.microsoft.sqlserver.jdbc.SQLServerConnection.logon(SQLServerConnection.java:4782)
	at com.microsoft.sqlserver.jdbc.SQLServerConnection.access$100(SQLServerConnection.java:90)
	at com.microsoft.sqlserver.jdbc.SQLServerConnection$LogonCommand.doExecute(SQLServerConnection.java:4720)
	at com.microsoft.sqlserver.jdbc.TDSCommand.execute(IOBuffer.java:7664)
	at com.microsoft.sqlserver.jdbc.SQLServerConnection.executeCommand(SQLServerConnection.java:3791)
	at com.microsoft.sqlserver.jdbc.SQLServerConnection.connectHelper(SQLServerConnection.java:3233)
	at com.microsoft.sqlserver.jdbc.SQLServerConnection.login(SQLServerConnection.java:2833)
	at com.microsoft.sqlserver.jdbc.SQLServerConnection.connectInternal(SQLServerConnection.java:2671)
	at com.microsoft.sqlserver.jdbc.SQLServerConnection.connect(SQLServerConnection.java:1640)
	at com.microsoft.sqlserver.jdbc.SQLServerDriver.connect(SQLServerDriver.java:936)
	at java.sql/java.sql.DriverManager.getConnection(Unknown Source)
	at java.sql/java.sql.DriverManager.getConnection(Unknown Source)
	at org.springframework.jdbc.datasource.DriverManagerDataSource.getConnectionFromDriverManager(DriverManagerDataSource.java:155)
	at org.springframework.jdbc.datasource.DriverManagerDataSource.getConnectionFromDriver(DriverManagerDataSource.java:146)
	at org.springframework.jdbc.datasource.AbstractDriverBasedDataSource.getConnectionFromDriver(AbstractDriverBasedDataSource.java:205)
	at org.springframework.jdbc.datasource.AbstractDriverBasedDataSource.getConnection(AbstractDriverBasedDataSource.java:169)
	at org.hibernate.engine.jdbc.connections.internal.DatasourceConnectionProviderImpl.getConnection(DatasourceConnectionProviderImpl.java:122)
	at org.hibernate.engine.jdbc.env.internal.JdbcEnvironmentInitiator$ConnectionProviderJdbcConnectionAccess.obtainConnection(JdbcEnvironmentInitiator.java:181)
	at org.hibernate.resource.transaction.backend.jdbc.internal.DdlTransactionIsolatorNonJtaImpl.getIsolatedConnection(DdlTransactionIsolatorNonJtaImpl.java:44)
	... 36 common frames omitted
26-07-21 15:17:36.459 [main] INFO  com.example.mail.MailApplication - Starting MailApplication using Java 21.0.11 on Gaurang-Parmar with PID 21532 (C:\Users\AMD\Desktop\Email AACC\sbi-email-service-backend-main\target\classes started by AMD in C:\Users\AMD\Desktop\Email AACC\sbi-email-service-backend-main)
26-07-21 15:17:36.463 [main] INFO  com.example.mail.MailApplication - The following 1 profile is active: "dev"
26-07-21 15:17:37.503 [main] INFO  o.s.d.r.c.RepositoryConfigurationDelegate - Bootstrapping Spring Data JPA repositories in DEFAULT mode.
26-07-21 15:17:37.609 [main] INFO  o.s.d.r.c.RepositoryConfigurationDelegate - Finished Spring Data repository scanning in 95 ms. Found 7 JPA repository interfaces.
26-07-21 15:17:38.573 [main] INFO  o.s.b.w.e.tomcat.TomcatWebServer - Tomcat initialized with port(s): 8081 (http)
26-07-21 15:17:38.580 [main] INFO  o.a.coyote.http11.Http11NioProtocol - Initializing ProtocolHandler ["http-nio-8081"]
26-07-21 15:17:38.584 [main] INFO  o.a.catalina.core.StandardService - Starting service [Tomcat]
26-07-21 15:17:38.584 [main] INFO  o.a.catalina.core.StandardEngine - Starting Servlet engine: [Apache Tomcat/9.0.83]
26-07-21 15:17:38.774 [main] INFO  o.a.c.c.C.[Tomcat].[localhost].[/] - Initializing Spring embedded WebApplicationContext
26-07-21 15:17:38.775 [main] INFO  o.s.b.w.s.c.ServletWebServerApplicationContext - Root WebApplicationContext: initialization completed in 2248 ms
26-07-21 15:17:39.131 [main] INFO  o.h.jpa.internal.util.LogHelper - HHH000204: Processing PersistenceUnitInfo [name: default]
26-07-21 15:17:39.183 [main] INFO  org.hibernate.Version - HHH000412: Hibernate ORM core version 5.6.15.Final
26-07-21 15:17:39.323 [main] INFO  o.h.annotations.common.Version - HCANN000001: Hibernate Commons Annotations {5.1.2.Final}
26-07-21 15:17:39.691 [main] INFO  org.hibernate.dialect.Dialect - HHH000400: Using dialect: org.hibernate.dialect.SQLServerDialect
26-07-21 15:17:40.583 [main] INFO  o.h.e.t.j.p.i.JtaPlatformInitiator - HHH000490: Using JtaPlatform implementation: [org.hibernate.engine.transaction.jta.platform.internal.NoJtaPlatform]
26-07-21 15:17:40.594 [main] INFO  o.s.o.j.LocalContainerEntityManagerFactoryBean - Initialized JPA EntityManagerFactory for persistence unit 'default'
26-07-21 15:17:42.646 [main] WARN  o.s.b.a.o.j.JpaBaseConfiguration$JpaWebConfiguration - spring.jpa.open-in-view is enabled by default. Therefore, database queries may be performed during view rendering. Explicitly configure spring.jpa.open-in-view to disable this warning
26-07-21 15:17:43.576 [main] INFO  o.a.coyote.http11.Http11NioProtocol - Starting ProtocolHandler ["http-nio-8081"]
26-07-21 15:17:43.598 [main] INFO  o.s.b.w.e.tomcat.TomcatWebServer - Tomcat started on port(s): 8081 (http) with context path ''
26-07-21 15:17:43.880 [main] INFO  com.example.mail.MailApplication - Started MailApplication in 7.775 seconds (JVM running for 8.403)
26-07-21 15:21:21.407 [http-nio-8081-exec-1] INFO  o.a.c.c.C.[Tomcat].[localhost].[/] - Initializing Spring DispatcherServlet 'dispatcherServlet'
26-07-21 15:21:21.408 [http-nio-8081-exec-1] INFO  o.s.web.servlet.DispatcherServlet - Initializing Servlet 'dispatcherServlet'
26-07-21 15:21:21.410 [http-nio-8081-exec-1] INFO  o.s.web.servlet.DispatcherServlet - Completed initialization in 2 ms
26-07-21 15:21:21.433 [http-nio-8081-exec-1] WARN  o.s.w.s.m.s.DefaultHandlerExceptionResolver - Resolved [org.springframework.web.HttpRequestMethodNotSupportedException: Request method 'GET' not supported]
26-07-21 15:22:50.176 [http-nio-8081-exec-3] WARN  o.s.w.s.m.s.DefaultHandlerExceptionResolver - Resolved [org.springframework.web.HttpRequestMethodNotSupportedException: Request method 'GET' not supported]
26-07-21 15:27:24.927 [main] INFO  com.example.mail.MailApplication - Starting MailApplication using Java 21.0.11 on Gaurang-Parmar with PID 25116 (C:\Users\AMD\Desktop\Email AACC\sbi-email-service-backend-main\target\classes started by AMD in C:\Users\AMD\Desktop\Email AACC\sbi-email-service-backend-main)
26-07-21 15:27:24.929 [main] INFO  com.example.mail.MailApplication - The following 1 profile is active: "dev"
26-07-21 15:27:25.932 [main] INFO  o.s.d.r.c.RepositoryConfigurationDelegate - Bootstrapping Spring Data JPA repositories in DEFAULT mode.
26-07-21 15:27:26.028 [main] INFO  o.s.d.r.c.RepositoryConfigurationDelegate - Finished Spring Data repository scanning in 86 ms. Found 7 JPA repository interfaces.
26-07-21 15:27:27.140 [main] INFO  o.s.b.w.e.tomcat.TomcatWebServer - Tomcat initialized with port(s): 8081 (http)
26-07-21 15:27:27.146 [main] INFO  o.a.coyote.http11.Http11NioProtocol - Initializing ProtocolHandler ["http-nio-8081"]
26-07-21 15:27:27.149 [main] INFO  o.a.catalina.core.StandardService - Starting service [Tomcat]
26-07-21 15:27:27.149 [main] INFO  o.a.catalina.core.StandardEngine - Starting Servlet engine: [Apache Tomcat/9.0.83]
26-07-21 15:27:27.348 [main] INFO  o.a.c.c.C.[Tomcat].[localhost].[/] - Initializing Spring embedded WebApplicationContext
26-07-21 15:27:27.348 [main] INFO  o.s.b.w.s.c.ServletWebServerApplicationContext - Root WebApplicationContext: initialization completed in 2357 ms
26-07-21 15:27:27.706 [main] INFO  o.h.jpa.internal.util.LogHelper - HHH000204: Processing PersistenceUnitInfo [name: default]
26-07-21 15:27:27.768 [main] INFO  org.hibernate.Version - HHH000412: Hibernate ORM core version 5.6.15.Final
26-07-21 15:27:27.970 [main] INFO  o.h.annotations.common.Version - HCANN000001: Hibernate Commons Annotations {5.1.2.Final}
26-07-21 15:27:28.408 [main] INFO  org.hibernate.dialect.Dialect - HHH000400: Using dialect: org.hibernate.dialect.SQLServerDialect
26-07-21 15:27:29.425 [main] INFO  o.h.e.t.j.p.i.JtaPlatformInitiator - HHH000490: Using JtaPlatform implementation: [org.hibernate.engine.transaction.jta.platform.internal.NoJtaPlatform]
26-07-21 15:27:29.438 [main] INFO  o.s.o.j.LocalContainerEntityManagerFactoryBean - Initialized JPA EntityManagerFactory for persistence unit 'default'
26-07-21 15:27:31.551 [main] WARN  o.s.b.a.o.j.JpaBaseConfiguration$JpaWebConfiguration - spring.jpa.open-in-view is enabled by default. Therefore, database queries may be performed during view rendering. Explicitly configure spring.jpa.open-in-view to disable this warning
26-07-21 15:27:32.762 [main] INFO  o.a.coyote.http11.Http11NioProtocol - Starting ProtocolHandler ["http-nio-8081"]
26-07-21 15:27:32.792 [main] INFO  o.s.b.w.e.tomcat.TomcatWebServer - Tomcat started on port(s): 8081 (http) with context path ''
26-07-21 15:27:33.241 [main] INFO  com.example.mail.MailApplication - Started MailApplication in 8.757 seconds (JVM running for 9.487)
26-07-21 15:27:38.187 [http-nio-8081-exec-1] INFO  o.a.c.c.C.[Tomcat].[localhost].[/] - Initializing Spring DispatcherServlet 'dispatcherServlet'
26-07-21 15:27:38.188 [http-nio-8081-exec-1] INFO  o.s.web.servlet.DispatcherServlet - Initializing Servlet 'dispatcherServlet'
26-07-21 15:27:38.189 [http-nio-8081-exec-1] INFO  o.s.web.servlet.DispatcherServlet - Completed initialization in 1 ms
26-07-21 15:29:04.078 [http-nio-8081-exec-5] INFO  Customer_Mail_LOGGER - Maker mail requested for ContactID 4431199
26-07-21 15:29:04.109 [http-nio-8081-exec-5] WARN  Customer_Mail_LOGGER - No maker action found for ContactID 4431199
26-07-21 15:30:07.870 [http-nio-8081-exec-8] INFO  Customer_Mail_LOGGER - Maker mail requested for ContactID 1
26-07-21 15:30:07.894 [http-nio-8081-exec-8] INFO  Customer_Mail_LOGGER - Maker mail response prepared for ContactID 1
26-07-21 17:44:48.564 [main] INFO  com.example.mail.MailApplication - Starting MailApplication using Java 21.0.11 on Gaurang-Parmar with PID 10608 (C:\Users\AMD\Desktop\Email AACC\sbi-email-service-backend-main\target\classes started by AMD in C:\Users\AMD\Desktop\Email AACC\sbi-email-service-backend-main)
26-07-21 17:44:48.566 [main] INFO  com.example.mail.MailApplication - The following 1 profile is active: "dev"
26-07-21 17:44:49.380 [main] INFO  o.s.d.r.c.RepositoryConfigurationDelegate - Bootstrapping Spring Data JPA repositories in DEFAULT mode.
26-07-21 17:44:49.454 [main] INFO  o.s.d.r.c.RepositoryConfigurationDelegate - Finished Spring Data repository scanning in 65 ms. Found 7 JPA repository interfaces.
26-07-21 17:44:50.459 [main] INFO  o.s.b.w.e.tomcat.TomcatWebServer - Tomcat initialized with port(s): 8081 (http)
26-07-21 17:44:50.467 [main] INFO  o.a.coyote.http11.Http11NioProtocol - Initializing ProtocolHandler ["http-nio-8081"]
26-07-21 17:44:50.469 [main] INFO  o.a.catalina.core.StandardService - Starting service [Tomcat]
26-07-21 17:44:50.469 [main] INFO  o.a.catalina.core.StandardEngine - Starting Servlet engine: [Apache Tomcat/9.0.83]
26-07-21 17:44:50.661 [main] INFO  o.a.c.c.C.[Tomcat].[localhost].[/] - Initializing Spring embedded WebApplicationContext
26-07-21 17:44:50.661 [main] INFO  o.s.b.w.s.c.ServletWebServerApplicationContext - Root WebApplicationContext: initialization completed in 2050 ms
26-07-21 17:44:51.017 [main] INFO  o.h.jpa.internal.util.LogHelper - HHH000204: Processing PersistenceUnitInfo [name: default]
26-07-21 17:44:51.098 [main] INFO  org.hibernate.Version - HHH000412: Hibernate ORM core version 5.6.15.Final
26-07-21 17:44:51.294 [main] INFO  o.h.annotations.common.Version - HCANN000001: Hibernate Commons Annotations {5.1.2.Final}
26-07-21 17:44:51.689 [main] INFO  org.hibernate.dialect.Dialect - HHH000400: Using dialect: org.hibernate.dialect.SQLServerDialect
26-07-21 17:44:52.964 [main] INFO  o.h.e.t.j.p.i.JtaPlatformInitiator - HHH000490: Using JtaPlatform implementation: [org.hibernate.engine.transaction.jta.platform.internal.NoJtaPlatform]
26-07-21 17:44:52.974 [main] INFO  o.s.o.j.LocalContainerEntityManagerFactoryBean - Initialized JPA EntityManagerFactory for persistence unit 'default'
26-07-21 17:44:55.030 [main] WARN  o.s.b.a.o.j.JpaBaseConfiguration$JpaWebConfiguration - spring.jpa.open-in-view is enabled by default. Therefore, database queries may be performed during view rendering. Explicitly configure spring.jpa.open-in-view to disable this warning
26-07-21 17:44:55.905 [main] INFO  o.a.coyote.http11.Http11NioProtocol - Starting ProtocolHandler ["http-nio-8081"]
26-07-21 17:44:55.931 [main] INFO  o.s.b.w.e.tomcat.TomcatWebServer - Tomcat started on port(s): 8081 (http) with context path ''
26-07-21 17:44:56.197 [main] INFO  com.example.mail.MailApplication - Started MailApplication in 8.004 seconds (JVM running for 8.594)
26-07-21 17:45:05.404 [http-nio-8081-exec-1] INFO  o.a.c.c.C.[Tomcat].[localhost].[/] - Initializing Spring DispatcherServlet 'dispatcherServlet'
26-07-21 17:45:05.404 [http-nio-8081-exec-1] INFO  o.s.web.servlet.DispatcherServlet - Initializing Servlet 'dispatcherServlet'
26-07-21 17:45:05.405 [http-nio-8081-exec-1] INFO  o.s.web.servlet.DispatcherServlet - Completed initialization in 1 ms
26-07-21 17:46:23.359 [main] INFO  com.example.mail.MailApplication - Starting MailApplication using Java 21.0.11 on Gaurang-Parmar with PID 20788 (C:\Users\AMD\Desktop\Email AACC\sbi-email-service-backend-main\target\classes started by AMD in C:\Users\AMD\Desktop\Email AACC\sbi-email-service-backend-main)
26-07-21 17:46:23.360 [main] INFO  com.example.mail.MailApplication - The following 1 profile is active: "dev"
26-07-21 17:46:24.416 [main] INFO  o.s.d.r.c.RepositoryConfigurationDelegate - Bootstrapping Spring Data JPA repositories in DEFAULT mode.
26-07-21 17:46:24.507 [main] INFO  o.s.d.r.c.RepositoryConfigurationDelegate - Finished Spring Data repository scanning in 80 ms. Found 7 JPA repository interfaces.
26-07-21 17:46:25.474 [main] INFO  o.s.b.w.e.tomcat.TomcatWebServer - Tomcat initialized with port(s): 8081 (http)
26-07-21 17:46:25.479 [main] INFO  o.a.coyote.http11.Http11NioProtocol - Initializing ProtocolHandler ["http-nio-8081"]
26-07-21 17:46:25.481 [main] INFO  o.a.catalina.core.StandardService - Starting service [Tomcat]
26-07-21 17:46:25.482 [main] INFO  o.a.catalina.core.StandardEngine - Starting Servlet engine: [Apache Tomcat/9.0.83]
26-07-21 17:46:25.647 [main] INFO  o.a.c.c.C.[Tomcat].[localhost].[/] - Initializing Spring embedded WebApplicationContext
26-07-21 17:46:25.648 [main] INFO  o.s.b.w.s.c.ServletWebServerApplicationContext - Root WebApplicationContext: initialization completed in 2239 ms
26-07-21 17:46:25.995 [main] INFO  o.h.jpa.internal.util.LogHelper - HHH000204: Processing PersistenceUnitInfo [name: default]
26-07-21 17:46:26.052 [main] INFO  org.hibernate.Version - HHH000412: Hibernate ORM core version 5.6.15.Final
26-07-21 17:46:26.206 [main] INFO  o.h.annotations.common.Version - HCANN000001: Hibernate Commons Annotations {5.1.2.Final}
26-07-21 17:46:26.595 [main] INFO  org.hibernate.dialect.Dialect - HHH000400: Using dialect: org.hibernate.dialect.SQLServerDialect
26-07-21 17:46:27.683 [main] INFO  o.h.e.t.j.p.i.JtaPlatformInitiator - HHH000490: Using JtaPlatform implementation: [org.hibernate.engine.transaction.jta.platform.internal.NoJtaPlatform]
26-07-21 17:46:27.691 [main] INFO  o.s.o.j.LocalContainerEntityManagerFactoryBean - Initialized JPA EntityManagerFactory for persistence unit 'default'
26-07-21 17:46:29.451 [main] WARN  o.s.b.a.o.j.JpaBaseConfiguration$JpaWebConfiguration - spring.jpa.open-in-view is enabled by default. Therefore, database queries may be performed during view rendering. Explicitly configure spring.jpa.open-in-view to disable this warning
26-07-21 17:46:30.319 [main] INFO  o.a.coyote.http11.Http11NioProtocol - Starting ProtocolHandler ["http-nio-8081"]
26-07-21 17:46:30.339 [main] INFO  o.s.b.w.e.tomcat.TomcatWebServer - Tomcat started on port(s): 8081 (http) with context path ''
26-07-21 17:46:30.657 [main] INFO  com.example.mail.MailApplication - Started MailApplication in 7.642 seconds (JVM running for 8.279)
26-07-21 17:46:37.091 [http-nio-8081-exec-2] INFO  o.a.c.c.C.[Tomcat].[localhost].[/] - Initializing Spring DispatcherServlet 'dispatcherServlet'
26-07-21 17:46:37.091 [http-nio-8081-exec-2] INFO  o.s.web.servlet.DispatcherServlet - Initializing Servlet 'dispatcherServlet'
26-07-21 17:46:37.092 [http-nio-8081-exec-2] INFO  o.s.web.servlet.DispatcherServlet - Completed initialization in 1 ms
26-07-21 18:25:58.521 [main] INFO  com.example.mail.MailApplication - Starting MailApplication using Java 21.0.11 on Gaurang-Parmar with PID 27448 (C:\Users\AMD\Desktop\Email AACC\sbi-email-service-backend-main\target\classes started by AMD in C:\Users\AMD\Desktop\Email AACC\sbi-email-service-backend-main)
26-07-21 18:25:58.525 [main] INFO  com.example.mail.MailApplication - The following 1 profile is active: "dev"
26-07-21 18:25:59.384 [main] INFO  o.s.d.r.c.RepositoryConfigurationDelegate - Bootstrapping Spring Data JPA repositories in DEFAULT mode.
26-07-21 18:25:59.474 [main] INFO  o.s.d.r.c.RepositoryConfigurationDelegate - Finished Spring Data repository scanning in 77 ms. Found 7 JPA repository interfaces.
26-07-21 18:26:00.404 [main] INFO  o.s.b.w.e.tomcat.TomcatWebServer - Tomcat initialized with port(s): 8081 (http)
26-07-21 18:26:00.410 [main] INFO  o.a.coyote.http11.Http11NioProtocol - Initializing ProtocolHandler ["http-nio-8081"]
26-07-21 18:26:00.412 [main] INFO  o.a.catalina.core.StandardService - Starting service [Tomcat]
26-07-21 18:26:00.412 [main] INFO  o.a.catalina.core.StandardEngine - Starting Servlet engine: [Apache Tomcat/9.0.83]
26-07-21 18:26:00.578 [main] INFO  o.a.c.c.C.[Tomcat].[localhost].[/] - Initializing Spring embedded WebApplicationContext
26-07-21 18:26:00.578 [main] INFO  o.s.b.w.s.c.ServletWebServerApplicationContext - Root WebApplicationContext: initialization completed in 2004 ms
26-07-21 18:26:00.949 [main] INFO  o.h.jpa.internal.util.LogHelper - HHH000204: Processing PersistenceUnitInfo [name: default]
26-07-21 18:26:01.015 [main] INFO  org.hibernate.Version - HHH000412: Hibernate ORM core version 5.6.15.Final
26-07-21 18:26:01.186 [main] INFO  o.h.annotations.common.Version - HCANN000001: Hibernate Commons Annotations {5.1.2.Final}
26-07-21 18:26:01.563 [main] INFO  org.hibernate.dialect.Dialect - HHH000400: Using dialect: org.hibernate.dialect.SQLServerDialect
26-07-21 18:26:02.474 [main] INFO  o.h.e.t.j.p.i.JtaPlatformInitiator - HHH000490: Using JtaPlatform implementation: [org.hibernate.engine.transaction.jta.platform.internal.NoJtaPlatform]
26-07-21 18:26:02.481 [main] INFO  o.s.o.j.LocalContainerEntityManagerFactoryBean - Initialized JPA EntityManagerFactory for persistence unit 'default'
26-07-21 18:26:04.153 [main] WARN  o.s.b.a.o.j.JpaBaseConfiguration$JpaWebConfiguration - spring.jpa.open-in-view is enabled by default. Therefore, database queries may be performed during view rendering. Explicitly configure spring.jpa.open-in-view to disable this warning
26-07-21 18:26:05.054 [main] INFO  o.a.coyote.http11.Http11NioProtocol - Starting ProtocolHandler ["http-nio-8081"]
26-07-21 18:26:05.077 [main] INFO  o.s.b.w.e.tomcat.TomcatWebServer - Tomcat started on port(s): 8081 (http) with context path ''
26-07-21 18:26:05.322 [main] INFO  com.example.mail.MailApplication - Started MailApplication in 7.136 seconds (JVM running for 7.714)
26-07-21 18:26:27.992 [http-nio-8081-exec-1] INFO  o.a.c.c.C.[Tomcat].[localhost].[/] - Initializing Spring DispatcherServlet 'dispatcherServlet'
26-07-21 18:26:27.992 [http-nio-8081-exec-1] INFO  o.s.web.servlet.DispatcherServlet - Initializing Servlet 'dispatcherServlet'
26-07-21 18:26:27.993 [http-nio-8081-exec-1] INFO  o.s.web.servlet.DispatcherServlet - Completed initialization in 1 ms
26-07-21 18:26:28.110 [http-nio-8081-exec-1] INFO  c.e.m.s.MakerTransferStatusService - Saving maker transfer status for emailId=1, contactId=4431199
26-07-21 18:27:28.392 [main] INFO  com.example.mail.MailApplication - Starting MailApplication using Java 21.0.11 on Gaurang-Parmar with PID 14460 (C:\Users\AMD\Desktop\Email AACC\sbi-email-service-backend-main\target\classes started by AMD in C:\Users\AMD\Desktop\Email AACC\sbi-email-service-backend-main)
26-07-21 18:27:28.394 [main] INFO  com.example.mail.MailApplication - The following 1 profile is active: "dev"
26-07-21 18:27:29.376 [main] INFO  o.s.d.r.c.RepositoryConfigurationDelegate - Bootstrapping Spring Data JPA repositories in DEFAULT mode.
26-07-21 18:27:29.457 [main] INFO  o.s.d.r.c.RepositoryConfigurationDelegate - Finished Spring Data repository scanning in 72 ms. Found 7 JPA repository interfaces.
26-07-21 18:27:30.421 [main] INFO  o.s.b.w.e.tomcat.TomcatWebServer - Tomcat initialized with port(s): 8081 (http)
26-07-21 18:27:30.428 [main] INFO  o.a.coyote.http11.Http11NioProtocol - Initializing ProtocolHandler ["http-nio-8081"]
26-07-21 18:27:30.430 [main] INFO  o.a.catalina.core.StandardService - Starting service [Tomcat]
26-07-21 18:27:30.430 [main] INFO  o.a.catalina.core.StandardEngine - Starting Servlet engine: [Apache Tomcat/9.0.83]
26-07-21 18:27:30.595 [main] INFO  o.a.c.c.C.[Tomcat].[localhost].[/] - Initializing Spring embedded WebApplicationContext
26-07-21 18:27:30.595 [main] INFO  o.s.b.w.s.c.ServletWebServerApplicationContext - Root WebApplicationContext: initialization completed in 2154 ms
26-07-21 18:27:30.880 [main] INFO  o.h.jpa.internal.util.LogHelper - HHH000204: Processing PersistenceUnitInfo [name: default]
26-07-21 18:27:30.931 [main] INFO  org.hibernate.Version - HHH000412: Hibernate ORM core version 5.6.15.Final
26-07-21 18:27:31.069 [main] INFO  o.h.annotations.common.Version - HCANN000001: Hibernate Commons Annotations {5.1.2.Final}
26-07-21 18:27:31.423 [main] INFO  org.hibernate.dialect.Dialect - HHH000400: Using dialect: org.hibernate.dialect.SQLServerDialect
26-07-21 18:27:32.334 [main] INFO  o.h.e.t.j.p.i.JtaPlatformInitiator - HHH000490: Using JtaPlatform implementation: [org.hibernate.engine.transaction.jta.platform.internal.NoJtaPlatform]
26-07-21 18:27:32.342 [main] INFO  o.s.o.j.LocalContainerEntityManagerFactoryBean - Initialized JPA EntityManagerFactory for persistence unit 'default'
26-07-21 18:27:34.308 [main] WARN  o.s.b.a.o.j.JpaBaseConfiguration$JpaWebConfiguration - spring.jpa.open-in-view is enabled by default. Therefore, database queries may be performed during view rendering. Explicitly configure spring.jpa.open-in-view to disable this warning
26-07-21 18:27:35.293 [main] INFO  o.a.coyote.http11.Http11NioProtocol - Starting ProtocolHandler ["http-nio-8081"]
26-07-21 18:27:35.315 [main] INFO  o.s.b.w.e.tomcat.TomcatWebServer - Tomcat started on port(s): 8081 (http) with context path ''
26-07-21 18:27:35.632 [main] INFO  com.example.mail.MailApplication - Started MailApplication in 7.611 seconds (JVM running for 8.285)
26-07-21 18:28:01.098 [http-nio-8081-exec-2] INFO  o.a.c.c.C.[Tomcat].[localhost].[/] - Initializing Spring DispatcherServlet 'dispatcherServlet'
26-07-21 18:28:01.098 [http-nio-8081-exec-2] INFO  o.s.web.servlet.DispatcherServlet - Initializing Servlet 'dispatcherServlet'
26-07-21 18:28:01.100 [http-nio-8081-exec-2] INFO  o.s.web.servlet.DispatcherServlet - Completed initialization in 2 ms
26-07-21 18:28:01.253 [http-nio-8081-exec-2] INFO  c.e.m.s.MakerTransferStatusService - Saving maker transfer status for emailId=1, contactId=4431199
26-07-21 18:28:28.433 [http-nio-8081-exec-4] INFO  c.e.m.s.MakerTransferStatusService - Saving maker transfer status for emailId=1, contactId=4431199
26-07-21 18:28:42.583 [main] INFO  com.example.mail.MailApplication - Starting MailApplication using Java 21.0.11 on Gaurang-Parmar with PID 26188 (C:\Users\AMD\Desktop\Email AACC\sbi-email-service-backend-main\target\classes started by AMD in C:\Users\AMD\Desktop\Email AACC\sbi-email-service-backend-main)
26-07-21 18:28:42.587 [main] INFO  com.example.mail.MailApplication - The following 1 profile is active: "dev"
26-07-21 18:28:43.419 [main] INFO  o.s.d.r.c.RepositoryConfigurationDelegate - Bootstrapping Spring Data JPA repositories in DEFAULT mode.
26-07-21 18:28:43.496 [main] INFO  o.s.d.r.c.RepositoryConfigurationDelegate - Finished Spring Data repository scanning in 69 ms. Found 7 JPA repository interfaces.
26-07-21 18:28:44.429 [main] INFO  o.s.b.w.e.tomcat.TomcatWebServer - Tomcat initialized with port(s): 8081 (http)
26-07-21 18:28:44.443 [main] INFO  o.a.coyote.http11.Http11NioProtocol - Initializing ProtocolHandler ["http-nio-8081"]
26-07-21 18:28:44.445 [main] INFO  o.a.catalina.core.StandardService - Starting service [Tomcat]
26-07-21 18:28:44.446 [main] INFO  o.a.catalina.core.StandardEngine - Starting Servlet engine: [Apache Tomcat/9.0.83]
26-07-21 18:28:44.602 [main] INFO  o.a.c.c.C.[Tomcat].[localhost].[/] - Initializing Spring embedded WebApplicationContext
26-07-21 18:28:44.602 [main] INFO  o.s.b.w.s.c.ServletWebServerApplicationContext - Root WebApplicationContext: initialization completed in 1969 ms
26-07-21 18:28:44.922 [main] INFO  o.h.jpa.internal.util.LogHelper - HHH000204: Processing PersistenceUnitInfo [name: default]
26-07-21 18:28:44.974 [main] INFO  org.hibernate.Version - HHH000412: Hibernate ORM core version 5.6.15.Final
26-07-21 18:28:45.114 [main] INFO  o.h.annotations.common.Version - HCANN000001: Hibernate Commons Annotations {5.1.2.Final}
26-07-21 18:28:45.207 [main] INFO  com.zaxxer.hikari.HikariDataSource - HikariPool-1 - Starting...
26-07-21 18:28:45.516 [main] INFO  com.zaxxer.hikari.HikariDataSource - HikariPool-1 - Start completed.
26-07-21 18:28:45.531 [main] INFO  org.hibernate.dialect.Dialect - HHH000400: Using dialect: org.hibernate.dialect.SQLServerDialect
26-07-21 18:28:46.700 [main] INFO  o.h.e.t.j.p.i.JtaPlatformInitiator - HHH000490: Using JtaPlatform implementation: [org.hibernate.engine.transaction.jta.platform.internal.NoJtaPlatform]
26-07-21 18:28:46.709 [main] INFO  o.s.o.j.LocalContainerEntityManagerFactoryBean - Initialized JPA EntityManagerFactory for persistence unit 'default'
26-07-21 18:28:48.512 [main] WARN  o.s.b.a.o.j.JpaBaseConfiguration$JpaWebConfiguration - spring.jpa.open-in-view is enabled by default. Therefore, database queries may be performed during view rendering. Explicitly configure spring.jpa.open-in-view to disable this warning
26-07-21 18:28:49.570 [main] INFO  o.a.coyote.http11.Http11NioProtocol - Starting ProtocolHandler ["http-nio-8081"]
26-07-21 18:28:49.591 [main] INFO  o.s.b.w.e.tomcat.TomcatWebServer - Tomcat started on port(s): 8081 (http) with context path ''
26-07-21 18:28:49.927 [main] INFO  com.example.mail.MailApplication - Started MailApplication in 7.696 seconds (JVM running for 8.441)
26-07-21 18:28:57.182 [http-nio-8081-exec-2] INFO  o.a.c.c.C.[Tomcat].[localhost].[/] - Initializing Spring DispatcherServlet 'dispatcherServlet'
26-07-21 18:28:57.182 [http-nio-8081-exec-2] INFO  o.s.web.servlet.DispatcherServlet - Initializing Servlet 'dispatcherServlet'
26-07-21 18:28:57.183 [http-nio-8081-exec-2] INFO  o.s.web.servlet.DispatcherServlet - Completed initialization in 1 ms
26-07-21 18:29:11.347 [http-nio-8081-exec-2] INFO  c.e.m.s.MakerTransferStatusService - Saving maker transfer status for emailId=1, contactId=4431199
26-07-21 18:29:51.363 [http-nio-8081-exec-3] INFO  c.e.m.s.MakerTransferStatusService - Saving maker transfer status for emailId=1, contactId=4431199
26-07-21 19:09:14.770 [main] INFO  com.example.mail.MailApplication - Starting MailApplication using Java 21.0.11 on Gaurang-Parmar with PID 17928 (C:\Users\AMD\Desktop\Email AACC\sbi-email-service-backend-main\target\classes started by AMD in C:\Users\AMD\Desktop\Email AACC\sbi-email-service-backend-main)
26-07-21 19:09:14.772 [main] INFO  com.example.mail.MailApplication - The following 1 profile is active: "uat"
26-07-21 19:09:15.682 [main] INFO  o.s.d.r.c.RepositoryConfigurationDelegate - Bootstrapping Spring Data JPA repositories in DEFAULT mode.
26-07-21 19:09:15.767 [main] INFO  o.s.d.r.c.RepositoryConfigurationDelegate - Finished Spring Data repository scanning in 76 ms. Found 7 JPA repository interfaces.
26-07-21 19:09:17.433 [main] WARN  o.s.b.w.s.c.AnnotationConfigServletWebServerApplicationContext - Exception encountered during context initialization - cancelling refresh attempt: org.springframework.context.ApplicationContextException: Unable to start web server; nested exception is org.springframework.beans.factory.BeanCreationException: Error creating bean with name 'tomcatServletWebServerFactory' defined in class path resource [org/springframework/boot/autoconfigure/web/servlet/ServletWebServerFactoryConfiguration$EmbeddedTomcat.class]: Initialization of bean failed; nested exception is org.springframework.beans.factory.UnsatisfiedDependencyException: Error creating bean with name 'servletWebServerFactoryCustomizer' defined in class path resource [org/springframework/boot/autoconfigure/web/servlet/ServletWebServerFactoryAutoConfiguration.class]: Unsatisfied dependency expressed through method 'servletWebServerFactoryCustomizer' parameter 0; nested exception is org.springframework.boot.context.properties.ConfigurationPropertiesBindException: Error creating bean with name 'server-org.springframework.boot.autoconfigure.web.ServerProperties': Could not bind properties to 'ServerProperties' : prefix=server, ignoreInvalidFields=false, ignoreUnknownFields=true; nested exception is org.springframework.boot.context.properties.bind.BindException: Failed to bind properties under 'server.address' to java.net.InetAddress
26-07-21 19:09:17.441 [main] INFO  o.s.b.a.l.ConditionEvaluationReportLoggingListener - 

Error starting ApplicationContext. To display the conditions report re-run your application with 'debug' enabled.
26-07-21 19:09:17.460 [main] ERROR o.s.b.d.LoggingFailureAnalysisReporter - 

***************************
APPLICATION FAILED TO START
***************************

Description:

Failed to bind properties under 'server.address' to java.net.InetAddress:

    Property: server.address
    Value: "SBIVADAACCUAT.tpsbi.com"
    Origin: class path resource [application-uat.properties] - 2:16
    Reason: failed to convert java.lang.String to java.net.InetAddress (caused by java.net.UnknownHostException: No such host is known (SBIVADAACCUAT.tpsbi.com))

Action:

Update your application's configuration

26-07-21 19:09:36.066 [main] INFO  com.example.mail.MailApplication - Starting MailApplication using Java 21.0.11 on Gaurang-Parmar with PID 25788 (C:\Users\AMD\Desktop\Email AACC\sbi-email-service-backend-main\target\classes started by AMD in C:\Users\AMD\Desktop\Email AACC\sbi-email-service-backend-main)
26-07-21 19:09:36.069 [main] INFO  com.example.mail.MailApplication - The following 1 profile is active: "uat"
26-07-21 19:09:37.036 [main] INFO  o.s.d.r.c.RepositoryConfigurationDelegate - Bootstrapping Spring Data JPA repositories in DEFAULT mode.
26-07-21 19:09:37.135 [main] INFO  o.s.d.r.c.RepositoryConfigurationDelegate - Finished Spring Data repository scanning in 86 ms. Found 7 JPA repository interfaces.
26-07-21 19:09:37.832 [main] WARN  o.s.b.w.s.c.AnnotationConfigServletWebServerApplicationContext - Exception encountered during context initialization - cancelling refresh attempt: org.springframework.context.ApplicationContextException: Unable to start web server; nested exception is org.springframework.beans.factory.BeanCreationException: Error creating bean with name 'tomcatServletWebServerFactory' defined in class path resource [org/springframework/boot/autoconfigure/web/servlet/ServletWebServerFactoryConfiguration$EmbeddedTomcat.class]: Initialization of bean failed; nested exception is org.springframework.beans.factory.UnsatisfiedDependencyException: Error creating bean with name 'servletWebServerFactoryCustomizer' defined in class path resource [org/springframework/boot/autoconfigure/web/servlet/ServletWebServerFactoryAutoConfiguration.class]: Unsatisfied dependency expressed through method 'servletWebServerFactoryCustomizer' parameter 0; nested exception is org.springframework.boot.context.properties.ConfigurationPropertiesBindException: Error creating bean with name 'server-org.springframework.boot.autoconfigure.web.ServerProperties': Could not bind properties to 'ServerProperties' : prefix=server, ignoreInvalidFields=false, ignoreUnknownFields=true; nested exception is org.springframework.boot.context.properties.bind.BindException: Failed to bind properties under 'server.address' to java.net.InetAddress
26-07-21 19:09:37.841 [main] INFO  o.s.b.a.l.ConditionEvaluationReportLoggingListener - 

Error starting ApplicationContext. To display the conditions report re-run your application with 'debug' enabled.
26-07-21 19:09:37.860 [main] ERROR o.s.b.d.LoggingFailureAnalysisReporter - 

***************************
APPLICATION FAILED TO START
***************************

Description:

Failed to bind properties under 'server.address' to java.net.InetAddress:

    Property: server.address
    Value: "SBIVADAACCUAT.tpsbi.com"
    Origin: class path resource [application-uat.properties] - 2:16
    Reason: failed to convert java.lang.String to java.net.InetAddress (caused by java.net.UnknownHostException: No such host is known (SBIVADAACCUAT.tpsbi.com))

Action:

Update your application's configuration

26-07-21 19:10:15.725 [main] INFO  com.example.mail.MailApplication - Starting MailApplication using Java 21.0.11 on Gaurang-Parmar with PID 6400 (C:\Users\AMD\Desktop\Email AACC\sbi-email-service-backend-main\target\classes started by AMD in C:\Users\AMD\Desktop\Email AACC\sbi-email-service-backend-main)
26-07-21 19:10:15.729 [main] INFO  com.example.mail.MailApplication - The following 1 profile is active: "dev"
26-07-21 19:10:16.580 [main] INFO  o.s.d.r.c.RepositoryConfigurationDelegate - Bootstrapping Spring Data JPA repositories in DEFAULT mode.
26-07-21 19:10:16.653 [main] INFO  o.s.d.r.c.RepositoryConfigurationDelegate - Finished Spring Data repository scanning in 64 ms. Found 7 JPA repository interfaces.
26-07-21 19:10:17.664 [main] INFO  o.s.b.w.e.tomcat.TomcatWebServer - Tomcat initialized with port(s): 8081 (http)
26-07-21 19:10:17.672 [main] INFO  o.a.coyote.http11.Http11NioProtocol - Initializing ProtocolHandler ["http-nio-8081"]
26-07-21 19:10:17.674 [main] INFO  o.a.catalina.core.StandardService - Starting service [Tomcat]
26-07-21 19:10:17.675 [main] INFO  o.a.catalina.core.StandardEngine - Starting Servlet engine: [Apache Tomcat/9.0.83]
26-07-21 19:10:17.854 [main] INFO  o.a.c.c.C.[Tomcat].[localhost].[/] - Initializing Spring embedded WebApplicationContext
26-07-21 19:10:17.856 [main] INFO  o.s.b.w.s.c.ServletWebServerApplicationContext - Root WebApplicationContext: initialization completed in 2079 ms
26-07-21 19:10:17.954 [main] WARN  o.s.b.w.s.c.AnnotationConfigServletWebServerApplicationContext - Exception encountered during context initialization - cancelling refresh attempt: org.springframework.beans.factory.UnsatisfiedDependencyException: Error creating bean with name 'dataSourceScriptDatabaseInitializer' defined in class path resource [org/springframework/boot/autoconfigure/sql/init/DataSourceInitializationConfiguration.class]: Unsatisfied dependency expressed through method 'dataSourceScriptDatabaseInitializer' parameter 0; nested exception is org.springframework.beans.factory.BeanCreationException: Error creating bean with name 'dataSource' defined in class path resource [org/springframework/boot/autoconfigure/jdbc/DataSourceConfiguration$Hikari.class]: Bean instantiation via factory method failed; nested exception is org.springframework.beans.BeanInstantiationException: Failed to instantiate [com.zaxxer.hikari.HikariDataSource]: Factory method 'dataSource' threw exception; nested exception is java.lang.IllegalStateException: Cannot load driver class: com.microsoft.sqlserver.jdbc.SQLServerDriver
26-07-21 19:10:17.957 [main] INFO  o.a.catalina.core.StandardService - Stopping service [Tomcat]
26-07-21 19:10:17.978 [main] INFO  o.s.b.a.l.ConditionEvaluationReportLoggingListener - 

Error starting ApplicationContext. To display the conditions report re-run your application with 'debug' enabled.
26-07-21 19:10:18.003 [main] ERROR o.s.boot.SpringApplication - Application run failed
org.springframework.beans.factory.UnsatisfiedDependencyException: Error creating bean with name 'dataSourceScriptDatabaseInitializer' defined in class path resource [org/springframework/boot/autoconfigure/sql/init/DataSourceInitializationConfiguration.class]: Unsatisfied dependency expressed through method 'dataSourceScriptDatabaseInitializer' parameter 0; nested exception is org.springframework.beans.factory.BeanCreationException: Error creating bean with name 'dataSource' defined in class path resource [org/springframework/boot/autoconfigure/jdbc/DataSourceConfiguration$Hikari.class]: Bean instantiation via factory method failed; nested exception is org.springframework.beans.BeanInstantiationException: Failed to instantiate [com.zaxxer.hikari.HikariDataSource]: Factory method 'dataSource' threw exception; nested exception is java.lang.IllegalStateException: Cannot load driver class: com.microsoft.sqlserver.jdbc.SQLServerDriver
	at org.springframework.beans.factory.support.ConstructorResolver.createArgumentArray(ConstructorResolver.java:801)
	at org.springframework.beans.factory.support.ConstructorResolver.instantiateUsingFactoryMethod(ConstructorResolver.java:536)
	at org.springframework.beans.factory.support.AbstractAutowireCapableBeanFactory.instantiateUsingFactoryMethod(AbstractAutowireCapableBeanFactory.java:1352)
	at org.springframework.beans.factory.support.AbstractAutowireCapableBeanFactory.createBeanInstance(AbstractAutowireCapableBeanFactory.java:1195)
	at org.springframework.beans.factory.support.AbstractAutowireCapableBeanFactory.doCreateBean(AbstractAutowireCapableBeanFactory.java:582)
	at org.springframework.beans.factory.support.AbstractAutowireCapableBeanFactory.createBean(AbstractAutowireCapableBeanFactory.java:542)
	at org.springframework.beans.factory.support.AbstractBeanFactory.lambda$doGetBean$0(AbstractBeanFactory.java:335)
	at org.springframework.beans.factory.support.DefaultSingletonBeanRegistry.getSingleton(DefaultSingletonBeanRegistry.java:234)
	at org.springframework.beans.factory.support.AbstractBeanFactory.doGetBean(AbstractBeanFactory.java:333)
	at org.springframework.beans.factory.support.AbstractBeanFactory.getBean(AbstractBeanFactory.java:208)
	at org.springframework.beans.factory.support.AbstractBeanFactory.doGetBean(AbstractBeanFactory.java:322)
	at org.springframework.beans.factory.support.AbstractBeanFactory.getBean(AbstractBeanFactory.java:208)
	at org.springframework.context.support.AbstractApplicationContext.getBean(AbstractApplicationContext.java:1168)
	at org.springframework.context.support.AbstractApplicationContext.finishBeanFactoryInitialization(AbstractApplicationContext.java:919)
	at org.springframework.context.support.AbstractApplicationContext.refresh(AbstractApplicationContext.java:591)
	at org.springframework.boot.web.servlet.context.ServletWebServerApplicationContext.refresh(ServletWebServerApplicationContext.java:147)
	at org.springframework.boot.SpringApplication.refresh(SpringApplication.java:732)
	at org.springframework.boot.SpringApplication.refreshContext(SpringApplication.java:409)
	at org.springframework.boot.SpringApplication.run(SpringApplication.java:308)
	at org.springframework.boot.SpringApplication.run(SpringApplication.java:1300)
	at org.springframework.boot.SpringApplication.run(SpringApplication.java:1289)
	at com.example.mail.MailApplication.main(MailApplication.java:12)
Caused by: org.springframework.beans.factory.BeanCreationException: Error creating bean with name 'dataSource' defined in class path resource [org/springframework/boot/autoconfigure/jdbc/DataSourceConfiguration$Hikari.class]: Bean instantiation via factory method failed; nested exception is org.springframework.beans.BeanInstantiationException: Failed to instantiate [com.zaxxer.hikari.HikariDataSource]: Factory method 'dataSource' threw exception; nested exception is java.lang.IllegalStateException: Cannot load driver class: com.microsoft.sqlserver.jdbc.SQLServerDriver
	at org.springframework.beans.factory.support.ConstructorResolver.instantiate(ConstructorResolver.java:653)
	at org.springframework.beans.factory.support.ConstructorResolver.instantiateUsingFactoryMethod(ConstructorResolver.java:633)
	at org.springframework.beans.factory.support.AbstractAutowireCapableBeanFactory.instantiateUsingFactoryMethod(AbstractAutowireCapableBeanFactory.java:1352)
	at org.springframework.beans.factory.support.AbstractAutowireCapableBeanFactory.createBeanInstance(AbstractAutowireCapableBeanFactory.java:1195)
	at org.springframework.beans.factory.support.AbstractAutowireCapableBeanFactory.doCreateBean(AbstractAutowireCapableBeanFactory.java:582)
	at org.springframework.beans.factory.support.AbstractAutowireCapableBeanFactory.createBean(AbstractAutowireCapableBeanFactory.java:542)
	at org.springframework.beans.factory.support.AbstractBeanFactory.lambda$doGetBean$0(AbstractBeanFactory.java:335)
	at org.springframework.beans.factory.support.DefaultSingletonBeanRegistry.getSingleton(DefaultSingletonBeanRegistry.java:234)
	at org.springframework.beans.factory.support.AbstractBeanFactory.doGetBean(AbstractBeanFactory.java:333)
	at org.springframework.beans.factory.support.AbstractBeanFactory.getBean(AbstractBeanFactory.java:208)
	at org.springframework.beans.factory.config.DependencyDescriptor.resolveCandidate(DependencyDescriptor.java:276)
	at org.springframework.beans.factory.support.DefaultListableBeanFactory.doResolveDependency(DefaultListableBeanFactory.java:1391)
	at org.springframework.beans.factory.support.DefaultListableBeanFactory.resolveDependency(DefaultListableBeanFactory.java:1311)
	at org.springframework.beans.factory.support.ConstructorResolver.resolveAutowiredArgument(ConstructorResolver.java:911)
	at org.springframework.beans.factory.support.ConstructorResolver.createArgumentArray(ConstructorResolver.java:788)
	... 21 common frames omitted
Caused by: org.springframework.beans.BeanInstantiationException: Failed to instantiate [com.zaxxer.hikari.HikariDataSource]: Factory method 'dataSource' threw exception; nested exception is java.lang.IllegalStateException: Cannot load driver class: com.microsoft.sqlserver.jdbc.SQLServerDriver
	at org.springframework.beans.factory.support.SimpleInstantiationStrategy.instantiate(SimpleInstantiationStrategy.java:185)
	at org.springframework.beans.factory.support.ConstructorResolver.instantiate(ConstructorResolver.java:648)
	... 35 common frames omitted
Caused by: java.lang.IllegalStateException: Cannot load driver class: com.microsoft.sqlserver.jdbc.SQLServerDriver
	at org.springframework.util.Assert.state(Assert.java:97)
	at org.springframework.boot.autoconfigure.jdbc.DataSourceProperties.determineDriverClassName(DataSourceProperties.java:175)
	at org.springframework.boot.autoconfigure.jdbc.DataSourceProperties.initializeDataSourceBuilder(DataSourceProperties.java:125)
	at org.springframework.boot.autoconfigure.jdbc.DataSourceConfiguration.createDataSource(DataSourceConfiguration.java:48)
	at org.springframework.boot.autoconfigure.jdbc.DataSourceConfiguration$Hikari.dataSource(DataSourceConfiguration.java:90)
	at java.base/jdk.internal.reflect.DirectMethodHandleAccessor.invoke(Unknown Source)
	at java.base/java.lang.reflect.Method.invoke(Unknown Source)
	at org.springframework.beans.factory.support.SimpleInstantiationStrategy.instantiate(SimpleInstantiationStrategy.java:154)
	... 36 common frames omitted
26-07-21 19:11:53.175 [main] INFO  com.example.mail.MailApplication - Starting MailApplication using Java 21.0.11 on Gaurang-Parmar with PID 18976 (C:\Users\AMD\Desktop\Email AACC\sbi-email-service-backend-main\target\classes started by AMD in C:\Users\AMD\Desktop\Email AACC\sbi-email-service-backend-main)
26-07-21 19:11:53.177 [main] INFO  com.example.mail.MailApplication - The following 1 profile is active: "dev"
26-07-21 19:11:54.027 [main] INFO  o.s.d.r.c.RepositoryConfigurationDelegate - Bootstrapping Spring Data JPA repositories in DEFAULT mode.
26-07-21 19:11:54.109 [main] INFO  o.s.d.r.c.RepositoryConfigurationDelegate - Finished Spring Data repository scanning in 75 ms. Found 7 JPA repository interfaces.
26-07-21 19:11:55.038 [main] INFO  o.s.b.w.e.tomcat.TomcatWebServer - Tomcat initialized with port(s): 8081 (http)
26-07-21 19:11:55.044 [main] INFO  o.a.coyote.http11.Http11NioProtocol - Initializing ProtocolHandler ["http-nio-8081"]
26-07-21 19:11:55.046 [main] INFO  o.a.catalina.core.StandardService - Starting service [Tomcat]
26-07-21 19:11:55.047 [main] INFO  o.a.catalina.core.StandardEngine - Starting Servlet engine: [Apache Tomcat/9.0.83]
26-07-21 19:11:55.210 [main] INFO  o.a.c.c.C.[Tomcat].[localhost].[/] - Initializing Spring embedded WebApplicationContext
26-07-21 19:11:55.211 [main] INFO  o.s.b.w.s.c.ServletWebServerApplicationContext - Root WebApplicationContext: initialization completed in 1985 ms
26-07-21 19:11:55.296 [main] WARN  o.s.b.w.s.c.AnnotationConfigServletWebServerApplicationContext - Exception encountered during context initialization - cancelling refresh attempt: org.springframework.beans.factory.UnsatisfiedDependencyException: Error creating bean with name 'dataSourceScriptDatabaseInitializer' defined in class path resource [org/springframework/boot/autoconfigure/sql/init/DataSourceInitializationConfiguration.class]: Unsatisfied dependency expressed through method 'dataSourceScriptDatabaseInitializer' parameter 0; nested exception is org.springframework.beans.factory.BeanCreationException: Error creating bean with name 'dataSource' defined in class path resource [org/springframework/boot/autoconfigure/jdbc/DataSourceConfiguration$Hikari.class]: Bean instantiation via factory method failed; nested exception is org.springframework.beans.BeanInstantiationException: Failed to instantiate [com.zaxxer.hikari.HikariDataSource]: Factory method 'dataSource' threw exception; nested exception is java.lang.IllegalStateException: Cannot load driver class: com.microsoft.sqlserver.jdbc.SQLServerDriver
26-07-21 19:11:55.300 [main] INFO  o.a.catalina.core.StandardService - Stopping service [Tomcat]
26-07-21 19:11:55.316 [main] INFO  o.s.b.a.l.ConditionEvaluationReportLoggingListener - 

Error starting ApplicationContext. To display the conditions report re-run your application with 'debug' enabled.
26-07-21 19:11:55.341 [main] ERROR o.s.boot.SpringApplication - Application run failed
org.springframework.beans.factory.UnsatisfiedDependencyException: Error creating bean with name 'dataSourceScriptDatabaseInitializer' defined in class path resource [org/springframework/boot/autoconfigure/sql/init/DataSourceInitializationConfiguration.class]: Unsatisfied dependency expressed through method 'dataSourceScriptDatabaseInitializer' parameter 0; nested exception is org.springframework.beans.factory.BeanCreationException: Error creating bean with name 'dataSource' defined in class path resource [org/springframework/boot/autoconfigure/jdbc/DataSourceConfiguration$Hikari.class]: Bean instantiation via factory method failed; nested exception is org.springframework.beans.BeanInstantiationException: Failed to instantiate [com.zaxxer.hikari.HikariDataSource]: Factory method 'dataSource' threw exception; nested exception is java.lang.IllegalStateException: Cannot load driver class: com.microsoft.sqlserver.jdbc.SQLServerDriver
	at org.springframework.beans.factory.support.ConstructorResolver.createArgumentArray(ConstructorResolver.java:801)
	at org.springframework.beans.factory.support.ConstructorResolver.instantiateUsingFactoryMethod(ConstructorResolver.java:536)
	at org.springframework.beans.factory.support.AbstractAutowireCapableBeanFactory.instantiateUsingFactoryMethod(AbstractAutowireCapableBeanFactory.java:1352)
	at org.springframework.beans.factory.support.AbstractAutowireCapableBeanFactory.createBeanInstance(AbstractAutowireCapableBeanFactory.java:1195)
	at org.springframework.beans.factory.support.AbstractAutowireCapableBeanFactory.doCreateBean(AbstractAutowireCapableBeanFactory.java:582)
	at org.springframework.beans.factory.support.AbstractAutowireCapableBeanFactory.createBean(AbstractAutowireCapableBeanFactory.java:542)
	at org.springframework.beans.factory.support.AbstractBeanFactory.lambda$doGetBean$0(AbstractBeanFactory.java:335)
	at org.springframework.beans.factory.support.DefaultSingletonBeanRegistry.getSingleton(DefaultSingletonBeanRegistry.java:234)
	at org.springframework.beans.factory.support.AbstractBeanFactory.doGetBean(AbstractBeanFactory.java:333)
	at org.springframework.beans.factory.support.AbstractBeanFactory.getBean(AbstractBeanFactory.java:208)
	at org.springframework.beans.factory.support.AbstractBeanFactory.doGetBean(AbstractBeanFactory.java:322)
	at org.springframework.beans.factory.support.AbstractBeanFactory.getBean(AbstractBeanFactory.java:208)
	at org.springframework.context.support.AbstractApplicationContext.getBean(AbstractApplicationContext.java:1168)
	at org.springframework.context.support.AbstractApplicationContext.finishBeanFactoryInitialization(AbstractApplicationContext.java:919)
	at org.springframework.context.support.AbstractApplicationContext.refresh(AbstractApplicationContext.java:591)
	at org.springframework.boot.web.servlet.context.ServletWebServerApplicationContext.refresh(ServletWebServerApplicationContext.java:147)
	at org.springframework.boot.SpringApplication.refresh(SpringApplication.java:732)
	at org.springframework.boot.SpringApplication.refreshContext(SpringApplication.java:409)
	at org.springframework.boot.SpringApplication.run(SpringApplication.java:308)
	at org.springframework.boot.SpringApplication.run(SpringApplication.java:1300)
	at org.springframework.boot.SpringApplication.run(SpringApplication.java:1289)
	at com.example.mail.MailApplication.main(MailApplication.java:12)
Caused by: org.springframework.beans.factory.BeanCreationException: Error creating bean with name 'dataSource' defined in class path resource [org/springframework/boot/autoconfigure/jdbc/DataSourceConfiguration$Hikari.class]: Bean instantiation via factory method failed; nested exception is org.springframework.beans.BeanInstantiationException: Failed to instantiate [com.zaxxer.hikari.HikariDataSource]: Factory method 'dataSource' threw exception; nested exception is java.lang.IllegalStateException: Cannot load driver class: com.microsoft.sqlserver.jdbc.SQLServerDriver
	at org.springframework.beans.factory.support.ConstructorResolver.instantiate(ConstructorResolver.java:653)
	at org.springframework.beans.factory.support.ConstructorResolver.instantiateUsingFactoryMethod(ConstructorResolver.java:633)
	at org.springframework.beans.factory.support.AbstractAutowireCapableBeanFactory.instantiateUsingFactoryMethod(AbstractAutowireCapableBeanFactory.java:1352)
	at org.springframework.beans.factory.support.AbstractAutowireCapableBeanFactory.createBeanInstance(AbstractAutowireCapableBeanFactory.java:1195)
	at org.springframework.beans.factory.support.AbstractAutowireCapableBeanFactory.doCreateBean(AbstractAutowireCapableBeanFactory.java:582)
	at org.springframework.beans.factory.support.AbstractAutowireCapableBeanFactory.createBean(AbstractAutowireCapableBeanFactory.java:542)
	at org.springframework.beans.factory.support.AbstractBeanFactory.lambda$doGetBean$0(AbstractBeanFactory.java:335)
	at org.springframework.beans.factory.support.DefaultSingletonBeanRegistry.getSingleton(DefaultSingletonBeanRegistry.java:234)
	at org.springframework.beans.factory.support.AbstractBeanFactory.doGetBean(AbstractBeanFactory.java:333)
	at org.springframework.beans.factory.support.AbstractBeanFactory.getBean(AbstractBeanFactory.java:208)
	at org.springframework.beans.factory.config.DependencyDescriptor.resolveCandidate(DependencyDescriptor.java:276)
	at org.springframework.beans.factory.support.DefaultListableBeanFactory.doResolveDependency(DefaultListableBeanFactory.java:1391)
	at org.springframework.beans.factory.support.DefaultListableBeanFactory.resolveDependency(DefaultListableBeanFactory.java:1311)
	at org.springframework.beans.factory.support.ConstructorResolver.resolveAutowiredArgument(ConstructorResolver.java:911)
	at org.springframework.beans.factory.support.ConstructorResolver.createArgumentArray(ConstructorResolver.java:788)
	... 21 common frames omitted
Caused by: org.springframework.beans.BeanInstantiationException: Failed to instantiate [com.zaxxer.hikari.HikariDataSource]: Factory method 'dataSource' threw exception; nested exception is java.lang.IllegalStateException: Cannot load driver class: com.microsoft.sqlserver.jdbc.SQLServerDriver
	at org.springframework.beans.factory.support.SimpleInstantiationStrategy.instantiate(SimpleInstantiationStrategy.java:185)
	at org.springframework.beans.factory.support.ConstructorResolver.instantiate(ConstructorResolver.java:648)
	... 35 common frames omitted
Caused by: java.lang.IllegalStateException: Cannot load driver class: com.microsoft.sqlserver.jdbc.SQLServerDriver
	at org.springframework.util.Assert.state(Assert.java:97)
	at org.springframework.boot.autoconfigure.jdbc.DataSourceProperties.determineDriverClassName(DataSourceProperties.java:175)
	at org.springframework.boot.autoconfigure.jdbc.DataSourceProperties.initializeDataSourceBuilder(DataSourceProperties.java:125)
	at org.springframework.boot.autoconfigure.jdbc.DataSourceConfiguration.createDataSource(DataSourceConfiguration.java:48)
	at org.springframework.boot.autoconfigure.jdbc.DataSourceConfiguration$Hikari.dataSource(DataSourceConfiguration.java:90)
	at java.base/jdk.internal.reflect.DirectMethodHandleAccessor.invoke(Unknown Source)
	at java.base/java.lang.reflect.Method.invoke(Unknown Source)
	at org.springframework.beans.factory.support.SimpleInstantiationStrategy.instantiate(SimpleInstantiationStrategy.java:154)
	... 36 common frames omitted
26-07-21 19:12:32.998 [main] INFO  com.example.mail.MailApplication - Starting MailApplication using Java 21.0.11 on Gaurang-Parmar with PID 27808 (C:\Users\AMD\Desktop\Email AACC\sbi-email-service-backend-main\target\classes started by AMD in C:\Users\AMD\Desktop\Email AACC\sbi-email-service-backend-main)
26-07-21 19:12:33.001 [main] INFO  com.example.mail.MailApplication - The following 1 profile is active: "dev"
26-07-21 19:12:33.827 [main] INFO  o.s.d.r.c.RepositoryConfigurationDelegate - Bootstrapping Spring Data JPA repositories in DEFAULT mode.
26-07-21 19:12:33.911 [main] INFO  o.s.d.r.c.RepositoryConfigurationDelegate - Finished Spring Data repository scanning in 74 ms. Found 7 JPA repository interfaces.
26-07-21 19:12:34.999 [main] INFO  o.s.b.w.e.tomcat.TomcatWebServer - Tomcat initialized with port(s): 8081 (http)
26-07-21 19:12:35.009 [main] INFO  o.a.coyote.http11.Http11NioProtocol - Initializing ProtocolHandler ["http-nio-8081"]
26-07-21 19:12:35.012 [main] INFO  o.a.catalina.core.StandardService - Starting service [Tomcat]
26-07-21 19:12:35.012 [main] INFO  o.a.catalina.core.StandardEngine - Starting Servlet engine: [Apache Tomcat/9.0.83]
26-07-21 19:12:35.274 [main] INFO  o.a.c.c.C.[Tomcat].[localhost].[/] - Initializing Spring embedded WebApplicationContext
26-07-21 19:12:35.274 [main] INFO  o.s.b.w.s.c.ServletWebServerApplicationContext - Root WebApplicationContext: initialization completed in 2205 ms
26-07-21 19:12:35.650 [main] INFO  o.h.jpa.internal.util.LogHelper - HHH000204: Processing PersistenceUnitInfo [name: default]
26-07-21 19:12:35.726 [main] INFO  org.hibernate.Version - HHH000412: Hibernate ORM core version 5.6.15.Final
26-07-21 19:12:35.913 [main] INFO  o.h.annotations.common.Version - HCANN000001: Hibernate Commons Annotations {5.1.2.Final}
26-07-21 19:12:36.052 [main] INFO  com.zaxxer.hikari.HikariDataSource - HikariPool-1 - Starting...
26-07-21 19:12:36.372 [main] INFO  com.zaxxer.hikari.HikariDataSource - HikariPool-1 - Start completed.
26-07-21 19:12:36.394 [main] INFO  org.hibernate.dialect.Dialect - HHH000400: Using dialect: org.hibernate.dialect.SQLServerDialect
26-07-21 19:12:37.620 [main] INFO  o.h.e.t.j.p.i.JtaPlatformInitiator - HHH000490: Using JtaPlatform implementation: [org.hibernate.engine.transaction.jta.platform.internal.NoJtaPlatform]
26-07-21 19:12:37.629 [main] INFO  o.s.o.j.LocalContainerEntityManagerFactoryBean - Initialized JPA EntityManagerFactory for persistence unit 'default'
26-07-21 19:12:39.573 [main] WARN  o.s.b.a.o.j.JpaBaseConfiguration$JpaWebConfiguration - spring.jpa.open-in-view is enabled by default. Therefore, database queries may be performed during view rendering. Explicitly configure spring.jpa.open-in-view to disable this warning
26-07-21 19:12:40.660 [main] INFO  o.a.coyote.http11.Http11NioProtocol - Starting ProtocolHandler ["http-nio-8081"]
26-07-21 19:12:40.681 [main] INFO  o.s.b.w.e.tomcat.TomcatWebServer - Tomcat started on port(s): 8081 (http) with context path ''
26-07-21 19:12:41.067 [main] INFO  com.example.mail.MailApplication - Started MailApplication in 8.448 seconds (JVM running for 9.284)
26-07-21 19:14:00.635 [main] INFO  com.example.mail.MailApplication - Starting MailApplication using Java 21.0.11 on Gaurang-Parmar with PID 7932 (C:\Users\AMD\Desktop\Email AACC\sbi-email-service-backend-main\target\classes started by AMD in C:\Users\AMD\Desktop\Email AACC\sbi-email-service-backend-main)
26-07-21 19:14:00.639 [main] INFO  com.example.mail.MailApplication - The following 1 profile is active: "dev"
26-07-21 19:14:01.424 [main] INFO  o.s.d.r.c.RepositoryConfigurationDelegate - Bootstrapping Spring Data JPA repositories in DEFAULT mode.
26-07-21 19:14:01.519 [main] INFO  o.s.d.r.c.RepositoryConfigurationDelegate - Finished Spring Data repository scanning in 86 ms. Found 7 JPA repository interfaces.
26-07-21 19:14:02.474 [main] INFO  o.s.b.w.e.tomcat.TomcatWebServer - Tomcat initialized with port(s): 8081 (http)
26-07-21 19:14:02.482 [main] INFO  o.a.coyote.http11.Http11NioProtocol - Initializing ProtocolHandler ["http-nio-8081"]
26-07-21 19:14:02.484 [main] INFO  o.a.catalina.core.StandardService - Starting service [Tomcat]
26-07-21 19:14:02.484 [main] INFO  o.a.catalina.core.StandardEngine - Starting Servlet engine: [Apache Tomcat/9.0.83]
26-07-21 19:14:02.656 [main] INFO  o.a.c.c.C.[Tomcat].[localhost].[/] - Initializing Spring embedded WebApplicationContext
26-07-21 19:14:02.657 [main] INFO  o.s.b.w.s.c.ServletWebServerApplicationContext - Root WebApplicationContext: initialization completed in 1976 ms
26-07-21 19:14:03.047 [main] INFO  o.h.jpa.internal.util.LogHelper - HHH000204: Processing PersistenceUnitInfo [name: default]
26-07-21 19:14:03.102 [main] INFO  org.hibernate.Version - HHH000412: Hibernate ORM core version 5.6.15.Final
26-07-21 19:14:03.247 [main] INFO  o.h.annotations.common.Version - HCANN000001: Hibernate Commons Annotations {5.1.2.Final}
26-07-21 19:14:03.346 [main] INFO  com.zaxxer.hikari.HikariDataSource - HikariPool-1 - Starting...
26-07-21 19:14:03.643 [main] INFO  com.zaxxer.hikari.HikariDataSource - HikariPool-1 - Start completed.
26-07-21 19:14:03.658 [main] INFO  org.hibernate.dialect.Dialect - HHH000400: Using dialect: org.hibernate.dialect.SQLServerDialect
26-07-21 19:14:05.005 [main] INFO  o.h.e.t.j.p.i.JtaPlatformInitiator - HHH000490: Using JtaPlatform implementation: [org.hibernate.engine.transaction.jta.platform.internal.NoJtaPlatform]
26-07-21 19:14:05.014 [main] INFO  o.s.o.j.LocalContainerEntityManagerFactoryBean - Initialized JPA EntityManagerFactory for persistence unit 'default'
26-07-21 19:14:07.306 [main] WARN  o.s.b.a.o.j.JpaBaseConfiguration$JpaWebConfiguration - spring.jpa.open-in-view is enabled by default. Therefore, database queries may be performed during view rendering. Explicitly configure spring.jpa.open-in-view to disable this warning
26-07-21 19:14:08.396 [main] INFO  o.a.coyote.http11.Http11NioProtocol - Starting ProtocolHandler ["http-nio-8081"]
26-07-21 19:14:08.416 [main] INFO  o.s.b.w.e.tomcat.TomcatWebServer - Tomcat started on port(s): 8081 (http) with context path ''
26-07-21 19:14:08.703 [main] INFO  com.example.mail.MailApplication - Started MailApplication in 8.453 seconds (JVM running for 9.065)
26-07-21 19:16:08.399 [main] INFO  com.example.mail.MailApplication - Starting MailApplication using Java 21.0.11 on Gaurang-Parmar with PID 20452 (C:\Users\AMD\Desktop\Email AACC\sbi-email-service-backend-main\target\classes started by AMD in C:\Users\AMD\Desktop\Email AACC\sbi-email-service-backend-main)
26-07-21 19:16:08.402 [main] INFO  com.example.mail.MailApplication - The following 1 profile is active: "dev"
26-07-21 19:16:09.300 [main] INFO  o.s.d.r.c.RepositoryConfigurationDelegate - Bootstrapping Spring Data JPA repositories in DEFAULT mode.
26-07-21 19:16:09.388 [main] INFO  o.s.d.r.c.RepositoryConfigurationDelegate - Finished Spring Data repository scanning in 79 ms. Found 7 JPA repository interfaces.
26-07-21 19:16:10.657 [main] INFO  o.s.b.w.e.tomcat.TomcatWebServer - Tomcat initialized with port(s): 8081 (http)
26-07-21 19:16:10.664 [main] INFO  o.a.coyote.http11.Http11NioProtocol - Initializing ProtocolHandler ["http-nio-8081"]
26-07-21 19:16:10.667 [main] INFO  o.a.catalina.core.StandardService - Starting service [Tomcat]
26-07-21 19:16:10.667 [main] INFO  o.a.catalina.core.StandardEngine - Starting Servlet engine: [Apache Tomcat/9.0.83]
26-07-21 19:16:10.912 [main] INFO  o.a.c.c.C.[Tomcat].[localhost].[/] - Initializing Spring embedded WebApplicationContext
26-07-21 19:16:10.912 [main] INFO  o.s.b.w.s.c.ServletWebServerApplicationContext - Root WebApplicationContext: initialization completed in 2465 ms
26-07-21 19:16:11.399 [main] INFO  o.h.jpa.internal.util.LogHelper - HHH000204: Processing PersistenceUnitInfo [name: default]
26-07-21 19:16:11.524 [main] INFO  org.hibernate.Version - HHH000412: Hibernate ORM core version 5.6.15.Final
26-07-21 19:16:11.736 [main] INFO  o.h.annotations.common.Version - HCANN000001: Hibernate Commons Annotations {5.1.2.Final}
26-07-21 19:16:11.832 [main] INFO  com.zaxxer.hikari.HikariDataSource - HikariPool-1 - Starting...
26-07-21 19:16:12.112 [main] INFO  com.zaxxer.hikari.HikariDataSource - HikariPool-1 - Start completed.
26-07-21 19:16:12.126 [main] INFO  org.hibernate.dialect.Dialect - HHH000400: Using dialect: org.hibernate.dialect.SQLServerDialect
26-07-21 19:16:13.354 [main] INFO  o.h.e.t.j.p.i.JtaPlatformInitiator - HHH000490: Using JtaPlatform implementation: [org.hibernate.engine.transaction.jta.platform.internal.NoJtaPlatform]
26-07-21 19:16:13.362 [main] INFO  o.s.o.j.LocalContainerEntityManagerFactoryBean - Initialized JPA EntityManagerFactory for persistence unit 'default'
26-07-21 19:16:15.189 [main] WARN  o.s.b.a.o.j.JpaBaseConfiguration$JpaWebConfiguration - spring.jpa.open-in-view is enabled by default. Therefore, database queries may be performed during view rendering. Explicitly configure spring.jpa.open-in-view to disable this warning
26-07-21 19:16:16.201 [main] INFO  o.a.coyote.http11.Http11NioProtocol - Starting ProtocolHandler ["http-nio-8081"]
26-07-21 19:16:16.220 [main] INFO  o.s.b.w.e.tomcat.TomcatWebServer - Tomcat started on port(s): 8081 (http) with context path ''
26-07-21 19:16:16.600 [main] INFO  com.example.mail.MailApplication - Started MailApplication in 8.546 seconds (JVM running for 9.148)
26-07-21 19:22:26.821 [main] INFO  com.example.mail.MailApplication - Starting MailApplication using Java 21.0.11 on Gaurang-Parmar with PID 28164 (C:\Users\AMD\Desktop\Email AACC\sbi-email-service-backend-main\target\classes started by AMD in C:\Users\AMD\Desktop\Email AACC\sbi-email-service-backend-main)
26-07-21 19:22:26.824 [main] INFO  com.example.mail.MailApplication - The following 1 profile is active: "dev"
26-07-21 19:22:27.657 [main] INFO  o.s.d.r.c.RepositoryConfigurationDelegate - Bootstrapping Spring Data JPA repositories in DEFAULT mode.
26-07-21 19:22:27.733 [main] INFO  o.s.d.r.c.RepositoryConfigurationDelegate - Finished Spring Data repository scanning in 65 ms. Found 7 JPA repository interfaces.
26-07-21 19:22:28.654 [main] INFO  o.s.b.w.e.tomcat.TomcatWebServer - Tomcat initialized with port(s): 8081 (http)
26-07-21 19:22:28.662 [main] INFO  o.a.coyote.http11.Http11NioProtocol - Initializing ProtocolHandler ["http-nio-8081"]
26-07-21 19:22:28.664 [main] INFO  o.a.catalina.core.StandardService - Starting service [Tomcat]
26-07-21 19:22:28.666 [main] INFO  o.a.catalina.core.StandardEngine - Starting Servlet engine: [Apache Tomcat/9.0.83]
26-07-21 19:22:28.844 [main] INFO  o.a.c.c.C.[Tomcat].[localhost].[/] - Initializing Spring embedded WebApplicationContext
26-07-21 19:22:28.844 [main] INFO  o.s.b.w.s.c.ServletWebServerApplicationContext - Root WebApplicationContext: initialization completed in 1970 ms
26-07-21 19:22:29.172 [main] INFO  o.h.jpa.internal.util.LogHelper - HHH000204: Processing PersistenceUnitInfo [name: default]
26-07-21 19:22:29.229 [main] INFO  org.hibernate.Version - HHH000412: Hibernate ORM core version 5.6.15.Final
26-07-21 19:22:29.364 [main] INFO  o.h.annotations.common.Version - HCANN000001: Hibernate Commons Annotations {5.1.2.Final}
26-07-21 19:22:29.452 [main] INFO  com.zaxxer.hikari.HikariDataSource - HikariPool-1 - Starting...
26-07-21 19:22:29.734 [main] INFO  com.zaxxer.hikari.HikariDataSource - HikariPool-1 - Start completed.
26-07-21 19:22:29.750 [main] INFO  org.hibernate.dialect.Dialect - HHH000400: Using dialect: org.hibernate.dialect.SQLServerDialect
26-07-21 19:22:30.884 [main] INFO  o.h.e.t.j.p.i.JtaPlatformInitiator - HHH000490: Using JtaPlatform implementation: [org.hibernate.engine.transaction.jta.platform.internal.NoJtaPlatform]
26-07-21 19:22:30.893 [main] INFO  o.s.o.j.LocalContainerEntityManagerFactoryBean - Initialized JPA EntityManagerFactory for persistence unit 'default'
26-07-21 19:22:32.657 [main] WARN  o.s.b.a.o.j.JpaBaseConfiguration$JpaWebConfiguration - spring.jpa.open-in-view is enabled by default. Therefore, database queries may be performed during view rendering. Explicitly configure spring.jpa.open-in-view to disable this warning
26-07-21 19:22:33.576 [main] INFO  o.a.coyote.http11.Http11NioProtocol - Starting ProtocolHandler ["http-nio-8081"]
26-07-21 19:22:33.595 [main] INFO  o.s.b.w.e.tomcat.TomcatWebServer - Tomcat started on port(s): 8081 (http) with context path ''
26-07-21 19:22:33.853 [main] INFO  com.example.mail.MailApplication - Started MailApplication in 7.385 seconds (JVM running for 7.995)
26-07-21 19:22:44.838 [http-nio-8081-exec-2] INFO  o.a.c.c.C.[Tomcat].[localhost].[/] - Initializing Spring DispatcherServlet 'dispatcherServlet'
26-07-21 19:22:44.838 [http-nio-8081-exec-2] INFO  o.s.web.servlet.DispatcherServlet - Initializing Servlet 'dispatcherServlet'
26-07-21 19:22:44.839 [http-nio-8081-exec-2] INFO  o.s.web.servlet.DispatcherServlet - Completed initialization in 1 ms
26-07-21 19:22:44.981 [http-nio-8081-exec-2] INFO  c.e.m.s.MakerTransferStatusService - Saving maker transfer status for emailId=1, contactId=4431199
26-07-21 19:22:45.032 [http-nio-8081-exec-2] WARN  o.h.e.jdbc.spi.SqlExceptionHelper - SQL Error: 208, SQLState: S0002
26-07-21 19:22:45.033 [http-nio-8081-exec-2] ERROR o.h.e.jdbc.spi.SqlExceptionHelper - Invalid object name 'SBI_IResolve.dbo.MakerTransferStatus'.
26-07-21 19:23:19.753 [main] INFO  com.example.mail.MailApplication - Starting MailApplication using Java 21.0.11 on Gaurang-Parmar with PID 21140 (C:\Users\AMD\Desktop\Email AACC\sbi-email-service-backend-main\target\classes started by AMD in C:\Users\AMD\Desktop\Email AACC\sbi-email-service-backend-main)
26-07-21 19:23:19.758 [main] INFO  com.example.mail.MailApplication - The following 1 profile is active: "dev"
26-07-21 19:23:20.553 [main] INFO  o.s.d.r.c.RepositoryConfigurationDelegate - Bootstrapping Spring Data JPA repositories in DEFAULT mode.
26-07-21 19:23:20.624 [main] INFO  o.s.d.r.c.RepositoryConfigurationDelegate - Finished Spring Data repository scanning in 64 ms. Found 7 JPA repository interfaces.
26-07-21 19:23:21.532 [main] INFO  o.s.b.w.e.tomcat.TomcatWebServer - Tomcat initialized with port(s): 8081 (http)
26-07-21 19:23:21.539 [main] INFO  o.a.coyote.http11.Http11NioProtocol - Initializing ProtocolHandler ["http-nio-8081"]
26-07-21 19:23:21.540 [main] INFO  o.a.catalina.core.StandardService - Starting service [Tomcat]
26-07-21 19:23:21.540 [main] INFO  o.a.catalina.core.StandardEngine - Starting Servlet engine: [Apache Tomcat/9.0.83]
26-07-21 19:23:21.712 [main] INFO  o.a.c.c.C.[Tomcat].[localhost].[/] - Initializing Spring embedded WebApplicationContext
26-07-21 19:23:21.713 [main] INFO  o.s.b.w.s.c.ServletWebServerApplicationContext - Root WebApplicationContext: initialization completed in 1905 ms
26-07-21 19:23:22.018 [main] INFO  o.h.jpa.internal.util.LogHelper - HHH000204: Processing PersistenceUnitInfo [name: default]
26-07-21 19:23:22.067 [main] INFO  org.hibernate.Version - HHH000412: Hibernate ORM core version 5.6.15.Final
26-07-21 19:23:22.206 [main] INFO  o.h.annotations.common.Version - HCANN000001: Hibernate Commons Annotations {5.1.2.Final}
26-07-21 19:23:22.299 [main] INFO  com.zaxxer.hikari.HikariDataSource - HikariPool-1 - Starting...
26-07-21 19:23:22.576 [main] INFO  com.zaxxer.hikari.HikariDataSource - HikariPool-1 - Start completed.
26-07-21 19:23:22.591 [main] INFO  org.hibernate.dialect.Dialect - HHH000400: Using dialect: org.hibernate.dialect.SQLServerDialect
26-07-21 19:23:23.833 [main] INFO  o.h.e.t.j.p.i.JtaPlatformInitiator - HHH000490: Using JtaPlatform implementation: [org.hibernate.engine.transaction.jta.platform.internal.NoJtaPlatform]
26-07-21 19:23:23.842 [main] INFO  o.s.o.j.LocalContainerEntityManagerFactoryBean - Initialized JPA EntityManagerFactory for persistence unit 'default'
26-07-21 19:23:25.526 [main] WARN  o.s.b.a.o.j.JpaBaseConfiguration$JpaWebConfiguration - spring.jpa.open-in-view is enabled by default. Therefore, database queries may be performed during view rendering. Explicitly configure spring.jpa.open-in-view to disable this warning
26-07-21 19:23:26.583 [main] INFO  o.a.coyote.http11.Http11NioProtocol - Starting ProtocolHandler ["http-nio-8081"]
26-07-21 19:23:26.603 [main] INFO  o.s.b.w.e.tomcat.TomcatWebServer - Tomcat started on port(s): 8081 (http) with context path ''
26-07-21 19:23:26.912 [main] INFO  com.example.mail.MailApplication - Started MailApplication in 7.532 seconds (JVM running for 8.131)
26-07-21 19:23:34.574 [http-nio-8081-exec-2] INFO  o.a.c.c.C.[Tomcat].[localhost].[/] - Initializing Spring DispatcherServlet 'dispatcherServlet'
26-07-21 19:23:34.575 [http-nio-8081-exec-2] INFO  o.s.web.servlet.DispatcherServlet - Initializing Servlet 'dispatcherServlet'
26-07-21 19:23:34.576 [http-nio-8081-exec-2] INFO  o.s.web.servlet.DispatcherServlet - Completed initialization in 1 ms
26-07-21 19:23:34.684 [http-nio-8081-exec-2] INFO  c.e.m.s.MakerTransferStatusService - Saving maker transfer status for emailId=1, contactId=4431199
26-07-21 19:23:34.728 [http-nio-8081-exec-2] WARN  o.h.e.jdbc.spi.SqlExceptionHelper - SQL Error: 207, SQLState: S0001
26-07-21 19:23:34.728 [http-nio-8081-exec-2] ERROR o.h.e.jdbc.spi.SqlExceptionHelper - Invalid column name 'FromEmail'.
