26-07-21 13:55:40.644 [main] ERROR o.s.b.d.LoggingFailureAnalysisReporter - 

***************************
APPLICATION FAILED TO START
***************************

Description:

Failed to bind properties under 'server.address' to java.net.InetAddress:

    Property: server.address
    Value: "SBIVADAACCUAT.tpsbi.com"
    Origin: class path resource [application-uat.properties] - 2:16
    Reason: failed to convert java.lang.String to java.net.InetAddress (caused by java.net.UnknownHostException: No such host is known (SBIVADAACCUAT.tpsbi.com))

Action:

Update your application's configuration

26-07-21 13:56:32.668 [main] ERROR o.h.e.jdbc.spi.SqlExceptionHelper - The TCP/IP connection to the host 10.48.12.180, port 14330 has failed. Error: "Connect timed out. Verify the connection properties. Make sure that an instance of SQL Server is running on the host and accepting TCP/IP connections at the port. Make sure that TCP connections to the port are not blocked by a firewall.".
26-07-21 13:56:32.671 [main] ERROR o.s.o.j.LocalContainerEntityManagerFactoryBean - Failed to initialize JPA EntityManagerFactory: [PersistenceUnit: default] Unable to build Hibernate SessionFactory; nested exception is org.hibernate.exception.JDBCConnectionException: Unable to open JDBC Connection for DDL execution
26-07-21 13:56:32.700 [main] ERROR o.s.boot.SpringApplication - Application run failed
org.springframework.beans.factory.BeanCreationException: Error creating bean with name 'entityManagerFactory' defined in class path resource [org/springframework/boot/autoconfigure/orm/jpa/HibernateJpaConfiguration.class]: Invocation of init method failed; nested exception is javax.persistence.PersistenceException: [PersistenceUnit: default] Unable to build Hibernate SessionFactory; nested exception is org.hibernate.exception.JDBCConnectionException: Unable to open JDBC Connection for DDL execution
	at org.springframework.beans.factory.support.AbstractAutowireCapableBeanFactory.initializeBean(AbstractAutowireCapableBeanFactory.java:1804)
	at org.springframework.beans.factory.support.AbstractAutowireCapableBeanFactory.doCreateBean(AbstractAutowireCapableBeanFactory.java:620)
	at org.springframework.beans.factory.support.AbstractAutowireCapableBeanFactory.createBean(AbstractAutowireCapableBeanFactory.java:542)
	at org.springframework.beans.factory.support.AbstractBeanFactory.lambda$doGetBean$0(AbstractBeanFactory.java:335)
	at org.springframework.beans.factory.support.DefaultSingletonBeanRegistry.getSingleton(DefaultSingletonBeanRegistry.java:234)
	at org.springframework.beans.factory.support.AbstractBeanFactory.doGetBean(AbstractBeanFactory.java:333)
	at org.springframework.beans.factory.support.AbstractBeanFactory.getBean(AbstractBeanFactory.java:208)
	at org.springframework.context.support.AbstractApplicationContext.getBean(AbstractApplicationContext.java:1168)
	at org.springframework.context.support.AbstractApplicationContext.finishBeanFactoryInitialization(AbstractApplicationContext.java:919)
	at org.springframework.context.support.AbstractApplicationContext.refresh(AbstractApplicationContext.java:591)
	at org.springframework.boot.web.servlet.context.ServletWebServerApplicationContext.refresh(ServletWebServerApplicationContext.java:147)
	at org.springframework.boot.SpringApplication.refresh(SpringApplication.java:732)
	at org.springframework.boot.SpringApplication.refreshContext(SpringApplication.java:409)
	at org.springframework.boot.SpringApplication.run(SpringApplication.java:308)
	at org.springframework.boot.SpringApplication.run(SpringApplication.java:1300)
	at org.springframework.boot.SpringApplication.run(SpringApplication.java:1289)
	at com.example.mail.MailApplication.main(MailApplication.java:12)
Caused by: javax.persistence.PersistenceException: [PersistenceUnit: default] Unable to build Hibernate SessionFactory; nested exception is org.hibernate.exception.JDBCConnectionException: Unable to open JDBC Connection for DDL execution
	at org.springframework.orm.jpa.AbstractEntityManagerFactoryBean.buildNativeEntityManagerFactory(AbstractEntityManagerFactoryBean.java:421)
	at org.springframework.orm.jpa.AbstractEntityManagerFactoryBean.afterPropertiesSet(AbstractEntityManagerFactoryBean.java:396)
	at org.springframework.orm.jpa.LocalContainerEntityManagerFactoryBean.afterPropertiesSet(LocalContainerEntityManagerFactoryBean.java:341)
	at org.springframework.beans.factory.support.AbstractAutowireCapableBeanFactory.invokeInitMethods(AbstractAutowireCapableBeanFactory.java:1863)
	at org.springframework.beans.factory.support.AbstractAutowireCapableBeanFactory.initializeBean(AbstractAutowireCapableBeanFactory.java:1800)
	... 16 common frames omitted
Caused by: org.hibernate.exception.JDBCConnectionException: Unable to open JDBC Connection for DDL execution
	at org.hibernate.exception.internal.SQLStateConversionDelegate.convert(SQLStateConversionDelegate.java:112)
	at org.hibernate.exception.internal.StandardSQLExceptionConverter.convert(StandardSQLExceptionConverter.java:37)
	at org.hibernate.engine.jdbc.spi.SqlExceptionHelper.convert(SqlExceptionHelper.java:113)
	at org.hibernate.engine.jdbc.spi.SqlExceptionHelper.convert(SqlExceptionHelper.java:99)
	at org.hibernate.resource.transaction.backend.jdbc.internal.DdlTransactionIsolatorNonJtaImpl.getIsolatedConnection(DdlTransactionIsolatorNonJtaImpl.java:71)
	at org.hibernate.tool.schema.internal.exec.ImprovedExtractionContextImpl.getJdbcConnection(ImprovedExtractionContextImpl.java:63)
	at org.hibernate.tool.schema.internal.exec.ImprovedExtractionContextImpl.getJdbcDatabaseMetaData(ImprovedExtractionContextImpl.java:70)
	at org.hibernate.tool.schema.extract.internal.InformationExtractorJdbcDatabaseMetaDataImpl.processTableResultSet(InformationExtractorJdbcDatabaseMetaDataImpl.java:64)
	at org.hibernate.tool.schema.extract.internal.AbstractInformationExtractorImpl.getTables(AbstractInformationExtractorImpl.java:565)
	at org.hibernate.tool.schema.extract.internal.DatabaseInformationImpl.getTablesInformation(DatabaseInformationImpl.java:122)
	at org.hibernate.tool.schema.internal.GroupedSchemaMigratorImpl.performTablesMigration(GroupedSchemaMigratorImpl.java:68)
	at org.hibernate.tool.schema.internal.AbstractSchemaMigrator.performMigration(AbstractSchemaMigrator.java:220)
	at org.hibernate.tool.schema.internal.AbstractSchemaMigrator.doMigration(AbstractSchemaMigrator.java:123)
	at org.hibernate.tool.schema.spi.SchemaManagementToolCoordinator.performDatabaseAction(SchemaManagementToolCoordinator.java:196)
	at org.hibernate.tool.schema.spi.SchemaManagementToolCoordinator.process(SchemaManagementToolCoordinator.java:85)
	at org.hibernate.internal.SessionFactoryImpl.<init>(SessionFactoryImpl.java:335)
	at org.hibernate.boot.internal.SessionFactoryBuilderImpl.build(SessionFactoryBuilderImpl.java:471)
	at org.hibernate.jpa.boot.internal.EntityManagerFactoryBuilderImpl.build(EntityManagerFactoryBuilderImpl.java:1498)
	at org.springframework.orm.jpa.vendor.SpringHibernateJpaPersistenceProvider.createContainerEntityManagerFactory(SpringHibernateJpaPersistenceProvider.java:58)
	at org.springframework.orm.jpa.LocalContainerEntityManagerFactoryBean.createNativeEntityManagerFactory(LocalContainerEntityManagerFactoryBean.java:365)
	at org.springframework.orm.jpa.AbstractEntityManagerFactoryBean.buildNativeEntityManagerFactory(AbstractEntityManagerFactoryBean.java:409)
	... 20 common frames omitted
Caused by: com.microsoft.sqlserver.jdbc.SQLServerException: The TCP/IP connection to the host 10.48.12.180, port 14330 has failed. Error: "Connect timed out. Verify the connection properties. Make sure that an instance of SQL Server is running on the host and accepting TCP/IP connections at the port. Make sure that TCP connections to the port are not blocked by a firewall.".
	at com.microsoft.sqlserver.jdbc.SQLServerException.makeFromDriverError(SQLServerException.java:237)
	at com.microsoft.sqlserver.jdbc.SQLServerException.ConvertConnectExceptionToSQLServerException(SQLServerException.java:288)
	at com.microsoft.sqlserver.jdbc.SocketFinder.findSocket(IOBuffer.java:2654)
	at com.microsoft.sqlserver.jdbc.TDSChannel.open(IOBuffer.java:695)
	at com.microsoft.sqlserver.jdbc.SQLServerConnection.connectHelper(SQLServerConnection.java:3180)
	at com.microsoft.sqlserver.jdbc.SQLServerConnection.login(SQLServerConnection.java:2833)
	at com.microsoft.sqlserver.jdbc.SQLServerConnection.connectInternal(SQLServerConnection.java:2671)
	at com.microsoft.sqlserver.jdbc.SQLServerConnection.connect(SQLServerConnection.java:1640)
	at com.microsoft.sqlserver.jdbc.SQLServerDriver.connect(SQLServerDriver.java:936)
	at java.sql/java.sql.DriverManager.getConnection(Unknown Source)
	at java.sql/java.sql.DriverManager.getConnection(Unknown Source)
	at org.springframework.jdbc.datasource.DriverManagerDataSource.getConnectionFromDriverManager(DriverManagerDataSource.java:155)
	at org.springframework.jdbc.datasource.DriverManagerDataSource.getConnectionFromDriver(DriverManagerDataSource.java:146)
	at org.springframework.jdbc.datasource.AbstractDriverBasedDataSource.getConnectionFromDriver(AbstractDriverBasedDataSource.java:205)
	at org.springframework.jdbc.datasource.AbstractDriverBasedDataSource.getConnection(AbstractDriverBasedDataSource.java:169)
	at org.hibernate.engine.jdbc.connections.internal.DatasourceConnectionProviderImpl.getConnection(DatasourceConnectionProviderImpl.java:122)
	at org.hibernate.engine.jdbc.env.internal.JdbcEnvironmentInitiator$ConnectionProviderJdbcConnectionAccess.obtainConnection(JdbcEnvironmentInitiator.java:181)
	at org.hibernate.resource.transaction.backend.jdbc.internal.DdlTransactionIsolatorNonJtaImpl.getIsolatedConnection(DdlTransactionIsolatorNonJtaImpl.java:44)
	... 36 common frames omitted
26-07-21 13:57:18.915 [main] ERROR o.h.e.jdbc.spi.SqlExceptionHelper - Login failed for user 'Dems_Email'. ClientConnectionId:693e951f-6e29-471a-b010-5d1e49171678
26-07-21 13:57:18.915 [main] ERROR o.s.o.j.LocalContainerEntityManagerFactoryBean - Failed to initialize JPA EntityManagerFactory: [PersistenceUnit: default] Unable to build Hibernate SessionFactory; nested exception is org.hibernate.exception.SQLGrammarException: Unable to open JDBC Connection for DDL execution
26-07-21 13:57:18.948 [main] ERROR o.s.boot.SpringApplication - Application run failed
org.springframework.beans.factory.BeanCreationException: Error creating bean with name 'entityManagerFactory' defined in class path resource [org/springframework/boot/autoconfigure/orm/jpa/HibernateJpaConfiguration.class]: Invocation of init method failed; nested exception is javax.persistence.PersistenceException: [PersistenceUnit: default] Unable to build Hibernate SessionFactory; nested exception is org.hibernate.exception.SQLGrammarException: Unable to open JDBC Connection for DDL execution
	at org.springframework.beans.factory.support.AbstractAutowireCapableBeanFactory.initializeBean(AbstractAutowireCapableBeanFactory.java:1804)
	at org.springframework.beans.factory.support.AbstractAutowireCapableBeanFactory.doCreateBean(AbstractAutowireCapableBeanFactory.java:620)
	at org.springframework.beans.factory.support.AbstractAutowireCapableBeanFactory.createBean(AbstractAutowireCapableBeanFactory.java:542)
	at org.springframework.beans.factory.support.AbstractBeanFactory.lambda$doGetBean$0(AbstractBeanFactory.java:335)
	at org.springframework.beans.factory.support.DefaultSingletonBeanRegistry.getSingleton(DefaultSingletonBeanRegistry.java:234)
	at org.springframework.beans.factory.support.AbstractBeanFactory.doGetBean(AbstractBeanFactory.java:333)
	at org.springframework.beans.factory.support.AbstractBeanFactory.getBean(AbstractBeanFactory.java:208)
	at org.springframework.context.support.AbstractApplicationContext.getBean(AbstractApplicationContext.java:1168)
	at org.springframework.context.support.AbstractApplicationContext.finishBeanFactoryInitialization(AbstractApplicationContext.java:919)
	at org.springframework.context.support.AbstractApplicationContext.refresh(AbstractApplicationContext.java:591)
	at org.springframework.boot.web.servlet.context.ServletWebServerApplicationContext.refresh(ServletWebServerApplicationContext.java:147)
	at org.springframework.boot.SpringApplication.refresh(SpringApplication.java:732)
	at org.springframework.boot.SpringApplication.refreshContext(SpringApplication.java:409)
	at org.springframework.boot.SpringApplication.run(SpringApplication.java:308)
	at org.springframework.boot.SpringApplication.run(SpringApplication.java:1300)
	at org.springframework.boot.SpringApplication.run(SpringApplication.java:1289)
	at com.example.mail.MailApplication.main(MailApplication.java:12)
Caused by: javax.persistence.PersistenceException: [PersistenceUnit: default] Unable to build Hibernate SessionFactory; nested exception is org.hibernate.exception.SQLGrammarException: Unable to open JDBC Connection for DDL execution
	at org.springframework.orm.jpa.AbstractEntityManagerFactoryBean.buildNativeEntityManagerFactory(AbstractEntityManagerFactoryBean.java:421)
	at org.springframework.orm.jpa.AbstractEntityManagerFactoryBean.afterPropertiesSet(AbstractEntityManagerFactoryBean.java:396)
	at org.springframework.orm.jpa.LocalContainerEntityManagerFactoryBean.afterPropertiesSet(LocalContainerEntityManagerFactoryBean.java:341)
	at org.springframework.beans.factory.support.AbstractAutowireCapableBeanFactory.invokeInitMethods(AbstractAutowireCapableBeanFactory.java:1863)
	at org.springframework.beans.factory.support.AbstractAutowireCapableBeanFactory.initializeBean(AbstractAutowireCapableBeanFactory.java:1800)
	... 16 common frames omitted
Caused by: org.hibernate.exception.SQLGrammarException: Unable to open JDBC Connection for DDL execution
	at org.hibernate.exception.internal.SQLStateConversionDelegate.convert(SQLStateConversionDelegate.java:103)
	at org.hibernate.exception.internal.StandardSQLExceptionConverter.convert(StandardSQLExceptionConverter.java:37)
	at org.hibernate.engine.jdbc.spi.SqlExceptionHelper.convert(SqlExceptionHelper.java:113)
	at org.hibernate.engine.jdbc.spi.SqlExceptionHelper.convert(SqlExceptionHelper.java:99)
	at org.hibernate.resource.transaction.backend.jdbc.internal.DdlTransactionIsolatorNonJtaImpl.getIsolatedConnection(DdlTransactionIsolatorNonJtaImpl.java:71)
	at org.hibernate.tool.schema.internal.exec.ImprovedExtractionContextImpl.getJdbcConnection(ImprovedExtractionContextImpl.java:63)
	at org.hibernate.tool.schema.internal.exec.ImprovedExtractionContextImpl.getJdbcDatabaseMetaData(ImprovedExtractionContextImpl.java:70)
	at org.hibernate.tool.schema.extract.internal.InformationExtractorJdbcDatabaseMetaDataImpl.processTableResultSet(InformationExtractorJdbcDatabaseMetaDataImpl.java:64)
	at org.hibernate.tool.schema.extract.internal.AbstractInformationExtractorImpl.getTables(AbstractInformationExtractorImpl.java:565)
	at org.hibernate.tool.schema.extract.internal.DatabaseInformationImpl.getTablesInformation(DatabaseInformationImpl.java:122)
	at org.hibernate.tool.schema.internal.GroupedSchemaMigratorImpl.performTablesMigration(GroupedSchemaMigratorImpl.java:68)
	at org.hibernate.tool.schema.internal.AbstractSchemaMigrator.performMigration(AbstractSchemaMigrator.java:220)
	at org.hibernate.tool.schema.internal.AbstractSchemaMigrator.doMigration(AbstractSchemaMigrator.java:123)
	at org.hibernate.tool.schema.spi.SchemaManagementToolCoordinator.performDatabaseAction(SchemaManagementToolCoordinator.java:196)
	at org.hibernate.tool.schema.spi.SchemaManagementToolCoordinator.process(SchemaManagementToolCoordinator.java:85)
	at org.hibernate.internal.SessionFactoryImpl.<init>(SessionFactoryImpl.java:335)
	at org.hibernate.boot.internal.SessionFactoryBuilderImpl.build(SessionFactoryBuilderImpl.java:471)
	at org.hibernate.jpa.boot.internal.EntityManagerFactoryBuilderImpl.build(EntityManagerFactoryBuilderImpl.java:1498)
	at org.springframework.orm.jpa.vendor.SpringHibernateJpaPersistenceProvider.createContainerEntityManagerFactory(SpringHibernateJpaPersistenceProvider.java:58)
	at org.springframework.orm.jpa.LocalContainerEntityManagerFactoryBean.createNativeEntityManagerFactory(LocalContainerEntityManagerFactoryBean.java:365)
	at org.springframework.orm.jpa.AbstractEntityManagerFactoryBean.buildNativeEntityManagerFactory(AbstractEntityManagerFactoryBean.java:409)
	... 20 common frames omitted
Caused by: com.microsoft.sqlserver.jdbc.SQLServerException: Login failed for user 'Dems_Email'. ClientConnectionId:693e951f-6e29-471a-b010-5d1e49171678
	at com.microsoft.sqlserver.jdbc.SQLServerException.makeFromDatabaseError(SQLServerException.java:265)
	at com.microsoft.sqlserver.jdbc.TDSTokenHandler.onEOF(tdsparser.java:299)
	at com.microsoft.sqlserver.jdbc.TDSParser.parse(tdsparser.java:132)
	at com.microsoft.sqlserver.jdbc.TDSParser.parse(tdsparser.java:37)
	at com.microsoft.sqlserver.jdbc.SQLServerConnection.sendLogon(SQLServerConnection.java:6159)
	at com.microsoft.sqlserver.jdbc.SQLServerConnection.logon(SQLServerConnection.java:4782)
	at com.microsoft.sqlserver.jdbc.SQLServerConnection.access$100(SQLServerConnection.java:90)
	at com.microsoft.sqlserver.jdbc.SQLServerConnection$LogonCommand.doExecute(SQLServerConnection.java:4720)
	at com.microsoft.sqlserver.jdbc.TDSCommand.execute(IOBuffer.java:7664)
	at com.microsoft.sqlserver.jdbc.SQLServerConnection.executeCommand(SQLServerConnection.java:3791)
	at com.microsoft.sqlserver.jdbc.SQLServerConnection.connectHelper(SQLServerConnection.java:3233)
	at com.microsoft.sqlserver.jdbc.SQLServerConnection.login(SQLServerConnection.java:2833)
	at com.microsoft.sqlserver.jdbc.SQLServerConnection.connectInternal(SQLServerConnection.java:2671)
	at com.microsoft.sqlserver.jdbc.SQLServerConnection.connect(SQLServerConnection.java:1640)
	at com.microsoft.sqlserver.jdbc.SQLServerDriver.connect(SQLServerDriver.java:936)
	at java.sql/java.sql.DriverManager.getConnection(Unknown Source)
	at java.sql/java.sql.DriverManager.getConnection(Unknown Source)
	at org.springframework.jdbc.datasource.DriverManagerDataSource.getConnectionFromDriverManager(DriverManagerDataSource.java:155)
	at org.springframework.jdbc.datasource.DriverManagerDataSource.getConnectionFromDriver(DriverManagerDataSource.java:146)
	at org.springframework.jdbc.datasource.AbstractDriverBasedDataSource.getConnectionFromDriver(AbstractDriverBasedDataSource.java:205)
	at org.springframework.jdbc.datasource.AbstractDriverBasedDataSource.getConnection(AbstractDriverBasedDataSource.java:169)
	at org.hibernate.engine.jdbc.connections.internal.DatasourceConnectionProviderImpl.getConnection(DatasourceConnectionProviderImpl.java:122)
	at org.hibernate.engine.jdbc.env.internal.JdbcEnvironmentInitiator$ConnectionProviderJdbcConnectionAccess.obtainConnection(JdbcEnvironmentInitiator.java:181)
	at org.hibernate.resource.transaction.backend.jdbc.internal.DdlTransactionIsolatorNonJtaImpl.getIsolatedConnection(DdlTransactionIsolatorNonJtaImpl.java:44)
	... 36 common frames omitted
26-07-21 13:59:49.377 [http-nio-8081-exec-2] ERROR o.a.c.c.C.[.[.[.[dispatcherServlet] - Servlet.service() for servlet [dispatcherServlet] in context with path [] threw exception [Handler dispatch failed; nested exception is java.lang.StackOverflowError] with root cause
java.lang.StackOverflowError: null
	at java.base/java.lang.AbstractStringBuilder.newCapacity(Unknown Source)
	at java.base/java.lang.AbstractStringBuilder.ensureCapacityInternal(Unknown Source)
	at java.base/java.lang.AbstractStringBuilder.append(Unknown Source)
	at java.base/java.lang.StringBuilder.append(Unknown Source)
	at com.example.mail.model.ContactAction.toString(ContactAction.java:15)
	at java.base/java.lang.String.valueOf(Unknown Source)
	at java.base/java.lang.StringBuilder.append(Unknown Source)
	at java.base/java.util.AbstractCollection.toString(Unknown Source)
	at org.hibernate.collection.internal.PersistentBag.toString(PersistentBag.java:622)
	at java.base/java.lang.String.valueOf(Unknown Source)
	at java.base/java.lang.StringBuilder.append(Unknown Source)
	at com.example.mail.model.Email.toString(Email.java:17)
	at java.base/java.lang.String.valueOf(Unknown Source)
	at java.base/java.lang.StringBuilder.append(Unknown Source)
	at com.example.mail.model.ContactAction.toString(ContactAction.java:15)
	at java.base/java.lang.String.valueOf(Unknown Source)
	at java.base/java.lang.StringBuilder.append(Unknown Source)
	at java.base/java.util.AbstractCollection.toString(Unknown Source)
	at org.hibernate.collection.internal.PersistentBag.toString(PersistentBag.java:622)
	at java.base/java.lang.String.valueOf(Unknown Source)
	at java.base/java.lang.StringBuilder.append(Unknown Source)
	at com.example.mail.model.Email.toString(Email.java:17)
	at java.base/java.lang.String.valueOf(Unknown Source)
	at java.base/java.lang.StringBuilder.append(Unknown Source)
	at com.example.mail.model.ContactAction.toString(ContactAction.java:15)
	at java.base/java.lang.String.valueOf(Unknown Source)
	at java.base/java.lang.StringBuilder.append(Unknown Source)
	at java.base/java.util.AbstractCollection.toString(Unknown Source)
	at org.hibernate.collection.internal.PersistentBag.toString(PersistentBag.java:622)
	at java.base/java.lang.String.valueOf(Unknown Source)
	at java.base/java.lang.StringBuilder.append(Unknown Source)
	at com.example.mail.model.Email.toString(Email.java:17)
	at java.base/java.lang.String.valueOf(Unknown Source)
	at java.base/java.lang.StringBuilder.append(Unknown Source)
	at com.example.mail.model.ContactAction.toString(ContactAction.java:15)
	at java.base/java.lang.String.valueOf(Unknown Source)
	at java.base/java.lang.StringBuilder.append(Unknown Source)
	at java.base/java.util.AbstractCollection.toString(Unknown Source)
	at org.hibernate.collection.internal.PersistentBag.toString(PersistentBag.java:622)
	at java.base/java.lang.String.valueOf(Unknown Source)
	at java.base/java.lang.StringBuilder.append(Unknown Source)
	at com.example.mail.model.Email.toString(Email.java:17)
	at java.base/java.lang.String.valueOf(Unknown Source)
	at java.base/java.lang.StringBuilder.append(Unknown Source)
	at com.example.mail.model.ContactAction.toString(ContactAction.java:15)
	at java.base/java.lang.String.valueOf(Unknown Source)
	at java.base/java.lang.StringBuilder.append(Unknown Source)
	at java.base/java.util.AbstractCollection.toString(Unknown Source)
	at org.hibernate.collection.internal.PersistentBag.toString(PersistentBag.java:622)
	at java.base/java.lang.String.valueOf(Unknown Source)
	at java.base/java.lang.StringBuilder.append(Unknown Source)
	at com.example.mail.model.Email.toString(Email.java:17)
	at java.base/java.lang.String.valueOf(Unknown Source)
	at java.base/java.lang.StringBuilder.append(Unknown Source)
	at com.example.mail.model.ContactAction.toString(ContactAction.java:15)
	at java.base/java.lang.String.valueOf(Unknown Source)
	at java.base/java.lang.StringBuilder.append(Unknown Source)
	at java.base/java.util.AbstractCollection.toString(Unknown Source)
	at org.hibernate.collection.internal.PersistentBag.toString(PersistentBag.java:622)
	at java.base/java.lang.String.valueOf(Unknown Source)
	at java.base/java.lang.StringBuilder.append(Unknown Source)
	at com.example.mail.model.Email.toString(Email.java:17)
	at java.base/java.lang.String.valueOf(Unknown Source)
	at java.base/java.lang.StringBuilder.append(Unknown Source)
	at com.example.mail.model.ContactAction.toString(ContactAction.java:15)
	at java.base/java.lang.String.valueOf(Unknown Source)
	at java.base/java.lang.StringBuilder.append(Unknown Source)
	at java.base/java.util.AbstractCollection.toString(Unknown Source)
	at org.hibernate.collection.internal.PersistentBag.toString(PersistentBag.java:622)
	at java.base/java.lang.String.valueOf(Unknown Source)
	at java.base/java.lang.StringBuilder.append(Unknown Source)
	at com.example.mail.model.Email.toString(Email.java:17)
	at java.base/java.lang.String.valueOf(Unknown Source)
	at java.base/java.lang.StringBuilder.append(Unknown Source)
	at com.example.mail.model.ContactAction.toString(ContactAction.java:15)
	at java.base/java.lang.String.valueOf(Unknown Source)
	at java.base/java.lang.StringBuilder.append(Unknown Source)
	at java.base/java.util.AbstractCollection.toString(Unknown Source)
	at org.hibernate.collection.internal.PersistentBag.toString(PersistentBag.java:622)
	at java.base/java.lang.String.valueOf(Unknown Source)
	at java.base/java.lang.StringBuilder.append(Unknown Source)
	at com.example.mail.model.Email.toString(Email.java:17)
	at java.base/java.lang.String.valueOf(Unknown Source)
	at java.base/java.lang.StringBuilder.append(Unknown Source)
	at com.example.mail.model.ContactAction.toString(ContactAction.java:15)
	at java.base/java.lang.String.valueOf(Unknown Source)
	at java.base/java.lang.StringBuilder.append(Unknown Source)
	at java.base/java.util.AbstractCollection.toString(Unknown Source)
	at org.hibernate.collection.internal.PersistentBag.toString(PersistentBag.java:622)
	at java.base/java.lang.String.valueOf(Unknown Source)
	at java.base/java.lang.StringBuilder.append(Unknown Source)
	at com.example.mail.model.Email.toString(Email.java:17)
	at java.base/java.lang.String.valueOf(Unknown Source)
	at java.base/java.lang.StringBuilder.append(Unknown Source)
	at com.example.mail.model.ContactAction.toString(ContactAction.java:15)
	at java.base/java.lang.String.valueOf(Unknown Source)
	at java.base/java.lang.StringBuilder.append(Unknown Source)
	at java.base/java.util.AbstractCollection.toString(Unknown Source)
	at org.hibernate.collection.internal.PersistentBag.toString(PersistentBag.java:622)
	at java.base/java.lang.String.valueOf(Unknown Source)
	at java.base/java.lang.StringBuilder.append(Unknown Source)
	at com.example.mail.model.Email.toString(Email.java:17)
	at java.base/java.lang.String.valueOf(Unknown Source)
	at java.base/java.lang.StringBuilder.append(Unknown Source)
	at com.example.mail.model.ContactAction.toString(ContactAction.java:15)
	at java.base/java.lang.String.valueOf(Unknown Source)
	at java.base/java.lang.StringBuilder.append(Unknown Source)
	at java.base/java.util.AbstractCollection.toString(Unknown Source)
	at org.hibernate.collection.internal.PersistentBag.toString(PersistentBag.java:622)
	at java.base/java.lang.String.valueOf(Unknown Source)
	at java.base/java.lang.StringBuilder.append(Unknown Source)
	at com.example.mail.model.Email.toString(Email.java:17)
	at java.base/java.lang.String.valueOf(Unknown Source)
	at java.base/java.lang.StringBuilder.append(Unknown Source)
	at com.example.mail.model.ContactAction.toString(ContactAction.java:15)
	at java.base/java.lang.String.valueOf(Unknown Source)
	at java.base/java.lang.StringBuilder.append(Unknown Source)
	at java.base/java.util.AbstractCollection.toString(Unknown Source)
	at org.hibernate.collection.internal.PersistentBag.toString(PersistentBag.java:622)
	at java.base/java.lang.String.valueOf(Unknown Source)
	at java.base/java.lang.StringBuilder.append(Unknown Source)
	at com.example.mail.model.Email.toString(Email.java:17)
	at java.base/java.lang.String.valueOf(Unknown Source)
	at java.base/java.lang.StringBuilder.append(Unknown Source)
	at com.example.mail.model.ContactAction.toString(ContactAction.java:15)
	at java.base/java.lang.String.valueOf(Unknown Source)
	at java.base/java.lang.StringBuilder.append(Unknown Source)
	at java.base/java.util.AbstractCollection.toString(Unknown Source)
	at org.hibernate.collection.internal.PersistentBag.toString(PersistentBag.java:622)
	at java.base/java.lang.String.valueOf(Unknown Source)
	at java.base/java.lang.StringBuilder.append(Unknown Source)
	at com.example.mail.model.Email.toString(Email.java:17)
	at java.base/java.lang.String.valueOf(Unknown Source)
	at java.base/java.lang.StringBuilder.append(Unknown Source)
	at com.example.mail.model.ContactAction.toString(ContactAction.java:15)
	at java.base/java.lang.String.valueOf(Unknown Source)
	at java.base/java.lang.StringBuilder.append(Unknown Source)
	at java.base/java.util.AbstractCollection.toString(Unknown Source)
	at org.hibernate.collection.internal.PersistentBag.toString(PersistentBag.java:622)
	at java.base/java.lang.String.valueOf(Unknown Source)
	at java.base/java.lang.StringBuilder.append(Unknown Source)
	at com.example.mail.model.Email.toString(Email.java:17)
	at java.base/java.lang.String.valueOf(Unknown Source)
	at java.base/java.lang.StringBuilder.append(Unknown Source)
	at com.example.mail.model.ContactAction.toString(ContactAction.java:15)
	at java.base/java.lang.String.valueOf(Unknown Source)
	at java.base/java.lang.StringBuilder.append(Unknown Source)
	at java.base/java.util.AbstractCollection.toString(Unknown Source)
	at org.hibernate.collection.internal.PersistentBag.toString(PersistentBag.java:622)
	at java.base/java.lang.String.valueOf(Unknown Source)
	at java.base/java.lang.StringBuilder.append(Unknown Source)
	at com.example.mail.model.Email.toString(Email.java:17)
	at java.base/java.lang.String.valueOf(Unknown Source)
	at java.base/java.lang.StringBuilder.append(Unknown Source)
	at com.example.mail.model.ContactAction.toString(ContactAction.java:15)
	at java.base/java.lang.String.valueOf(Unknown Source)
	at java.base/java.lang.StringBuilder.append(Unknown Source)
	at java.base/java.util.AbstractCollection.toString(Unknown Source)
	at org.hibernate.collection.internal.PersistentBag.toString(PersistentBag.java:622)
	at java.base/java.lang.String.valueOf(Unknown Source)
	at java.base/java.lang.StringBuilder.append(Unknown Source)
	at com.example.mail.model.Email.toString(Email.java:17)
	at java.base/java.lang.String.valueOf(Unknown Source)
	at java.base/java.lang.StringBuilder.append(Unknown Source)
	at com.example.mail.model.ContactAction.toString(ContactAction.java:15)
	at java.base/java.lang.String.valueOf(Unknown Source)
	at java.base/java.lang.StringBuilder.append(Unknown Source)
	at java.base/java.util.AbstractCollection.toString(Unknown Source)
	at org.hibernate.collection.internal.PersistentBag.toString(PersistentBag.java:622)
	at java.base/java.lang.String.valueOf(Unknown Source)
	at java.base/java.lang.StringBuilder.append(Unknown Source)
	at com.example.mail.model.Email.toString(Email.java:17)
	at java.base/java.lang.String.valueOf(Unknown Source)
	at java.base/java.lang.StringBuilder.append(Unknown Source)
	at com.example.mail.model.ContactAction.toString(ContactAction.java:15)
	at java.base/java.lang.String.valueOf(Unknown Source)
	at java.base/java.lang.StringBuilder.append(Unknown Source)
	at java.base/java.util.AbstractCollection.toString(Unknown Source)
	at org.hibernate.collection.internal.PersistentBag.toString(PersistentBag.java:622)
	at java.base/java.lang.String.valueOf(Unknown Source)
	at java.base/java.lang.StringBuilder.append(Unknown Source)
	at com.example.mail.model.Email.toString(Email.java:17)
	at java.base/java.lang.String.valueOf(Unknown Source)
	at java.base/java.lang.StringBuilder.append(Unknown Source)
	at com.example.mail.model.ContactAction.toString(ContactAction.java:15)
	at java.base/java.lang.String.valueOf(Unknown Source)
	at java.base/java.lang.StringBuilder.append(Unknown Source)
	at java.base/java.util.AbstractCollection.toString(Unknown Source)
	at org.hibernate.collection.internal.PersistentBag.toString(PersistentBag.java:622)
	at java.base/java.lang.String.valueOf(Unknown Source)
	at java.base/java.lang.StringBuilder.append(Unknown Source)
	at com.example.mail.model.Email.toString(Email.java:17)
	at java.base/java.lang.String.valueOf(Unknown Source)
	at java.base/java.lang.StringBuilder.append(Unknown Source)
	at com.example.mail.model.ContactAction.toString(ContactAction.java:15)
	at java.base/java.lang.String.valueOf(Unknown Source)
	at java.base/java.lang.StringBuilder.append(Unknown Source)
	at java.base/java.util.AbstractCollection.toString(Unknown Source)
	at org.hibernate.collection.internal.PersistentBag.toString(PersistentBag.java:622)
	at java.base/java.lang.String.valueOf(Unknown Source)
	at java.base/java.lang.StringBuilder.append(Unknown Source)
	at com.example.mail.model.Email.toString(Email.java:17)
	at java.base/java.lang.String.valueOf(Unknown Source)
	at java.base/java.lang.StringBuilder.append(Unknown Source)
	at com.example.mail.model.ContactAction.toString(ContactAction.java:15)
	at java.base/java.lang.String.valueOf(Unknown Source)
	at java.base/java.lang.StringBuilder.append(Unknown Source)
	at java.base/java.util.AbstractCollection.toString(Unknown Source)
	at org.hibernate.collection.internal.PersistentBag.toString(PersistentBag.java:622)
	at java.base/java.lang.String.valueOf(Unknown Source)
	at java.base/java.lang.StringBuilder.append(Unknown Source)
	at com.example.mail.model.Email.toString(Email.java:17)
	at java.base/java.lang.String.valueOf(Unknown Source)
	at java.base/java.lang.StringBuilder.append(Unknown Source)
	at com.example.mail.model.ContactAction.toString(ContactAction.java:15)
	at java.base/java.lang.String.valueOf(Unknown Source)
	at java.base/java.lang.StringBuilder.append(Unknown Source)
	at java.base/java.util.AbstractCollection.toString(Unknown Source)
	at org.hibernate.collection.internal.PersistentBag.toString(PersistentBag.java:622)
	at java.base/java.lang.String.valueOf(Unknown Source)
	at java.base/java.lang.StringBuilder.append(Unknown Source)
	at com.example.mail.model.Email.toString(Email.java:17)
	at java.base/java.lang.String.valueOf(Unknown Source)
	at java.base/java.lang.StringBuilder.append(Unknown Source)
	at com.example.mail.model.ContactAction.toString(ContactAction.java:15)
	at java.base/java.lang.String.valueOf(Unknown Source)
	at java.base/java.lang.StringBuilder.append(Unknown Source)
	at java.base/java.util.AbstractCollection.toString(Unknown Source)
	at org.hibernate.collection.internal.PersistentBag.toString(PersistentBag.java:622)
	at java.base/java.lang.String.valueOf(Unknown Source)
	at java.base/java.lang.StringBuilder.append(Unknown Source)
	at com.example.mail.model.Email.toString(Email.java:17)
	at java.base/java.lang.String.valueOf(Unknown Source)
	at java.base/java.lang.StringBuilder.append(Unknown Source)
	at com.example.mail.model.ContactAction.toString(ContactAction.java:15)
	at java.base/java.lang.String.valueOf(Unknown Source)
	at java.base/java.lang.StringBuilder.append(Unknown Source)
	at java.base/java.util.AbstractCollection.toString(Unknown Source)
	at org.hibernate.collection.internal.PersistentBag.toString(PersistentBag.java:622)
	at java.base/java.lang.String.valueOf(Unknown Source)
	at java.base/java.lang.StringBuilder.append(Unknown Source)
	at com.example.mail.model.Email.toString(Email.java:17)
	at java.base/java.lang.String.valueOf(Unknown Source)
	at java.base/java.lang.StringBuilder.append(Unknown Source)
	at com.example.mail.model.ContactAction.toString(ContactAction.java:15)
	at java.base/java.lang.String.valueOf(Unknown Source)
	at java.base/java.lang.StringBuilder.append(Unknown Source)
	at java.base/java.util.AbstractCollection.toString(Unknown Source)
	at org.hibernate.collection.internal.PersistentBag.toString(PersistentBag.java:622)
	at java.base/java.lang.String.valueOf(Unknown Source)
	at java.base/java.lang.StringBuilder.append(Unknown Source)
	at com.example.mail.model.Email.toString(Email.java:17)
	at java.base/java.lang.String.valueOf(Unknown Source)
	at java.base/java.lang.StringBuilder.append(Unknown Source)
	at com.example.mail.model.ContactAction.toString(ContactAction.java:15)
	at java.base/java.lang.String.valueOf(Unknown Source)
	at java.base/java.lang.StringBuilder.append(Unknown Source)
	at java.base/java.util.AbstractCollection.toString(Unknown Source)
	at org.hibernate.collection.internal.PersistentBag.toString(PersistentBag.java:622)
	at java.base/java.lang.String.valueOf(Unknown Source)
	at java.base/java.lang.StringBuilder.append(Unknown Source)
	at com.example.mail.model.Email.toString(Email.java:17)
	at java.base/java.lang.String.valueOf(Unknown Source)
	at java.base/java.lang.StringBuilder.append(Unknown Source)
	at com.example.mail.model.ContactAction.toString(ContactAction.java:15)
	at java.base/java.lang.String.valueOf(Unknown Source)
	at java.base/java.lang.StringBuilder.append(Unknown Source)
	at java.base/java.util.AbstractCollection.toString(Unknown Source)
	at org.hibernate.collection.internal.PersistentBag.toString(PersistentBag.java:622)
	at java.base/java.lang.String.valueOf(Unknown Source)
	at java.base/java.lang.StringBuilder.append(Unknown Source)
	at com.example.mail.model.Email.toString(Email.java:17)
	at java.base/java.lang.String.valueOf(Unknown Source)
	at java.base/java.lang.StringBuilder.append(Unknown Source)
	at com.example.mail.model.ContactAction.toString(ContactAction.java:15)
	at java.base/java.lang.String.valueOf(Unknown Source)
	at java.base/java.lang.StringBuilder.append(Unknown Source)
	at java.base/java.util.AbstractCollection.toString(Unknown Source)
	at org.hibernate.collection.internal.PersistentBag.toString(PersistentBag.java:622)
	at java.base/java.lang.String.valueOf(Unknown Source)
	at java.base/java.lang.StringBuilder.append(Unknown Source)
	at com.example.mail.model.Email.toString(Email.java:17)
	at java.base/java.lang.String.valueOf(Unknown Source)
	at java.base/java.lang.StringBuilder.append(Unknown Source)
	at com.example.mail.model.ContactAction.toString(ContactAction.java:15)
	at java.base/java.lang.String.valueOf(Unknown Source)
	at java.base/java.lang.StringBuilder.append(Unknown Source)
	at java.base/java.util.AbstractCollection.toString(Unknown Source)
	at org.hibernate.collection.internal.PersistentBag.toString(PersistentBag.java:622)
	at java.base/java.lang.String.valueOf(Unknown Source)
	at java.base/java.lang.StringBuilder.append(Unknown Source)
	at com.example.mail.model.Email.toString(Email.java:17)
	at java.base/java.lang.String.valueOf(Unknown Source)
	at java.base/java.lang.StringBuilder.append(Unknown Source)
	at com.example.mail.model.ContactAction.toString(ContactAction.java:15)
	at java.base/java.lang.String.valueOf(Unknown Source)
	at java.base/java.lang.StringBuilder.append(Unknown Source)
	at java.base/java.util.AbstractCollection.toString(Unknown Source)
	at org.hibernate.collection.internal.PersistentBag.toString(PersistentBag.java:622)
	at java.base/java.lang.String.valueOf(Unknown Source)
	at java.base/java.lang.StringBuilder.append(Unknown Source)
	at com.example.mail.model.Email.toString(Email.java:17)
	at java.base/java.lang.String.valueOf(Unknown Source)
	at java.base/java.lang.StringBuilder.append(Unknown Source)
	at com.example.mail.model.ContactAction.toString(ContactAction.java:15)
	at java.base/java.lang.String.valueOf(Unknown Source)
	at java.base/java.lang.StringBuilder.append(Unknown Source)
	at java.base/java.util.AbstractCollection.toString(Unknown Source)
	at org.hibernate.collection.internal.PersistentBag.toString(PersistentBag.java:622)
	at java.base/java.lang.String.valueOf(Unknown Source)
	at java.base/java.lang.StringBuilder.append(Unknown Source)
	at com.example.mail.model.Email.toString(Email.java:17)
	at java.base/java.lang.String.valueOf(Unknown Source)
	at java.base/java.lang.StringBuilder.append(Unknown Source)
	at com.example.mail.model.ContactAction.toString(ContactAction.java:15)
	at java.base/java.lang.String.valueOf(Unknown Source)
	at java.base/java.lang.StringBuilder.append(Unknown Source)
	at java.base/java.util.AbstractCollection.toString(Unknown Source)
	at org.hibernate.collection.internal.PersistentBag.toString(PersistentBag.java:622)
	at java.base/java.lang.String.valueOf(Unknown Source)
	at java.base/java.lang.StringBuilder.append(Unknown Source)
	at com.example.mail.model.Email.toString(Email.java:17)
	at java.base/java.lang.String.valueOf(Unknown Source)
	at java.base/java.lang.StringBuilder.append(Unknown Source)
	at com.example.mail.model.ContactAction.toString(ContactAction.java:15)
	at java.base/java.lang.String.valueOf(Unknown Source)
	at java.base/java.lang.StringBuilder.append(Unknown Source)
	at java.base/java.util.AbstractCollection.toString(Unknown Source)
	at org.hibernate.collection.internal.PersistentBag.toString(PersistentBag.java:622)
	at java.base/java.lang.String.valueOf(Unknown Source)
	at java.base/java.lang.StringBuilder.append(Unknown Source)
	at com.example.mail.model.Email.toString(Email.java:17)
	at java.base/java.lang.String.valueOf(Unknown Source)
	at java.base/java.lang.StringBuilder.append(Unknown Source)
	at com.example.mail.model.ContactAction.toString(ContactAction.java:15)
	at java.base/java.lang.String.valueOf(Unknown Source)
	at java.base/java.lang.StringBuilder.append(Unknown Source)
	at java.base/java.util.AbstractCollection.toString(Unknown Source)
	at org.hibernate.collection.internal.PersistentBag.toString(PersistentBag.java:622)
	at java.base/java.lang.String.valueOf(Unknown Source)
	at java.base/java.lang.StringBuilder.append(Unknown Source)
	at com.example.mail.model.Email.toString(Email.java:17)
	at java.base/java.lang.String.valueOf(Unknown Source)
	at java.base/java.lang.StringBuilder.append(Unknown Source)
	at com.example.mail.model.ContactAction.toString(ContactAction.java:15)
	at java.base/java.lang.String.valueOf(Unknown Source)
	at java.base/java.lang.StringBuilder.append(Unknown Source)
	at java.base/java.util.AbstractCollection.toString(Unknown Source)
	at org.hibernate.collection.internal.PersistentBag.toString(PersistentBag.java:622)
	at java.base/java.lang.String.valueOf(Unknown Source)
	at java.base/java.lang.StringBuilder.append(Unknown Source)
	at com.example.mail.model.Email.toString(Email.java:17)
	at java.base/java.lang.String.valueOf(Unknown Source)
	at java.base/java.lang.StringBuilder.append(Unknown Source)
	at com.example.mail.model.ContactAction.toString(ContactAction.java:15)
	at java.base/java.lang.String.valueOf(Unknown Source)
	at java.base/java.lang.StringBuilder.append(Unknown Source)
	at java.base/java.util.AbstractCollection.toString(Unknown Source)
	at org.hibernate.collection.internal.PersistentBag.toString(PersistentBag.java:622)
	at java.base/java.lang.String.valueOf(Unknown Source)
	at java.base/java.lang.StringBuilder.append(Unknown Source)
	at com.example.mail.model.Email.toString(Email.java:17)
	at java.base/java.lang.String.valueOf(Unknown Source)
	at java.base/java.lang.StringBuilder.append(Unknown Source)
	at com.example.mail.model.ContactAction.toString(ContactAction.java:15)
	at java.base/java.lang.String.valueOf(Unknown Source)
	at java.base/java.lang.StringBuilder.append(Unknown Source)
	at java.base/java.util.AbstractCollection.toString(Unknown Source)
	at org.hibernate.collection.internal.PersistentBag.toString(PersistentBag.java:622)
	at java.base/java.lang.String.valueOf(Unknown Source)
	at java.base/java.lang.StringBuilder.append(Unknown Source)
	at com.example.mail.model.Email.toString(Email.java:17)
	at java.base/java.lang.String.valueOf(Unknown Source)
	at java.base/java.lang.StringBuilder.append(Unknown Source)
	at com.example.mail.model.ContactAction.toString(ContactAction.java:15)
	at java.base/java.lang.String.valueOf(Unknown Source)
	at java.base/java.lang.StringBuilder.append(Unknown Source)
	at java.base/java.util.AbstractCollection.toString(Unknown Source)
	at org.hibernate.collection.internal.PersistentBag.toString(PersistentBag.java:622)
	at java.base/java.lang.String.valueOf(Unknown Source)
	at java.base/java.lang.StringBuilder.append(Unknown Source)
	at com.example.mail.model.Email.toString(Email.java:17)
	at java.base/java.lang.String.valueOf(Unknown Source)
	at java.base/java.lang.StringBuilder.append(Unknown Source)
	at com.example.mail.model.ContactAction.toString(ContactAction.java:15)
	at java.base/java.lang.String.valueOf(Unknown Source)
	at java.base/java.lang.StringBuilder.append(Unknown Source)
	at java.base/java.util.AbstractCollection.toString(Unknown Source)
	at org.hibernate.collection.internal.PersistentBag.toString(PersistentBag.java:622)
	at java.base/java.lang.String.valueOf(Unknown Source)
	at java.base/java.lang.StringBuilder.append(Unknown Source)
	at com.example.mail.model.Email.toString(Email.java:17)
	at java.base/java.lang.String.valueOf(Unknown Source)
	at java.base/java.lang.StringBuilder.append(Unknown Source)
	at com.example.mail.model.ContactAction.toString(ContactAction.java:15)
	at java.base/java.lang.String.valueOf(Unknown Source)
	at java.base/java.lang.StringBuilder.append(Unknown Source)
	at java.base/java.util.AbstractCollection.toString(Unknown Source)
	at org.hibernate.collection.internal.PersistentBag.toString(PersistentBag.java:622)
	at java.base/java.lang.String.valueOf(Unknown Source)
	at java.base/java.lang.StringBuilder.append(Unknown Source)
	at com.example.mail.model.Email.toString(Email.java:17)
	at java.base/java.lang.String.valueOf(Unknown Source)
	at java.base/java.lang.StringBuilder.append(Unknown Source)
	at com.example.mail.model.ContactAction.toString(ContactAction.java:15)
	at java.base/java.lang.String.valueOf(Unknown Source)
	at java.base/java.lang.StringBuilder.append(Unknown Source)
	at java.base/java.util.AbstractCollection.toString(Unknown Source)
	at org.hibernate.collection.internal.PersistentBag.toString(PersistentBag.java:622)
	at java.base/java.lang.String.valueOf(Unknown Source)
	at java.base/java.lang.StringBuilder.append(Unknown Source)
	at com.example.mail.model.Email.toString(Email.java:17)
	at java.base/java.lang.String.valueOf(Unknown Source)
	at java.base/java.lang.StringBuilder.append(Unknown Source)
	at com.example.mail.model.ContactAction.toString(ContactAction.java:15)
	at java.base/java.lang.String.valueOf(Unknown Source)
	at java.base/java.lang.StringBuilder.append(Unknown Source)
	at java.base/java.util.AbstractCollection.toString(Unknown Source)
	at org.hibernate.collection.internal.PersistentBag.toString(PersistentBag.java:622)
	at java.base/java.lang.String.valueOf(Unknown Source)
	at java.base/java.lang.StringBuilder.append(Unknown Source)
	at com.example.mail.model.Email.toString(Email.java:17)
	at java.base/java.lang.String.valueOf(Unknown Source)
	at java.base/java.lang.StringBuilder.append(Unknown Source)
	at com.example.mail.model.ContactAction.toString(ContactAction.java:15)
	at java.base/java.lang.String.valueOf(Unknown Source)
	at java.base/java.lang.StringBuilder.append(Unknown Source)
	at java.base/java.util.AbstractCollection.toString(Unknown Source)
	at org.hibernate.collection.internal.PersistentBag.toString(PersistentBag.java:622)
	at java.base/java.lang.String.valueOf(Unknown Source)
	at java.base/java.lang.StringBuilder.append(Unknown Source)
	at com.example.mail.model.Email.toString(Email.java:17)
	at java.base/java.lang.String.valueOf(Unknown Source)
	at java.base/java.lang.StringBuilder.append(Unknown Source)
	at com.example.mail.model.ContactAction.toString(ContactAction.java:15)
	at java.base/java.lang.String.valueOf(Unknown Source)
	at java.base/java.lang.StringBuilder.append(Unknown Source)
	at java.base/java.util.AbstractCollection.toString(Unknown Source)
	at org.hibernate.collection.internal.PersistentBag.toString(PersistentBag.java:622)
	at java.base/java.lang.String.valueOf(Unknown Source)
	at java.base/java.lang.StringBuilder.append(Unknown Source)
	at com.example.mail.model.Email.toString(Email.java:17)
	at java.base/java.lang.String.valueOf(Unknown Source)
	at java.base/java.lang.StringBuilder.append(Unknown Source)
	at com.example.mail.model.ContactAction.toString(ContactAction.java:15)
	at java.base/java.lang.String.valueOf(Unknown Source)
	at java.base/java.lang.StringBuilder.append(Unknown Source)
	at java.base/java.util.AbstractCollection.toString(Unknown Source)
	at org.hibernate.collection.internal.PersistentBag.toString(PersistentBag.java:622)
	at java.base/java.lang.String.valueOf(Unknown Source)
	at java.base/java.lang.StringBuilder.append(Unknown Source)
	at com.example.mail.model.Email.toString(Email.java:17)
	at java.base/java.lang.String.valueOf(Unknown Source)
	at java.base/java.lang.StringBuilder.append(Unknown Source)
	at com.example.mail.model.ContactAction.toString(ContactAction.java:15)
	at java.base/java.lang.String.valueOf(Unknown Source)
	at java.base/java.lang.StringBuilder.append(Unknown Source)
	at java.base/java.util.AbstractCollection.toString(Unknown Source)
	at org.hibernate.collection.internal.PersistentBag.toString(PersistentBag.java:622)
	at java.base/java.lang.String.valueOf(Unknown Source)
	at java.base/java.lang.StringBuilder.append(Unknown Source)
	at com.example.mail.model.Email.toString(Email.java:17)
	at java.base/java.lang.String.valueOf(Unknown Source)
	at java.base/java.lang.StringBuilder.append(Unknown Source)
	at com.example.mail.model.ContactAction.toString(ContactAction.java:15)
	at java.base/java.lang.String.valueOf(Unknown Source)
	at java.base/java.lang.StringBuilder.append(Unknown Source)
	at java.base/java.util.AbstractCollection.toString(Unknown Source)
	at org.hibernate.collection.internal.PersistentBag.toString(PersistentBag.java:622)
	at java.base/java.lang.String.valueOf(Unknown Source)
	at java.base/java.lang.StringBuilder.append(Unknown Source)
	at com.example.mail.model.Email.toString(Email.java:17)
	at java.base/java.lang.String.valueOf(Unknown Source)
	at java.base/java.lang.StringBuilder.append(Unknown Source)
	at com.example.mail.model.ContactAction.toString(ContactAction.java:15)
	at java.base/java.lang.String.valueOf(Unknown Source)
	at java.base/java.lang.StringBuilder.append(Unknown Source)
	at java.base/java.util.AbstractCollection.toString(Unknown Source)
	at org.hibernate.collection.internal.PersistentBag.toString(PersistentBag.java:622)
	at java.base/java.lang.String.valueOf(Unknown Source)
	at java.base/java.lang.StringBuilder.append(Unknown Source)
	at com.example.mail.model.Email.toString(Email.java:17)
	at java.base/java.lang.String.valueOf(Unknown Source)
	at java.base/java.lang.StringBuilder.append(Unknown Source)
	at com.example.mail.model.ContactAction.toString(ContactAction.java:15)
	at java.base/java.lang.String.valueOf(Unknown Source)
	at java.base/java.lang.StringBuilder.append(Unknown Source)
	at java.base/java.util.AbstractCollection.toString(Unknown Source)
	at org.hibernate.collection.internal.PersistentBag.toString(PersistentBag.java:622)
	at java.base/java.lang.String.valueOf(Unknown Source)
	at java.base/java.lang.StringBuilder.append(Unknown Source)
	at com.example.mail.model.Email.toString(Email.java:17)
	at java.base/java.lang.String.valueOf(Unknown Source)
	at java.base/java.lang.StringBuilder.append(Unknown Source)
	at com.example.mail.model.ContactAction.toString(ContactAction.java:15)
	at java.base/java.lang.String.valueOf(Unknown Source)
	at java.base/java.lang.StringBuilder.append(Unknown Source)
	at java.base/java.util.AbstractCollection.toString(Unknown Source)
	at org.hibernate.collection.internal.PersistentBag.toString(PersistentBag.java:622)
	at java.base/java.lang.String.valueOf(Unknown Source)
	at java.base/java.lang.StringBuilder.append(Unknown Source)
	at com.example.mail.model.Email.toString(Email.java:17)
	at java.base/java.lang.String.valueOf(Unknown Source)
	at java.base/java.lang.StringBuilder.append(Unknown Source)
	at com.example.mail.model.ContactAction.toString(ContactAction.java:15)
	at java.base/java.lang.String.valueOf(Unknown Source)
	at java.base/java.lang.StringBuilder.append(Unknown Source)
	at java.base/java.util.AbstractCollection.toString(Unknown Source)
	at org.hibernate.collection.internal.PersistentBag.toString(PersistentBag.java:622)
	at java.base/java.lang.String.valueOf(Unknown Source)
	at java.base/java.lang.StringBuilder.append(Unknown Source)
	at com.example.mail.model.Email.toString(Email.java:17)
	at java.base/java.lang.String.valueOf(Unknown Source)
	at java.base/java.lang.StringBuilder.append(Unknown Source)
	at com.example.mail.model.ContactAction.toString(ContactAction.java:15)
	at java.base/java.lang.String.valueOf(Unknown Source)
	at java.base/java.lang.StringBuilder.append(Unknown Source)
	at java.base/java.util.AbstractCollection.toString(Unknown Source)
	at org.hibernate.collection.internal.PersistentBag.toString(PersistentBag.java:622)
	at java.base/java.lang.String.valueOf(Unknown Source)
	at java.base/java.lang.StringBuilder.append(Unknown Source)
	at com.example.mail.model.Email.toString(Email.java:17)
	at java.base/java.lang.String.valueOf(Unknown Source)
	at java.base/java.lang.StringBuilder.append(Unknown Source)
	at com.example.mail.model.ContactAction.toString(ContactAction.java:15)
	at java.base/java.lang.String.valueOf(Unknown Source)
	at java.base/java.lang.StringBuilder.append(Unknown Source)
	at java.base/java.util.AbstractCollection.toString(Unknown Source)
	at org.hibernate.collection.internal.PersistentBag.toString(PersistentBag.java:622)
	at java.base/java.lang.String.valueOf(Unknown Source)
	at java.base/java.lang.StringBuilder.append(Unknown Source)
	at com.example.mail.model.Email.toString(Email.java:17)
	at java.base/java.lang.String.valueOf(Unknown Source)
	at java.base/java.lang.StringBuilder.append(Unknown Source)
	at com.example.mail.model.ContactAction.toString(ContactAction.java:15)
	at java.base/java.lang.String.valueOf(Unknown Source)
	at java.base/java.lang.StringBuilder.append(Unknown Source)
	at java.base/java.util.AbstractCollection.toString(Unknown Source)
	at org.hibernate.collection.internal.PersistentBag.toString(PersistentBag.java:622)
	at java.base/java.lang.String.valueOf(Unknown Source)
	at java.base/java.lang.StringBuilder.append(Unknown Source)
	at com.example.mail.model.Email.toString(Email.java:17)
	at java.base/java.lang.String.valueOf(Unknown Source)
	at java.base/java.lang.StringBuilder.append(Unknown Source)
	at com.example.mail.model.ContactAction.toString(ContactAction.java:15)
	at java.base/java.lang.String.valueOf(Unknown Source)
	at java.base/java.lang.StringBuilder.append(Unknown Source)
	at java.base/java.util.AbstractCollection.toString(Unknown Source)
	at org.hibernate.collection.internal.PersistentBag.toString(PersistentBag.java:622)
	at java.base/java.lang.String.valueOf(Unknown Source)
	at java.base/java.lang.StringBuilder.append(Unknown Source)
	at com.example.mail.model.Email.toString(Email.java:17)
	at java.base/java.lang.String.valueOf(Unknown Source)
	at java.base/java.lang.StringBuilder.append(Unknown Source)
	at com.example.mail.model.ContactAction.toString(ContactAction.java:15)
	at java.base/java.lang.String.valueOf(Unknown Source)
	at java.base/java.lang.StringBuilder.append(Unknown Source)
	at java.base/java.util.AbstractCollection.toString(Unknown Source)
	at org.hibernate.collection.internal.PersistentBag.toString(PersistentBag.java:622)
	at java.base/java.lang.String.valueOf(Unknown Source)
	at java.base/java.lang.StringBuilder.append(Unknown Source)
	at com.example.mail.model.Email.toString(Email.java:17)
	at java.base/java.lang.String.valueOf(Unknown Source)
	at java.base/java.lang.StringBuilder.append(Unknown Source)
	at com.example.mail.model.ContactAction.toString(ContactAction.java:15)
	at java.base/java.lang.String.valueOf(Unknown Source)
	at java.base/java.lang.StringBuilder.append(Unknown Source)
	at java.base/java.util.AbstractCollection.toString(Unknown Source)
	at org.hibernate.collection.internal.PersistentBag.toString(PersistentBag.java:622)
	at java.base/java.lang.String.valueOf(Unknown Source)
	at java.base/java.lang.StringBuilder.append(Unknown Source)
	at com.example.mail.model.Email.toString(Email.java:17)
	at java.base/java.lang.String.valueOf(Unknown Source)
	at java.base/java.lang.StringBuilder.append(Unknown Source)
	at com.example.mail.model.ContactAction.toString(ContactAction.java:15)
	at java.base/java.lang.String.valueOf(Unknown Source)
	at java.base/java.lang.StringBuilder.append(Unknown Source)
	at java.base/java.util.AbstractCollection.toString(Unknown Source)
	at org.hibernate.collection.internal.PersistentBag.toString(PersistentBag.java:622)
	at java.base/java.lang.String.valueOf(Unknown Source)
	at java.base/java.lang.StringBuilder.append(Unknown Source)
	at com.example.mail.model.Email.toString(Email.java:17)
	at java.base/java.lang.String.valueOf(Unknown Source)
	at java.base/java.lang.StringBuilder.append(Unknown Source)
	at com.example.mail.model.ContactAction.toString(ContactAction.java:15)
	at java.base/java.lang.String.valueOf(Unknown Source)
	at java.base/java.lang.StringBuilder.append(Unknown Source)
	at java.base/java.util.AbstractCollection.toString(Unknown Source)
	at org.hibernate.collection.internal.PersistentBag.toString(PersistentBag.java:622)
	at java.base/java.lang.String.valueOf(Unknown Source)
	at java.base/java.lang.StringBuilder.append(Unknown Source)
	at com.example.mail.model.Email.toString(Email.java:17)
	at java.base/java.lang.String.valueOf(Unknown Source)
	at java.base/java.lang.StringBuilder.append(Unknown Source)
	at com.example.mail.model.ContactAction.toString(ContactAction.java:15)
	at java.base/java.lang.String.valueOf(Unknown Source)
	at java.base/java.lang.StringBuilder.append(Unknown Source)
	at java.base/java.util.AbstractCollection.toString(Unknown Source)
	at org.hibernate.collection.internal.PersistentBag.toString(PersistentBag.java:622)
	at java.base/java.lang.String.valueOf(Unknown Source)
	at java.base/java.lang.StringBuilder.append(Unknown Source)
	at com.example.mail.model.Email.toString(Email.java:17)
	at java.base/java.lang.String.valueOf(Unknown Source)
	at java.base/java.lang.StringBuilder.append(Unknown Source)
	at com.example.mail.model.ContactAction.toString(ContactAction.java:15)
	at java.base/java.lang.String.valueOf(Unknown Source)
	at java.base/java.lang.StringBuilder.append(Unknown Source)
	at java.base/java.util.AbstractCollection.toString(Unknown Source)
	at org.hibernate.collection.internal.PersistentBag.toString(PersistentBag.java:622)
	at java.base/java.lang.String.valueOf(Unknown Source)
	at java.base/java.lang.StringBuilder.append(Unknown Source)
	at com.example.mail.model.Email.toString(Email.java:17)
	at java.base/java.lang.String.valueOf(Unknown Source)
	at java.base/java.lang.StringBuilder.append(Unknown Source)
	at com.example.mail.model.ContactAction.toString(ContactAction.java:15)
	at java.base/java.lang.String.valueOf(Unknown Source)
	at java.base/java.lang.StringBuilder.append(Unknown Source)
	at java.base/java.util.AbstractCollection.toString(Unknown Source)
	at org.hibernate.collection.internal.PersistentBag.toString(PersistentBag.java:622)
	at java.base/java.lang.String.valueOf(Unknown Source)
	at java.base/java.lang.StringBuilder.append(Unknown Source)
	at com.example.mail.model.Email.toString(Email.java:17)
	at java.base/java.lang.String.valueOf(Unknown Source)
	at java.base/java.lang.StringBuilder.append(Unknown Source)
	at com.example.mail.model.ContactAction.toString(ContactAction.java:15)
	at java.base/java.lang.String.valueOf(Unknown Source)
	at java.base/java.lang.StringBuilder.append(Unknown Source)
	at java.base/java.util.AbstractCollection.toString(Unknown Source)
	at org.hibernate.collection.internal.PersistentBag.toString(PersistentBag.java:622)
	at java.base/java.lang.String.valueOf(Unknown Source)
	at java.base/java.lang.StringBuilder.append(Unknown Source)
	at com.example.mail.model.Email.toString(Email.java:17)
	at java.base/java.lang.String.valueOf(Unknown Source)
	at java.base/java.lang.StringBuilder.append(Unknown Source)
	at com.example.mail.model.ContactAction.toString(ContactAction.java:15)
	at java.base/java.lang.String.valueOf(Unknown Source)
	at java.base/java.lang.StringBuilder.append(Unknown Source)
	at java.base/java.util.AbstractCollection.toString(Unknown Source)
	at org.hibernate.collection.internal.PersistentBag.toString(PersistentBag.java:622)
	at java.base/java.lang.String.valueOf(Unknown Source)
	at java.base/java.lang.StringBuilder.append(Unknown Source)
	at com.example.mail.model.Email.toString(Email.java:17)
	at java.base/java.lang.String.valueOf(Unknown Source)
	at java.base/java.lang.StringBuilder.append(Unknown Source)
	at com.example.mail.model.ContactAction.toString(ContactAction.java:15)
	at java.base/java.lang.String.valueOf(Unknown Source)
	at java.base/java.lang.StringBuilder.append(Unknown Source)
	at java.base/java.util.AbstractCollection.toString(Unknown Source)
	at org.hibernate.collection.internal.PersistentBag.toString(PersistentBag.java:622)
	at java.base/java.lang.String.valueOf(Unknown Source)
	at java.base/java.lang.StringBuilder.append(Unknown Source)
	at com.example.mail.model.Email.toString(Email.java:17)
	at java.base/java.lang.String.valueOf(Unknown Source)
	at java.base/java.lang.StringBuilder.append(Unknown Source)
	at com.example.mail.model.ContactAction.toString(ContactAction.java:15)
	at java.base/java.lang.String.valueOf(Unknown Source)
	at java.base/java.lang.StringBuilder.append(Unknown Source)
	at java.base/java.util.AbstractCollection.toString(Unknown Source)
	at org.hibernate.collection.internal.PersistentBag.toString(PersistentBag.java:622)
	at java.base/java.lang.String.valueOf(Unknown Source)
	at java.base/java.lang.StringBuilder.append(Unknown Source)
	at com.example.mail.model.Email.toString(Email.java:17)
	at java.base/java.lang.String.valueOf(Unknown Source)
	at java.base/java.lang.StringBuilder.append(Unknown Source)
	at com.example.mail.model.ContactAction.toString(ContactAction.java:15)
	at java.base/java.lang.String.valueOf(Unknown Source)
	at java.base/java.lang.StringBuilder.append(Unknown Source)
	at java.base/java.util.AbstractCollection.toString(Unknown Source)
	at org.hibernate.collection.internal.PersistentBag.toString(PersistentBag.java:622)
	at java.base/java.lang.String.valueOf(Unknown Source)
	at java.base/java.lang.StringBuilder.append(Unknown Source)
	at com.example.mail.model.Email.toString(Email.java:17)
	at java.base/java.lang.String.valueOf(Unknown Source)
	at java.base/java.lang.StringBuilder.append(Unknown Source)
	at com.example.mail.model.ContactAction.toString(ContactAction.java:15)
	at java.base/java.lang.String.valueOf(Unknown Source)
	at java.base/java.lang.StringBuilder.append(Unknown Source)
	at java.base/java.util.AbstractCollection.toString(Unknown Source)
	at org.hibernate.collection.internal.PersistentBag.toString(PersistentBag.java:622)
	at java.base/java.lang.String.valueOf(Unknown Source)
	at java.base/java.lang.StringBuilder.append(Unknown Source)
	at com.example.mail.model.Email.toString(Email.java:17)
	at java.base/java.lang.String.valueOf(Unknown Source)
	at java.base/java.lang.StringBuilder.append(Unknown Source)
	at com.example.mail.model.ContactAction.toString(ContactAction.java:15)
	at java.base/java.lang.String.valueOf(Unknown Source)
	at java.base/java.lang.StringBuilder.append(Unknown Source)
	at java.base/java.util.AbstractCollection.toString(Unknown Source)
	at org.hibernate.collection.internal.PersistentBag.toString(PersistentBag.java:622)
	at java.base/java.lang.String.valueOf(Unknown Source)
	at java.base/java.lang.StringBuilder.append(Unknown Source)
	at com.example.mail.model.Email.toString(Email.java:17)
	at java.base/java.lang.String.valueOf(Unknown Source)
	at java.base/java.lang.StringBuilder.append(Unknown Source)
	at com.example.mail.model.ContactAction.toString(ContactAction.java:15)
	at java.base/java.lang.String.valueOf(Unknown Source)
	at java.base/java.lang.StringBuilder.append(Unknown Source)
	at java.base/java.util.AbstractCollection.toString(Unknown Source)
	at org.hibernate.collection.internal.PersistentBag.toString(PersistentBag.java:622)
	at java.base/java.lang.String.valueOf(Unknown Source)
	at java.base/java.lang.StringBuilder.append(Unknown Source)
	at com.example.mail.model.Email.toString(Email.java:17)
	at java.base/java.lang.String.valueOf(Unknown Source)
	at java.base/java.lang.StringBuilder.append(Unknown Source)
	at com.example.mail.model.ContactAction.toString(ContactAction.java:15)
	at java.base/java.lang.String.valueOf(Unknown Source)
	at java.base/java.lang.StringBuilder.append(Unknown Source)
	at java.base/java.util.AbstractCollection.toString(Unknown Source)
	at org.hibernate.collection.internal.PersistentBag.toString(PersistentBag.java:622)
	at java.base/java.lang.String.valueOf(Unknown Source)
	at java.base/java.lang.StringBuilder.append(Unknown Source)
	at com.example.mail.model.Email.toString(Email.java:17)
	at java.base/java.lang.String.valueOf(Unknown Source)
	at java.base/java.lang.StringBuilder.append(Unknown Source)
	at com.example.mail.model.ContactAction.toString(ContactAction.java:15)
	at java.base/java.lang.String.valueOf(Unknown Source)
	at java.base/java.lang.StringBuilder.append(Unknown Source)
	at java.base/java.util.AbstractCollection.toString(Unknown Source)
	at org.hibernate.collection.internal.PersistentBag.toString(PersistentBag.java:622)
	at java.base/java.lang.String.valueOf(Unknown Source)
	at java.base/java.lang.StringBuilder.append(Unknown Source)
	at com.example.mail.model.Email.toString(Email.java:17)
	at java.base/java.lang.String.valueOf(Unknown Source)
	at java.base/java.lang.StringBuilder.append(Unknown Source)
	at com.example.mail.model.ContactAction.toString(ContactAction.java:15)
	at java.base/java.lang.String.valueOf(Unknown Source)
	at java.base/java.lang.StringBuilder.append(Unknown Source)
	at java.base/java.util.AbstractCollection.toString(Unknown Source)
	at org.hibernate.collection.internal.PersistentBag.toString(PersistentBag.java:622)
	at java.base/java.lang.String.valueOf(Unknown Source)
	at java.base/java.lang.StringBuilder.append(Unknown Source)
	at com.example.mail.model.Email.toString(Email.java:17)
	at java.base/java.lang.String.valueOf(Unknown Source)
	at java.base/java.lang.StringBuilder.append(Unknown Source)
	at com.example.mail.model.ContactAction.toString(ContactAction.java:15)
	at java.base/java.lang.String.valueOf(Unknown Source)
	at java.base/java.lang.StringBuilder.append(Unknown Source)
	at java.base/java.util.AbstractCollection.toString(Unknown Source)
	at org.hibernate.collection.internal.PersistentBag.toString(PersistentBag.java:622)
	at java.base/java.lang.String.valueOf(Unknown Source)
	at java.base/java.lang.StringBuilder.append(Unknown Source)
	at com.example.mail.model.Email.toString(Email.java:17)
	at java.base/java.lang.String.valueOf(Unknown Source)
	at java.base/java.lang.StringBuilder.append(Unknown Source)
	at com.example.mail.model.ContactAction.toString(ContactAction.java:15)
	at java.base/java.lang.String.valueOf(Unknown Source)
	at java.base/java.lang.StringBuilder.append(Unknown Source)
	at java.base/java.util.AbstractCollection.toString(Unknown Source)
	at org.hibernate.collection.internal.PersistentBag.toString(PersistentBag.java:622)
	at java.base/java.lang.String.valueOf(Unknown Source)
	at java.base/java.lang.StringBuilder.append(Unknown Source)
	at com.example.mail.model.Email.toString(Email.java:17)
	at java.base/java.lang.String.valueOf(Unknown Source)
	at java.base/java.lang.StringBuilder.append(Unknown Source)
	at com.example.mail.model.ContactAction.toString(ContactAction.java:15)
	at java.base/java.lang.String.valueOf(Unknown Source)
	at java.base/java.lang.StringBuilder.append(Unknown Source)
	at java.base/java.util.AbstractCollection.toString(Unknown Source)
	at org.hibernate.collection.internal.PersistentBag.toString(PersistentBag.java:622)
	at java.base/java.lang.String.valueOf(Unknown Source)
	at java.base/java.lang.StringBuilder.append(Unknown Source)
	at com.example.mail.model.Email.toString(Email.java:17)
	at java.base/java.lang.String.valueOf(Unknown Source)
	at java.base/java.lang.StringBuilder.append(Unknown Source)
	at com.example.mail.model.ContactAction.toString(ContactAction.java:15)
	at java.base/java.lang.String.valueOf(Unknown Source)
	at java.base/java.lang.StringBuilder.append(Unknown Source)
	at java.base/java.util.AbstractCollection.toString(Unknown Source)
	at org.hibernate.collection.internal.PersistentBag.toString(PersistentBag.java:622)
	at java.base/java.lang.String.valueOf(Unknown Source)
	at java.base/java.lang.StringBuilder.append(Unknown Source)
	at com.example.mail.model.Email.toString(Email.java:17)
	at java.base/java.lang.String.valueOf(Unknown Source)
	at java.base/java.lang.StringBuilder.append(Unknown Source)
	at com.example.mail.model.ContactAction.toString(ContactAction.java:15)
	at java.base/java.lang.String.valueOf(Unknown Source)
	at java.base/java.lang.StringBuilder.append(Unknown Source)
	at java.base/java.util.AbstractCollection.toString(Unknown Source)
	at org.hibernate.collection.internal.PersistentBag.toString(PersistentBag.java:622)
	at java.base/java.lang.String.valueOf(Unknown Source)
	at java.base/java.lang.StringBuilder.append(Unknown Source)
	at com.example.mail.model.Email.toString(Email.java:17)
	at java.base/java.lang.String.valueOf(Unknown Source)
	at java.base/java.lang.StringBuilder.append(Unknown Source)
	at com.example.mail.model.ContactAction.toString(ContactAction.java:15)
	at java.base/java.lang.String.valueOf(Unknown Source)
	at java.base/java.lang.StringBuilder.append(Unknown Source)
	at java.base/java.util.AbstractCollection.toString(Unknown Source)
	at org.hibernate.collection.internal.PersistentBag.toString(PersistentBag.java:622)
	at java.base/java.lang.String.valueOf(Unknown Source)
	at java.base/java.lang.StringBuilder.append(Unknown Source)
	at com.example.mail.model.Email.toString(Email.java:17)
	at java.base/java.lang.String.valueOf(Unknown Source)
	at java.base/java.lang.StringBuilder.append(Unknown Source)
	at com.example.mail.model.ContactAction.toString(ContactAction.java:15)
	at java.base/java.lang.String.valueOf(Unknown Source)
	at java.base/java.lang.StringBuilder.append(Unknown Source)
	at java.base/java.util.AbstractCollection.toString(Unknown Source)
	at org.hibernate.collection.internal.PersistentBag.toString(PersistentBag.java:622)
	at java.base/java.lang.String.valueOf(Unknown Source)
	at java.base/java.lang.StringBuilder.append(Unknown Source)
	at com.example.mail.model.Email.toString(Email.java:17)
	at java.base/java.lang.String.valueOf(Unknown Source)
	at java.base/java.lang.StringBuilder.append(Unknown Source)
	at com.example.mail.model.ContactAction.toString(ContactAction.java:15)
	at java.base/java.lang.String.valueOf(Unknown Source)
	at java.base/java.lang.StringBuilder.append(Unknown Source)
	at java.base/java.util.AbstractCollection.toString(Unknown Source)
	at org.hibernate.collection.internal.PersistentBag.toString(PersistentBag.java:622)
	at java.base/java.lang.String.valueOf(Unknown Source)
	at java.base/java.lang.StringBuilder.append(Unknown Source)
	at com.example.mail.model.Email.toString(Email.java:17)
	at java.base/java.lang.String.valueOf(Unknown Source)
	at java.base/java.lang.StringBuilder.append(Unknown Source)
	at com.example.mail.model.ContactAction.toString(ContactAction.java:15)
	at java.base/java.lang.String.valueOf(Unknown Source)
	at java.base/java.lang.StringBuilder.append(Unknown Source)
	at java.base/java.util.AbstractCollection.toString(Unknown Source)
	at org.hibernate.collection.internal.PersistentBag.toString(PersistentBag.java:622)
	at java.base/java.lang.String.valueOf(Unknown Source)
	at java.base/java.lang.StringBuilder.append(Unknown Source)
	at com.example.mail.model.Email.toString(Email.java:17)
	at java.base/java.lang.String.valueOf(Unknown Source)
	at java.base/java.lang.StringBuilder.append(Unknown Source)
	at com.example.mail.model.ContactAction.toString(ContactAction.java:15)
	at java.base/java.lang.String.valueOf(Unknown Source)
	at java.base/java.lang.StringBuilder.append(Unknown Source)
	at java.base/java.util.AbstractCollection.toString(Unknown Source)
	at org.hibernate.collection.internal.PersistentBag.toString(PersistentBag.java:622)
	at java.base/java.lang.String.valueOf(Unknown Source)
	at java.base/java.lang.StringBuilder.append(Unknown Source)
	at com.example.mail.model.Email.toString(Email.java:17)
	at java.base/java.lang.String.valueOf(Unknown Source)
	at java.base/java.lang.StringBuilder.append(Unknown Source)
	at com.example.mail.model.ContactAction.toString(ContactAction.java:15)
	at java.base/java.lang.String.valueOf(Unknown Source)
	at java.base/java.lang.StringBuilder.append(Unknown Source)
	at java.base/java.util.AbstractCollection.toString(Unknown Source)
	at org.hibernate.collection.internal.PersistentBag.toString(PersistentBag.java:622)
	at java.base/java.lang.String.valueOf(Unknown Source)
	at java.base/java.lang.StringBuilder.append(Unknown Source)
	at com.example.mail.model.Email.toString(Email.java:17)
	at java.base/java.lang.String.valueOf(Unknown Source)
	at java.base/java.lang.StringBuilder.append(Unknown Source)
	at com.example.mail.model.ContactAction.toString(ContactAction.java:15)
	at java.base/java.lang.String.valueOf(Unknown Source)
	at java.base/java.lang.StringBuilder.append(Unknown Source)
	at java.base/java.util.AbstractCollection.toString(Unknown Source)
	at org.hibernate.collection.internal.PersistentBag.toString(PersistentBag.java:622)
	at java.base/java.lang.String.valueOf(Unknown Source)
	at java.base/java.lang.StringBuilder.append(Unknown Source)
	at com.example.mail.model.Email.toString(Email.java:17)
	at java.base/java.lang.String.valueOf(Unknown Source)
	at java.base/java.lang.StringBuilder.append(Unknown Source)
	at com.example.mail.model.ContactAction.toString(ContactAction.java:15)
	at java.base/java.lang.String.valueOf(Unknown Source)
	at java.base/java.lang.StringBuilder.append(Unknown Source)
	at java.base/java.util.AbstractCollection.toString(Unknown Source)
	at org.hibernate.collection.internal.PersistentBag.toString(PersistentBag.java:622)
	at java.base/java.lang.String.valueOf(Unknown Source)
	at java.base/java.lang.StringBuilder.append(Unknown Source)
	at com.example.mail.model.Email.toString(Email.java:17)
	at java.base/java.lang.String.valueOf(Unknown Source)
	at java.base/java.lang.StringBuilder.append(Unknown Source)
	at com.example.mail.model.ContactAction.toString(ContactAction.java:15)
	at java.base/java.lang.String.valueOf(Unknown Source)
	at java.base/java.lang.StringBuilder.append(Unknown Source)
	at java.base/java.util.AbstractCollection.toString(Unknown Source)
	at org.hibernate.collection.internal.PersistentBag.toString(PersistentBag.java:622)
	at java.base/java.lang.String.valueOf(Unknown Source)
	at java.base/java.lang.StringBuilder.append(Unknown Source)
	at com.example.mail.model.Email.toString(Email.java:17)
	at java.base/java.lang.String.valueOf(Unknown Source)
	at java.base/java.lang.StringBuilder.append(Unknown Source)
	at com.example.mail.model.ContactAction.toString(ContactAction.java:15)
	at java.base/java.lang.String.valueOf(Unknown Source)
	at java.base/java.lang.StringBuilder.append(Unknown Source)
	at java.base/java.util.AbstractCollection.toString(Unknown Source)
	at org.hibernate.collection.internal.PersistentBag.toString(PersistentBag.java:622)
	at java.base/java.lang.String.valueOf(Unknown Source)
	at java.base/java.lang.StringBuilder.append(Unknown Source)
	at com.example.mail.model.Email.toString(Email.java:17)
	at java.base/java.lang.String.valueOf(Unknown Source)
	at java.base/java.lang.StringBuilder.append(Unknown Source)
	at com.example.mail.model.ContactAction.toString(ContactAction.java:15)
	at java.base/java.lang.String.valueOf(Unknown Source)
	at java.base/java.lang.StringBuilder.append(Unknown Source)
	at java.base/java.util.AbstractCollection.toString(Unknown Source)
	at org.hibernate.collection.internal.PersistentBag.toString(PersistentBag.java:622)
	at java.base/java.lang.String.valueOf(Unknown Source)
	at java.base/java.lang.StringBuilder.append(Unknown Source)
	at com.example.mail.model.Email.toString(Email.java:17)
	at java.base/java.lang.String.valueOf(Unknown Source)
	at java.base/java.lang.StringBuilder.append(Unknown Source)
	at com.example.mail.model.ContactAction.toString(ContactAction.java:15)
	at java.base/java.lang.String.valueOf(Unknown Source)
	at java.base/java.lang.StringBuilder.append(Unknown Source)
	at java.base/java.util.AbstractCollection.toString(Unknown Source)
	at org.hibernate.collection.internal.PersistentBag.toString(PersistentBag.java:622)
	at java.base/java.lang.String.valueOf(Unknown Source)
	at java.base/java.lang.StringBuilder.append(Unknown Source)
	at com.example.mail.model.Email.toString(Email.java:17)
	at java.base/java.lang.String.valueOf(Unknown Source)
	at java.base/java.lang.StringBuilder.append(Unknown Source)
	at com.example.mail.model.ContactAction.toString(ContactAction.java:15)
	at java.base/java.lang.String.valueOf(Unknown Source)
	at java.base/java.lang.StringBuilder.append(Unknown Source)
	at java.base/java.util.AbstractCollection.toString(Unknown Source)
	at org.hibernate.collection.internal.PersistentBag.toString(PersistentBag.java:622)
	at java.base/java.lang.String.valueOf(Unknown Source)
	at java.base/java.lang.StringBuilder.append(Unknown Source)
	at com.example.mail.model.Email.toString(Email.java:17)
	at java.base/java.lang.String.valueOf(Unknown Source)
	at java.base/java.lang.StringBuilder.append(Unknown Source)
	at com.example.mail.model.ContactAction.toString(ContactAction.java:15)
	at java.base/java.lang.String.valueOf(Unknown Source)
	at java.base/java.lang.StringBuilder.append(Unknown Source)
	at java.base/java.util.AbstractCollection.toString(Unknown Source)
	at org.hibernate.collection.internal.PersistentBag.toString(PersistentBag.java:622)
	at java.base/java.lang.String.valueOf(Unknown Source)
	at java.base/java.lang.StringBuilder.append(Unknown Source)
	at com.example.mail.model.Email.toString(Email.java:17)
	at java.base/java.lang.String.valueOf(Unknown Source)
	at java.base/java.lang.StringBuilder.append(Unknown Source)
	at com.example.mail.model.ContactAction.toString(ContactAction.java:15)
	at java.base/java.lang.String.valueOf(Unknown Source)
	at java.base/java.lang.StringBuilder.append(Unknown Source)
	at java.base/java.util.AbstractCollection.toString(Unknown Source)
	at org.hibernate.collection.internal.PersistentBag.toString(PersistentBag.java:622)
	at java.base/java.lang.String.valueOf(Unknown Source)
	at java.base/java.lang.StringBuilder.append(Unknown Source)
	at com.example.mail.model.Email.toString(Email.java:17)
	at java.base/java.lang.String.valueOf(Unknown Source)
	at java.base/java.lang.StringBuilder.append(Unknown Source)
	at com.example.mail.model.ContactAction.toString(ContactAction.java:15)
	at java.base/java.lang.String.valueOf(Unknown Source)
	at java.base/java.lang.StringBuilder.append(Unknown Source)
	at java.base/java.util.AbstractCollection.toString(Unknown Source)
	at org.hibernate.collection.internal.PersistentBag.toString(PersistentBag.java:622)
	at java.base/java.lang.String.valueOf(Unknown Source)
	at java.base/java.lang.StringBuilder.append(Unknown Source)
	at com.example.mail.model.Email.toString(Email.java:17)
	at java.base/java.lang.String.valueOf(Unknown Source)
	at java.base/java.lang.StringBuilder.append(Unknown Source)
	at com.example.mail.model.ContactAction.toString(ContactAction.java:15)
	at java.base/java.lang.String.valueOf(Unknown Source)
	at java.base/java.lang.StringBuilder.append(Unknown Source)
	at java.base/java.util.AbstractCollection.toString(Unknown Source)
	at org.hibernate.collection.internal.PersistentBag.toString(PersistentBag.java:622)
	at java.base/java.lang.String.valueOf(Unknown Source)
	at java.base/java.lang.StringBuilder.append(Unknown Source)
	at com.example.mail.model.Email.toString(Email.java:17)
	at java.base/java.lang.String.valueOf(Unknown Source)
	at java.base/java.lang.StringBuilder.append(Unknown Source)
	at com.example.mail.model.ContactAction.toString(ContactAction.java:15)
	at java.base/java.lang.String.valueOf(Unknown Source)
	at java.base/java.lang.StringBuilder.append(Unknown Source)
	at java.base/java.util.AbstractCollection.toString(Unknown Source)
	at org.hibernate.collection.internal.PersistentBag.toString(PersistentBag.java:622)
	at java.base/java.lang.String.valueOf(Unknown Source)
	at java.base/java.lang.StringBuilder.append(Unknown Source)
	at com.example.mail.model.Email.toString(Email.java:17)
	at java.base/java.lang.String.valueOf(Unknown Source)
	at java.base/java.lang.StringBuilder.append(Unknown Source)
	at com.example.mail.model.ContactAction.toString(ContactAction.java:15)
	at java.base/java.lang.String.valueOf(Unknown Source)
	at java.base/java.lang.StringBuilder.append(Unknown Source)
	at java.base/java.util.AbstractCollection.toString(Unknown Source)
	at org.hibernate.collection.internal.PersistentBag.toString(PersistentBag.java:622)
	at java.base/java.lang.String.valueOf(Unknown Source)
	at java.base/java.lang.StringBuilder.append(Unknown Source)
	at com.example.mail.model.Email.toString(Email.java:17)
	at java.base/java.lang.String.valueOf(Unknown Source)
	at java.base/java.lang.StringBuilder.append(Unknown Source)
	at com.example.mail.model.ContactAction.toString(ContactAction.java:15)
	at java.base/java.lang.String.valueOf(Unknown Source)
	at java.base/java.lang.StringBuilder.append(Unknown Source)
	at java.base/java.util.AbstractCollection.toString(Unknown Source)
	at org.hibernate.collection.internal.PersistentBag.toString(PersistentBag.java:622)
	at java.base/java.lang.String.valueOf(Unknown Source)
	at java.base/java.lang.StringBuilder.append(Unknown Source)
	at com.example.mail.model.Email.toString(Email.java:17)
	at java.base/java.lang.String.valueOf(Unknown Source)
	at java.base/java.lang.StringBuilder.append(Unknown Source)
	at com.example.mail.model.ContactAction.toString(ContactAction.java:15)
	at java.base/java.lang.String.valueOf(Unknown Source)
	at java.base/java.lang.StringBuilder.append(Unknown Source)
	at java.base/java.util.AbstractCollection.toString(Unknown Source)
	at org.hibernate.collection.internal.PersistentBag.toString(PersistentBag.java:622)
	at java.base/java.lang.String.valueOf(Unknown Source)
	at java.base/java.lang.StringBuilder.append(Unknown Source)
	at com.example.mail.model.Email.toString(Email.java:17)
	at java.base/java.lang.String.valueOf(Unknown Source)
	at java.base/java.lang.StringBuilder.append(Unknown Source)
	at com.example.mail.model.ContactAction.toString(ContactAction.java:15)
	at java.base/java.lang.String.valueOf(Unknown Source)
	at java.base/java.lang.StringBuilder.append(Unknown Source)
	at java.base/java.util.AbstractCollection.toString(Unknown Source)
	at org.hibernate.collection.internal.PersistentBag.toString(PersistentBag.java:622)
	at java.base/java.lang.String.valueOf(Unknown Source)
	at java.base/java.lang.StringBuilder.append(Unknown Source)
	at com.example.mail.model.Email.toString(Email.java:17)
	at java.base/java.lang.String.valueOf(Unknown Source)
	at java.base/java.lang.StringBuilder.append(Unknown Source)
	at com.example.mail.model.ContactAction.toString(ContactAction.java:15)
	at java.base/java.lang.String.valueOf(Unknown Source)
	at java.base/java.lang.StringBuilder.append(Unknown Source)
	at java.base/java.util.AbstractCollection.toString(Unknown Source)
	at org.hibernate.collection.internal.PersistentBag.toString(PersistentBag.java:622)
	at java.base/java.lang.String.valueOf(Unknown Source)
	at java.base/java.lang.StringBuilder.append(Unknown Source)
	at com.example.mail.model.Email.toString(Email.java:17)
	at java.base/java.lang.String.valueOf(Unknown Source)
	at java.base/java.lang.StringBuilder.append(Unknown Source)
	at com.example.mail.model.ContactAction.toString(ContactAction.java:15)
	at java.base/java.lang.String.valueOf(Unknown Source)
	at java.base/java.lang.StringBuilder.append(Unknown Source)
	at java.base/java.util.AbstractCollection.toString(Unknown Source)
	at org.hibernate.collection.internal.PersistentBag.toString(PersistentBag.java:622)
	at java.base/java.lang.String.valueOf(Unknown Source)
	at java.base/java.lang.StringBuilder.append(Unknown Source)
	at com.example.mail.model.Email.toString(Email.java:17)
	at java.base/java.lang.String.valueOf(Unknown Source)
	at java.base/java.lang.StringBuilder.append(Unknown Source)
26-07-21 14:02:15.775 [http-nio-8081-exec-2] ERROR o.a.c.c.C.[.[.[.[dispatcherServlet] - Servlet.service() for servlet [dispatcherServlet] in context with path [] threw exception [Handler dispatch failed; nested exception is java.lang.StackOverflowError] with root cause
java.lang.StackOverflowError: null
	at java.base/java.lang.AbstractStringBuilder.<init>(Unknown Source)
	at java.base/java.lang.StringBuilder.<init>(Unknown Source)
	at com.example.mail.model.ContactAction.toString(ContactAction.java:15)
	at java.base/java.lang.String.valueOf(Unknown Source)
	at java.base/java.lang.StringBuilder.append(Unknown Source)
	at java.base/java.util.AbstractCollection.toString(Unknown Source)
	at org.hibernate.collection.internal.PersistentBag.toString(PersistentBag.java:622)
	at java.base/java.lang.String.valueOf(Unknown Source)
	at java.base/java.lang.StringBuilder.append(Unknown Source)
	at com.example.mail.model.Email.toString(Email.java:17)
	at java.base/java.lang.String.valueOf(Unknown Source)
	at java.base/java.lang.StringBuilder.append(Unknown Source)
	at com.example.mail.model.ContactAction.toString(ContactAction.java:15)
	at java.base/java.lang.String.valueOf(Unknown Source)
	at java.base/java.lang.StringBuilder.append(Unknown Source)
	at java.base/java.util.AbstractCollection.toString(Unknown Source)
	at org.hibernate.collection.internal.PersistentBag.toString(PersistentBag.java:622)
	at java.base/java.lang.String.valueOf(Unknown Source)
	at java.base/java.lang.StringBuilder.append(Unknown Source)
	at com.example.mail.model.Email.toString(Email.java:17)
	at java.base/java.lang.String.valueOf(Unknown Source)
	at java.base/java.lang.StringBuilder.append(Unknown Source)
	at com.example.mail.model.ContactAction.toString(ContactAction.java:15)
	at java.base/java.lang.String.valueOf(Unknown Source)
	at java.base/java.lang.StringBuilder.append(Unknown Source)
	at java.base/java.util.AbstractCollection.toString(Unknown Source)
	at org.hibernate.collection.internal.PersistentBag.toString(PersistentBag.java:622)
	at java.base/java.lang.String.valueOf(Unknown Source)
	at java.base/java.lang.StringBuilder.append(Unknown Source)
	at com.example.mail.model.Email.toString(Email.java:17)
	at java.base/java.lang.String.valueOf(Unknown Source)
	at java.base/java.lang.StringBuilder.append(Unknown Source)
	at com.example.mail.model.ContactAction.toString(ContactAction.java:15)
	at java.base/java.lang.String.valueOf(Unknown Source)
	at java.base/java.lang.StringBuilder.append(Unknown Source)
	at java.base/java.util.AbstractCollection.toString(Unknown Source)
	at org.hibernate.collection.internal.PersistentBag.toString(PersistentBag.java:622)
	at java.base/java.lang.String.valueOf(Unknown Source)
	at java.base/java.lang.StringBuilder.append(Unknown Source)
	at com.example.mail.model.Email.toString(Email.java:17)
	at java.base/java.lang.String.valueOf(Unknown Source)
	at java.base/java.lang.StringBuilder.append(Unknown Source)
	at com.example.mail.model.ContactAction.toString(ContactAction.java:15)
	at java.base/java.lang.String.valueOf(Unknown Source)
	at java.base/java.lang.StringBuilder.append(Unknown Source)
	at java.base/java.util.AbstractCollection.toString(Unknown Source)
	at org.hibernate.collection.internal.PersistentBag.toString(PersistentBag.java:622)
	at java.base/java.lang.String.valueOf(Unknown Source)
	at java.base/java.lang.StringBuilder.append(Unknown Source)
	at com.example.mail.model.Email.toString(Email.java:17)
	at java.base/java.lang.String.valueOf(Unknown Source)
	at java.base/java.lang.StringBuilder.append(Unknown Source)
	at com.example.mail.model.ContactAction.toString(ContactAction.java:15)
	at java.base/java.lang.String.valueOf(Unknown Source)
	at java.base/java.lang.StringBuilder.append(Unknown Source)
	at java.base/java.util.AbstractCollection.toString(Unknown Source)
	at org.hibernate.collection.internal.PersistentBag.toString(PersistentBag.java:622)
	at java.base/java.lang.String.valueOf(Unknown Source)
	at java.base/java.lang.StringBuilder.append(Unknown Source)
	at com.example.mail.model.Email.toString(Email.java:17)
	at java.base/java.lang.String.valueOf(Unknown Source)
	at java.base/java.lang.StringBuilder.append(Unknown Source)
	at com.example.mail.model.ContactAction.toString(ContactAction.java:15)
	at java.base/java.lang.String.valueOf(Unknown Source)
	at java.base/java.lang.StringBuilder.append(Unknown Source)
	at java.base/java.util.AbstractCollection.toString(Unknown Source)
	at org.hibernate.collection.internal.PersistentBag.toString(PersistentBag.java:622)
	at java.base/java.lang.String.valueOf(Unknown Source)
	at java.base/java.lang.StringBuilder.append(Unknown Source)
	at com.example.mail.model.Email.toString(Email.java:17)
	at java.base/java.lang.String.valueOf(Unknown Source)
	at java.base/java.lang.StringBuilder.append(Unknown Source)
	at com.example.mail.model.ContactAction.toString(ContactAction.java:15)
	at java.base/java.lang.String.valueOf(Unknown Source)
	at java.base/java.lang.StringBuilder.append(Unknown Source)
	at java.base/java.util.AbstractCollection.toString(Unknown Source)
	at org.hibernate.collection.internal.PersistentBag.toString(PersistentBag.java:622)
	at java.base/java.lang.String.valueOf(Unknown Source)
	at java.base/java.lang.StringBuilder.append(Unknown Source)
	at com.example.mail.model.Email.toString(Email.java:17)
	at java.base/java.lang.String.valueOf(Unknown Source)
	at java.base/java.lang.StringBuilder.append(Unknown Source)
	at com.example.mail.model.ContactAction.toString(ContactAction.java:15)
	at java.base/java.lang.String.valueOf(Unknown Source)
	at java.base/java.lang.StringBuilder.append(Unknown Source)
	at java.base/java.util.AbstractCollection.toString(Unknown Source)
	at org.hibernate.collection.internal.PersistentBag.toString(PersistentBag.java:622)
	at java.base/java.lang.String.valueOf(Unknown Source)
	at java.base/java.lang.StringBuilder.append(Unknown Source)
	at com.example.mail.model.Email.toString(Email.java:17)
	at java.base/java.lang.String.valueOf(Unknown Source)
	at java.base/java.lang.StringBuilder.append(Unknown Source)
	at com.example.mail.model.ContactAction.toString(ContactAction.java:15)
	at java.base/java.lang.String.valueOf(Unknown Source)
	at java.base/java.lang.StringBuilder.append(Unknown Source)
	at java.base/java.util.AbstractCollection.toString(Unknown Source)
	at org.hibernate.collection.internal.PersistentBag.toString(PersistentBag.java:622)
	at java.base/java.lang.String.valueOf(Unknown Source)
	at java.base/java.lang.StringBuilder.append(Unknown Source)
	at com.example.mail.model.Email.toString(Email.java:17)
	at java.base/java.lang.String.valueOf(Unknown Source)
	at java.base/java.lang.StringBuilder.append(Unknown Source)
	at com.example.mail.model.ContactAction.toString(ContactAction.java:15)
	at java.base/java.lang.String.valueOf(Unknown Source)
	at java.base/java.lang.StringBuilder.append(Unknown Source)
	at java.base/java.util.AbstractCollection.toString(Unknown Source)
	at org.hibernate.collection.internal.PersistentBag.toString(PersistentBag.java:622)
	at java.base/java.lang.String.valueOf(Unknown Source)
	at java.base/java.lang.StringBuilder.append(Unknown Source)
	at com.example.mail.model.Email.toString(Email.java:17)
	at java.base/java.lang.String.valueOf(Unknown Source)
	at java.base/java.lang.StringBuilder.append(Unknown Source)
	at com.example.mail.model.ContactAction.toString(ContactAction.java:15)
	at java.base/java.lang.String.valueOf(Unknown Source)
	at java.base/java.lang.StringBuilder.append(Unknown Source)
	at java.base/java.util.AbstractCollection.toString(Unknown Source)
	at org.hibernate.collection.internal.PersistentBag.toString(PersistentBag.java:622)
	at java.base/java.lang.String.valueOf(Unknown Source)
	at java.base/java.lang.StringBuilder.append(Unknown Source)
	at com.example.mail.model.Email.toString(Email.java:17)
	at java.base/java.lang.String.valueOf(Unknown Source)
	at java.base/java.lang.StringBuilder.append(Unknown Source)
	at com.example.mail.model.ContactAction.toString(ContactAction.java:15)
	at java.base/java.lang.String.valueOf(Unknown Source)
	at java.base/java.lang.StringBuilder.append(Unknown Source)
	at java.base/java.util.AbstractCollection.toString(Unknown Source)
	at org.hibernate.collection.internal.PersistentBag.toString(PersistentBag.java:622)
	at java.base/java.lang.String.valueOf(Unknown Source)
	at java.base/java.lang.StringBuilder.append(Unknown Source)
	at com.example.mail.model.Email.toString(Email.java:17)
	at java.base/java.lang.String.valueOf(Unknown Source)
	at java.base/java.lang.StringBuilder.append(Unknown Source)
	at com.example.mail.model.ContactAction.toString(ContactAction.java:15)
	at java.base/java.lang.String.valueOf(Unknown Source)
	at java.base/java.lang.StringBuilder.append(Unknown Source)
	at java.base/java.util.AbstractCollection.toString(Unknown Source)
	at org.hibernate.collection.internal.PersistentBag.toString(PersistentBag.java:622)
	at java.base/java.lang.String.valueOf(Unknown Source)
	at java.base/java.lang.StringBuilder.append(Unknown Source)
	at com.example.mail.model.Email.toString(Email.java:17)
	at java.base/java.lang.String.valueOf(Unknown Source)
	at java.base/java.lang.StringBuilder.append(Unknown Source)
	at com.example.mail.model.ContactAction.toString(ContactAction.java:15)
	at java.base/java.lang.String.valueOf(Unknown Source)
	at java.base/java.lang.StringBuilder.append(Unknown Source)
	at java.base/java.util.AbstractCollection.toString(Unknown Source)
	at org.hibernate.collection.internal.PersistentBag.toString(PersistentBag.java:622)
	at java.base/java.lang.String.valueOf(Unknown Source)
	at java.base/java.lang.StringBuilder.append(Unknown Source)
	at com.example.mail.model.Email.toString(Email.java:17)
	at java.base/java.lang.String.valueOf(Unknown Source)
	at java.base/java.lang.StringBuilder.append(Unknown Source)
	at com.example.mail.model.ContactAction.toString(ContactAction.java:15)
	at java.base/java.lang.String.valueOf(Unknown Source)
	at java.base/java.lang.StringBuilder.append(Unknown Source)
	at java.base/java.util.AbstractCollection.toString(Unknown Source)
	at org.hibernate.collection.internal.PersistentBag.toString(PersistentBag.java:622)
	at java.base/java.lang.String.valueOf(Unknown Source)
	at java.base/java.lang.StringBuilder.append(Unknown Source)
	at com.example.mail.model.Email.toString(Email.java:17)
	at java.base/java.lang.String.valueOf(Unknown Source)
	at java.base/java.lang.StringBuilder.append(Unknown Source)
	at com.example.mail.model.ContactAction.toString(ContactAction.java:15)
	at java.base/java.lang.String.valueOf(Unknown Source)
	at java.base/java.lang.StringBuilder.append(Unknown Source)
	at java.base/java.util.AbstractCollection.toString(Unknown Source)
	at org.hibernate.collection.internal.PersistentBag.toString(PersistentBag.java:622)
	at java.base/java.lang.String.valueOf(Unknown Source)
	at java.base/java.lang.StringBuilder.append(Unknown Source)
	at com.example.mail.model.Email.toString(Email.java:17)
	at java.base/java.lang.String.valueOf(Unknown Source)
	at java.base/java.lang.StringBuilder.append(Unknown Source)
	at com.example.mail.model.ContactAction.toString(ContactAction.java:15)
	at java.base/java.lang.String.valueOf(Unknown Source)
	at java.base/java.lang.StringBuilder.append(Unknown Source)
	at java.base/java.util.AbstractCollection.toString(Unknown Source)
	at org.hibernate.collection.internal.PersistentBag.toString(PersistentBag.java:622)
	at java.base/java.lang.String.valueOf(Unknown Source)
	at java.base/java.lang.StringBuilder.append(Unknown Source)
	at com.example.mail.model.Email.toString(Email.java:17)
	at java.base/java.lang.String.valueOf(Unknown Source)
	at java.base/java.lang.StringBuilder.append(Unknown Source)
	at com.example.mail.model.ContactAction.toString(ContactAction.java:15)
	at java.base/java.lang.String.valueOf(Unknown Source)
	at java.base/java.lang.StringBuilder.append(Unknown Source)
	at java.base/java.util.AbstractCollection.toString(Unknown Source)
	at org.hibernate.collection.internal.PersistentBag.toString(PersistentBag.java:622)
	at java.base/java.lang.String.valueOf(Unknown Source)
	at java.base/java.lang.StringBuilder.append(Unknown Source)
	at com.example.mail.model.Email.toString(Email.java:17)
	at java.base/java.lang.String.valueOf(Unknown Source)
	at java.base/java.lang.StringBuilder.append(Unknown Source)
	at com.example.mail.model.ContactAction.toString(ContactAction.java:15)
	at java.base/java.lang.String.valueOf(Unknown Source)
	at java.base/java.lang.StringBuilder.append(Unknown Source)
	at java.base/java.util.AbstractCollection.toString(Unknown Source)
	at org.hibernate.collection.internal.PersistentBag.toString(PersistentBag.java:622)
	at java.base/java.lang.String.valueOf(Unknown Source)
	at java.base/java.lang.StringBuilder.append(Unknown Source)
	at com.example.mail.model.Email.toString(Email.java:17)
	at java.base/java.lang.String.valueOf(Unknown Source)
	at java.base/java.lang.StringBuilder.append(Unknown Source)
	at com.example.mail.model.ContactAction.toString(ContactAction.java:15)
	at java.base/java.lang.String.valueOf(Unknown Source)
	at java.base/java.lang.StringBuilder.append(Unknown Source)
	at java.base/java.util.AbstractCollection.toString(Unknown Source)
	at org.hibernate.collection.internal.PersistentBag.toString(PersistentBag.java:622)
	at java.base/java.lang.String.valueOf(Unknown Source)
	at java.base/java.lang.StringBuilder.append(Unknown Source)
	at com.example.mail.model.Email.toString(Email.java:17)
	at java.base/java.lang.String.valueOf(Unknown Source)
	at java.base/java.lang.StringBuilder.append(Unknown Source)
	at com.example.mail.model.ContactAction.toString(ContactAction.java:15)
	at java.base/java.lang.String.valueOf(Unknown Source)
	at java.base/java.lang.StringBuilder.append(Unknown Source)
	at java.base/java.util.AbstractCollection.toString(Unknown Source)
	at org.hibernate.collection.internal.PersistentBag.toString(PersistentBag.java:622)
	at java.base/java.lang.String.valueOf(Unknown Source)
	at java.base/java.lang.StringBuilder.append(Unknown Source)
	at com.example.mail.model.Email.toString(Email.java:17)
	at java.base/java.lang.String.valueOf(Unknown Source)
	at java.base/java.lang.StringBuilder.append(Unknown Source)
	at com.example.mail.model.ContactAction.toString(ContactAction.java:15)
	at java.base/java.lang.String.valueOf(Unknown Source)
	at java.base/java.lang.StringBuilder.append(Unknown Source)
	at java.base/java.util.AbstractCollection.toString(Unknown Source)
	at org.hibernate.collection.internal.PersistentBag.toString(PersistentBag.java:622)
	at java.base/java.lang.String.valueOf(Unknown Source)
	at java.base/java.lang.StringBuilder.append(Unknown Source)
	at com.example.mail.model.Email.toString(Email.java:17)
	at java.base/java.lang.String.valueOf(Unknown Source)
	at java.base/java.lang.StringBuilder.append(Unknown Source)
	at com.example.mail.model.ContactAction.toString(ContactAction.java:15)
	at java.base/java.lang.String.valueOf(Unknown Source)
	at java.base/java.lang.StringBuilder.append(Unknown Source)
	at java.base/java.util.AbstractCollection.toString(Unknown Source)
	at org.hibernate.collection.internal.PersistentBag.toString(PersistentBag.java:622)
	at java.base/java.lang.String.valueOf(Unknown Source)
	at java.base/java.lang.StringBuilder.append(Unknown Source)
	at com.example.mail.model.Email.toString(Email.java:17)
	at java.base/java.lang.String.valueOf(Unknown Source)
	at java.base/java.lang.StringBuilder.append(Unknown Source)
	at com.example.mail.model.ContactAction.toString(ContactAction.java:15)
	at java.base/java.lang.String.valueOf(Unknown Source)
	at java.base/java.lang.StringBuilder.append(Unknown Source)
	at java.base/java.util.AbstractCollection.toString(Unknown Source)
	at org.hibernate.collection.internal.PersistentBag.toString(PersistentBag.java:622)
	at java.base/java.lang.String.valueOf(Unknown Source)
	at java.base/java.lang.StringBuilder.append(Unknown Source)
	at com.example.mail.model.Email.toString(Email.java:17)
	at java.base/java.lang.String.valueOf(Unknown Source)
	at java.base/java.lang.StringBuilder.append(Unknown Source)
	at com.example.mail.model.ContactAction.toString(ContactAction.java:15)
	at java.base/java.lang.String.valueOf(Unknown Source)
	at java.base/java.lang.StringBuilder.append(Unknown Source)
	at java.base/java.util.AbstractCollection.toString(Unknown Source)
	at org.hibernate.collection.internal.PersistentBag.toString(PersistentBag.java:622)
	at java.base/java.lang.String.valueOf(Unknown Source)
	at java.base/java.lang.StringBuilder.append(Unknown Source)
	at com.example.mail.model.Email.toString(Email.java:17)
	at java.base/java.lang.String.valueOf(Unknown Source)
	at java.base/java.lang.StringBuilder.append(Unknown Source)
	at com.example.mail.model.ContactAction.toString(ContactAction.java:15)
	at java.base/java.lang.String.valueOf(Unknown Source)
	at java.base/java.lang.StringBuilder.append(Unknown Source)
	at java.base/java.util.AbstractCollection.toString(Unknown Source)
	at org.hibernate.collection.internal.PersistentBag.toString(PersistentBag.java:622)
	at java.base/java.lang.String.valueOf(Unknown Source)
	at java.base/java.lang.StringBuilder.append(Unknown Source)
	at com.example.mail.model.Email.toString(Email.java:17)
	at java.base/java.lang.String.valueOf(Unknown Source)
	at java.base/java.lang.StringBuilder.append(Unknown Source)
	at com.example.mail.model.ContactAction.toString(ContactAction.java:15)
	at java.base/java.lang.String.valueOf(Unknown Source)
	at java.base/java.lang.StringBuilder.append(Unknown Source)
	at java.base/java.util.AbstractCollection.toString(Unknown Source)
	at org.hibernate.collection.internal.PersistentBag.toString(PersistentBag.java:622)
	at java.base/java.lang.String.valueOf(Unknown Source)
	at java.base/java.lang.StringBuilder.append(Unknown Source)
	at com.example.mail.model.Email.toString(Email.java:17)
	at java.base/java.lang.String.valueOf(Unknown Source)
	at java.base/java.lang.StringBuilder.append(Unknown Source)
	at com.example.mail.model.ContactAction.toString(ContactAction.java:15)
	at java.base/java.lang.String.valueOf(Unknown Source)
	at java.base/java.lang.StringBuilder.append(Unknown Source)
	at java.base/java.util.AbstractCollection.toString(Unknown Source)
	at org.hibernate.collection.internal.PersistentBag.toString(PersistentBag.java:622)
	at java.base/java.lang.String.valueOf(Unknown Source)
	at java.base/java.lang.StringBuilder.append(Unknown Source)
	at com.example.mail.model.Email.toString(Email.java:17)
	at java.base/java.lang.String.valueOf(Unknown Source)
	at java.base/java.lang.StringBuilder.append(Unknown Source)
	at com.example.mail.model.ContactAction.toString(ContactAction.java:15)
	at java.base/java.lang.String.valueOf(Unknown Source)
	at java.base/java.lang.StringBuilder.append(Unknown Source)
	at java.base/java.util.AbstractCollection.toString(Unknown Source)
	at org.hibernate.collection.internal.PersistentBag.toString(PersistentBag.java:622)
	at java.base/java.lang.String.valueOf(Unknown Source)
	at java.base/java.lang.StringBuilder.append(Unknown Source)
	at com.example.mail.model.Email.toString(Email.java:17)
	at java.base/java.lang.String.valueOf(Unknown Source)
	at java.base/java.lang.StringBuilder.append(Unknown Source)
	at com.example.mail.model.ContactAction.toString(ContactAction.java:15)
	at java.base/java.lang.String.valueOf(Unknown Source)
	at java.base/java.lang.StringBuilder.append(Unknown Source)
	at java.base/java.util.AbstractCollection.toString(Unknown Source)
	at org.hibernate.collection.internal.PersistentBag.toString(PersistentBag.java:622)
	at java.base/java.lang.String.valueOf(Unknown Source)
	at java.base/java.lang.StringBuilder.append(Unknown Source)
	at com.example.mail.model.Email.toString(Email.java:17)
	at java.base/java.lang.String.valueOf(Unknown Source)
	at java.base/java.lang.StringBuilder.append(Unknown Source)
	at com.example.mail.model.ContactAction.toString(ContactAction.java:15)
	at java.base/java.lang.String.valueOf(Unknown Source)
	at java.base/java.lang.StringBuilder.append(Unknown Source)
	at java.base/java.util.AbstractCollection.toString(Unknown Source)
	at org.hibernate.collection.internal.PersistentBag.toString(PersistentBag.java:622)
	at java.base/java.lang.String.valueOf(Unknown Source)
	at java.base/java.lang.StringBuilder.append(Unknown Source)
	at com.example.mail.model.Email.toString(Email.java:17)
	at java.base/java.lang.String.valueOf(Unknown Source)
	at java.base/java.lang.StringBuilder.append(Unknown Source)
	at com.example.mail.model.ContactAction.toString(ContactAction.java:15)
	at java.base/java.lang.String.valueOf(Unknown Source)
	at java.base/java.lang.StringBuilder.append(Unknown Source)
	at java.base/java.util.AbstractCollection.toString(Unknown Source)
	at org.hibernate.collection.internal.PersistentBag.toString(PersistentBag.java:622)
	at java.base/java.lang.String.valueOf(Unknown Source)
	at java.base/java.lang.StringBuilder.append(Unknown Source)
	at com.example.mail.model.Email.toString(Email.java:17)
	at java.base/java.lang.String.valueOf(Unknown Source)
	at java.base/java.lang.StringBuilder.append(Unknown Source)
	at com.example.mail.model.ContactAction.toString(ContactAction.java:15)
	at java.base/java.lang.String.valueOf(Unknown Source)
	at java.base/java.lang.StringBuilder.append(Unknown Source)
	at java.base/java.util.AbstractCollection.toString(Unknown Source)
	at org.hibernate.collection.internal.PersistentBag.toString(PersistentBag.java:622)
	at java.base/java.lang.String.valueOf(Unknown Source)
	at java.base/java.lang.StringBuilder.append(Unknown Source)
	at com.example.mail.model.Email.toString(Email.java:17)
	at java.base/java.lang.String.valueOf(Unknown Source)
	at java.base/java.lang.StringBuilder.append(Unknown Source)
	at com.example.mail.model.ContactAction.toString(ContactAction.java:15)
	at java.base/java.lang.String.valueOf(Unknown Source)
	at java.base/java.lang.StringBuilder.append(Unknown Source)
	at java.base/java.util.AbstractCollection.toString(Unknown Source)
	at org.hibernate.collection.internal.PersistentBag.toString(PersistentBag.java:622)
	at java.base/java.lang.String.valueOf(Unknown Source)
	at java.base/java.lang.StringBuilder.append(Unknown Source)
	at com.example.mail.model.Email.toString(Email.java:17)
	at java.base/java.lang.String.valueOf(Unknown Source)
	at java.base/java.lang.StringBuilder.append(Unknown Source)
	at com.example.mail.model.ContactAction.toString(ContactAction.java:15)
	at java.base/java.lang.String.valueOf(Unknown Source)
	at java.base/java.lang.StringBuilder.append(Unknown Source)
	at java.base/java.util.AbstractCollection.toString(Unknown Source)
	at org.hibernate.collection.internal.PersistentBag.toString(PersistentBag.java:622)
	at java.base/java.lang.String.valueOf(Unknown Source)
	at java.base/java.lang.StringBuilder.append(Unknown Source)
	at com.example.mail.model.Email.toString(Email.java:17)
	at java.base/java.lang.String.valueOf(Unknown Source)
	at java.base/java.lang.StringBuilder.append(Unknown Source)
	at com.example.mail.model.ContactAction.toString(ContactAction.java:15)
	at java.base/java.lang.String.valueOf(Unknown Source)
	at java.base/java.lang.StringBuilder.append(Unknown Source)
	at java.base/java.util.AbstractCollection.toString(Unknown Source)
	at org.hibernate.collection.internal.PersistentBag.toString(PersistentBag.java:622)
	at java.base/java.lang.String.valueOf(Unknown Source)
	at java.base/java.lang.StringBuilder.append(Unknown Source)
	at com.example.mail.model.Email.toString(Email.java:17)
	at java.base/java.lang.String.valueOf(Unknown Source)
	at java.base/java.lang.StringBuilder.append(Unknown Source)
	at com.example.mail.model.ContactAction.toString(ContactAction.java:15)
	at java.base/java.lang.String.valueOf(Unknown Source)
	at java.base/java.lang.StringBuilder.append(Unknown Source)
	at java.base/java.util.AbstractCollection.toString(Unknown Source)
	at org.hibernate.collection.internal.PersistentBag.toString(PersistentBag.java:622)
	at java.base/java.lang.String.valueOf(Unknown Source)
	at java.base/java.lang.StringBuilder.append(Unknown Source)
	at com.example.mail.model.Email.toString(Email.java:17)
	at java.base/java.lang.String.valueOf(Unknown Source)
	at java.base/java.lang.StringBuilder.append(Unknown Source)
	at com.example.mail.model.ContactAction.toString(ContactAction.java:15)
	at java.base/java.lang.String.valueOf(Unknown Source)
	at java.base/java.lang.StringBuilder.append(Unknown Source)
	at java.base/java.util.AbstractCollection.toString(Unknown Source)
	at org.hibernate.collection.internal.PersistentBag.toString(PersistentBag.java:622)
	at java.base/java.lang.String.valueOf(Unknown Source)
	at java.base/java.lang.StringBuilder.append(Unknown Source)
	at com.example.mail.model.Email.toString(Email.java:17)
	at java.base/java.lang.String.valueOf(Unknown Source)
	at java.base/java.lang.StringBuilder.append(Unknown Source)
	at com.example.mail.model.ContactAction.toString(ContactAction.java:15)
	at java.base/java.lang.String.valueOf(Unknown Source)
	at java.base/java.lang.StringBuilder.append(Unknown Source)
	at java.base/java.util.AbstractCollection.toString(Unknown Source)
	at org.hibernate.collection.internal.PersistentBag.toString(PersistentBag.java:622)
	at java.base/java.lang.String.valueOf(Unknown Source)
	at java.base/java.lang.StringBuilder.append(Unknown Source)
	at com.example.mail.model.Email.toString(Email.java:17)
	at java.base/java.lang.String.valueOf(Unknown Source)
	at java.base/java.lang.StringBuilder.append(Unknown Source)
	at com.example.mail.model.ContactAction.toString(ContactAction.java:15)
	at java.base/java.lang.String.valueOf(Unknown Source)
	at java.base/java.lang.StringBuilder.append(Unknown Source)
	at java.base/java.util.AbstractCollection.toString(Unknown Source)
	at org.hibernate.collection.internal.PersistentBag.toString(PersistentBag.java:622)
	at java.base/java.lang.String.valueOf(Unknown Source)
	at java.base/java.lang.StringBuilder.append(Unknown Source)
	at com.example.mail.model.Email.toString(Email.java:17)
	at java.base/java.lang.String.valueOf(Unknown Source)
	at java.base/java.lang.StringBuilder.append(Unknown Source)
	at com.example.mail.model.ContactAction.toString(ContactAction.java:15)
	at java.base/java.lang.String.valueOf(Unknown Source)
	at java.base/java.lang.StringBuilder.append(Unknown Source)
	at java.base/java.util.AbstractCollection.toString(Unknown Source)
	at org.hibernate.collection.internal.PersistentBag.toString(PersistentBag.java:622)
	at java.base/java.lang.String.valueOf(Unknown Source)
	at java.base/java.lang.StringBuilder.append(Unknown Source)
	at com.example.mail.model.Email.toString(Email.java:17)
	at java.base/java.lang.String.valueOf(Unknown Source)
	at java.base/java.lang.StringBuilder.append(Unknown Source)
	at com.example.mail.model.ContactAction.toString(ContactAction.java:15)
	at java.base/java.lang.String.valueOf(Unknown Source)
	at java.base/java.lang.StringBuilder.append(Unknown Source)
	at java.base/java.util.AbstractCollection.toString(Unknown Source)
	at org.hibernate.collection.internal.PersistentBag.toString(PersistentBag.java:622)
	at java.base/java.lang.String.valueOf(Unknown Source)
	at java.base/java.lang.StringBuilder.append(Unknown Source)
	at com.example.mail.model.Email.toString(Email.java:17)
	at java.base/java.lang.String.valueOf(Unknown Source)
	at java.base/java.lang.StringBuilder.append(Unknown Source)
	at com.example.mail.model.ContactAction.toString(ContactAction.java:15)
	at java.base/java.lang.String.valueOf(Unknown Source)
	at java.base/java.lang.StringBuilder.append(Unknown Source)
	at java.base/java.util.AbstractCollection.toString(Unknown Source)
	at org.hibernate.collection.internal.PersistentBag.toString(PersistentBag.java:622)
	at java.base/java.lang.String.valueOf(Unknown Source)
	at java.base/java.lang.StringBuilder.append(Unknown Source)
	at com.example.mail.model.Email.toString(Email.java:17)
	at java.base/java.lang.String.valueOf(Unknown Source)
	at java.base/java.lang.StringBuilder.append(Unknown Source)
	at com.example.mail.model.ContactAction.toString(ContactAction.java:15)
	at java.base/java.lang.String.valueOf(Unknown Source)
	at java.base/java.lang.StringBuilder.append(Unknown Source)
	at java.base/java.util.AbstractCollection.toString(Unknown Source)
	at org.hibernate.collection.internal.PersistentBag.toString(PersistentBag.java:622)
	at java.base/java.lang.String.valueOf(Unknown Source)
	at java.base/java.lang.StringBuilder.append(Unknown Source)
	at com.example.mail.model.Email.toString(Email.java:17)
	at java.base/java.lang.String.valueOf(Unknown Source)
	at java.base/java.lang.StringBuilder.append(Unknown Source)
	at com.example.mail.model.ContactAction.toString(ContactAction.java:15)
	at java.base/java.lang.String.valueOf(Unknown Source)
	at java.base/java.lang.StringBuilder.append(Unknown Source)
	at java.base/java.util.AbstractCollection.toString(Unknown Source)
	at org.hibernate.collection.internal.PersistentBag.toString(PersistentBag.java:622)
	at java.base/java.lang.String.valueOf(Unknown Source)
	at java.base/java.lang.StringBuilder.append(Unknown Source)
	at com.example.mail.model.Email.toString(Email.java:17)
	at java.base/java.lang.String.valueOf(Unknown Source)
	at java.base/java.lang.StringBuilder.append(Unknown Source)
	at com.example.mail.model.ContactAction.toString(ContactAction.java:15)
	at java.base/java.lang.String.valueOf(Unknown Source)
	at java.base/java.lang.StringBuilder.append(Unknown Source)
	at java.base/java.util.AbstractCollection.toString(Unknown Source)
	at org.hibernate.collection.internal.PersistentBag.toString(PersistentBag.java:622)
	at java.base/java.lang.String.valueOf(Unknown Source)
	at java.base/java.lang.StringBuilder.append(Unknown Source)
	at com.example.mail.model.Email.toString(Email.java:17)
	at java.base/java.lang.String.valueOf(Unknown Source)
	at java.base/java.lang.StringBuilder.append(Unknown Source)
	at com.example.mail.model.ContactAction.toString(ContactAction.java:15)
	at java.base/java.lang.String.valueOf(Unknown Source)
	at java.base/java.lang.StringBuilder.append(Unknown Source)
	at java.base/java.util.AbstractCollection.toString(Unknown Source)
	at org.hibernate.collection.internal.PersistentBag.toString(PersistentBag.java:622)
	at java.base/java.lang.String.valueOf(Unknown Source)
	at java.base/java.lang.StringBuilder.append(Unknown Source)
	at com.example.mail.model.Email.toString(Email.java:17)
	at java.base/java.lang.String.valueOf(Unknown Source)
	at java.base/java.lang.StringBuilder.append(Unknown Source)
	at com.example.mail.model.ContactAction.toString(ContactAction.java:15)
	at java.base/java.lang.String.valueOf(Unknown Source)
	at java.base/java.lang.StringBuilder.append(Unknown Source)
	at java.base/java.util.AbstractCollection.toString(Unknown Source)
	at org.hibernate.collection.internal.PersistentBag.toString(PersistentBag.java:622)
	at java.base/java.lang.String.valueOf(Unknown Source)
	at java.base/java.lang.StringBuilder.append(Unknown Source)
	at com.example.mail.model.Email.toString(Email.java:17)
	at java.base/java.lang.String.valueOf(Unknown Source)
	at java.base/java.lang.StringBuilder.append(Unknown Source)
	at com.example.mail.model.ContactAction.toString(ContactAction.java:15)
	at java.base/java.lang.String.valueOf(Unknown Source)
	at java.base/java.lang.StringBuilder.append(Unknown Source)
	at java.base/java.util.AbstractCollection.toString(Unknown Source)
	at org.hibernate.collection.internal.PersistentBag.toString(PersistentBag.java:622)
	at java.base/java.lang.String.valueOf(Unknown Source)
	at java.base/java.lang.StringBuilder.append(Unknown Source)
	at com.example.mail.model.Email.toString(Email.java:17)
	at java.base/java.lang.String.valueOf(Unknown Source)
	at java.base/java.lang.StringBuilder.append(Unknown Source)
	at com.example.mail.model.ContactAction.toString(ContactAction.java:15)
	at java.base/java.lang.String.valueOf(Unknown Source)
	at java.base/java.lang.StringBuilder.append(Unknown Source)
	at java.base/java.util.AbstractCollection.toString(Unknown Source)
	at org.hibernate.collection.internal.PersistentBag.toString(PersistentBag.java:622)
	at java.base/java.lang.String.valueOf(Unknown Source)
	at java.base/java.lang.StringBuilder.append(Unknown Source)
	at com.example.mail.model.Email.toString(Email.java:17)
	at java.base/java.lang.String.valueOf(Unknown Source)
	at java.base/java.lang.StringBuilder.append(Unknown Source)
	at com.example.mail.model.ContactAction.toString(ContactAction.java:15)
	at java.base/java.lang.String.valueOf(Unknown Source)
	at java.base/java.lang.StringBuilder.append(Unknown Source)
	at java.base/java.util.AbstractCollection.toString(Unknown Source)
	at org.hibernate.collection.internal.PersistentBag.toString(PersistentBag.java:622)
	at java.base/java.lang.String.valueOf(Unknown Source)
	at java.base/java.lang.StringBuilder.append(Unknown Source)
	at com.example.mail.model.Email.toString(Email.java:17)
	at java.base/java.lang.String.valueOf(Unknown Source)
	at java.base/java.lang.StringBuilder.append(Unknown Source)
	at com.example.mail.model.ContactAction.toString(ContactAction.java:15)
	at java.base/java.lang.String.valueOf(Unknown Source)
	at java.base/java.lang.StringBuilder.append(Unknown Source)
	at java.base/java.util.AbstractCollection.toString(Unknown Source)
	at org.hibernate.collection.internal.PersistentBag.toString(PersistentBag.java:622)
	at java.base/java.lang.String.valueOf(Unknown Source)
	at java.base/java.lang.StringBuilder.append(Unknown Source)
	at com.example.mail.model.Email.toString(Email.java:17)
	at java.base/java.lang.String.valueOf(Unknown Source)
	at java.base/java.lang.StringBuilder.append(Unknown Source)
	at com.example.mail.model.ContactAction.toString(ContactAction.java:15)
	at java.base/java.lang.String.valueOf(Unknown Source)
	at java.base/java.lang.StringBuilder.append(Unknown Source)
	at java.base/java.util.AbstractCollection.toString(Unknown Source)
	at org.hibernate.collection.internal.PersistentBag.toString(PersistentBag.java:622)
	at java.base/java.lang.String.valueOf(Unknown Source)
	at java.base/java.lang.StringBuilder.append(Unknown Source)
	at com.example.mail.model.Email.toString(Email.java:17)
	at java.base/java.lang.String.valueOf(Unknown Source)
	at java.base/java.lang.StringBuilder.append(Unknown Source)
	at com.example.mail.model.ContactAction.toString(ContactAction.java:15)
	at java.base/java.lang.String.valueOf(Unknown Source)
	at java.base/java.lang.StringBuilder.append(Unknown Source)
	at java.base/java.util.AbstractCollection.toString(Unknown Source)
	at org.hibernate.collection.internal.PersistentBag.toString(PersistentBag.java:622)
	at java.base/java.lang.String.valueOf(Unknown Source)
	at java.base/java.lang.StringBuilder.append(Unknown Source)
	at com.example.mail.model.Email.toString(Email.java:17)
	at java.base/java.lang.String.valueOf(Unknown Source)
	at java.base/java.lang.StringBuilder.append(Unknown Source)
	at com.example.mail.model.ContactAction.toString(ContactAction.java:15)
	at java.base/java.lang.String.valueOf(Unknown Source)
	at java.base/java.lang.StringBuilder.append(Unknown Source)
	at java.base/java.util.AbstractCollection.toString(Unknown Source)
	at org.hibernate.collection.internal.PersistentBag.toString(PersistentBag.java:622)
	at java.base/java.lang.String.valueOf(Unknown Source)
	at java.base/java.lang.StringBuilder.append(Unknown Source)
	at com.example.mail.model.Email.toString(Email.java:17)
	at java.base/java.lang.String.valueOf(Unknown Source)
	at java.base/java.lang.StringBuilder.append(Unknown Source)
	at com.example.mail.model.ContactAction.toString(ContactAction.java:15)
	at java.base/java.lang.String.valueOf(Unknown Source)
	at java.base/java.lang.StringBuilder.append(Unknown Source)
	at java.base/java.util.AbstractCollection.toString(Unknown Source)
	at org.hibernate.collection.internal.PersistentBag.toString(PersistentBag.java:622)
	at java.base/java.lang.String.valueOf(Unknown Source)
	at java.base/java.lang.StringBuilder.append(Unknown Source)
	at com.example.mail.model.Email.toString(Email.java:17)
	at java.base/java.lang.String.valueOf(Unknown Source)
	at java.base/java.lang.StringBuilder.append(Unknown Source)
	at com.example.mail.model.ContactAction.toString(ContactAction.java:15)
	at java.base/java.lang.String.valueOf(Unknown Source)
	at java.base/java.lang.StringBuilder.append(Unknown Source)
	at java.base/java.util.AbstractCollection.toString(Unknown Source)
	at org.hibernate.collection.internal.PersistentBag.toString(PersistentBag.java:622)
	at java.base/java.lang.String.valueOf(Unknown Source)
	at java.base/java.lang.StringBuilder.append(Unknown Source)
	at com.example.mail.model.Email.toString(Email.java:17)
	at java.base/java.lang.String.valueOf(Unknown Source)
	at java.base/java.lang.StringBuilder.append(Unknown Source)
	at com.example.mail.model.ContactAction.toString(ContactAction.java:15)
	at java.base/java.lang.String.valueOf(Unknown Source)
	at java.base/java.lang.StringBuilder.append(Unknown Source)
	at java.base/java.util.AbstractCollection.toString(Unknown Source)
	at org.hibernate.collection.internal.PersistentBag.toString(PersistentBag.java:622)
	at java.base/java.lang.String.valueOf(Unknown Source)
	at java.base/java.lang.StringBuilder.append(Unknown Source)
	at com.example.mail.model.Email.toString(Email.java:17)
	at java.base/java.lang.String.valueOf(Unknown Source)
	at java.base/java.lang.StringBuilder.append(Unknown Source)
	at com.example.mail.model.ContactAction.toString(ContactAction.java:15)
	at java.base/java.lang.String.valueOf(Unknown Source)
	at java.base/java.lang.StringBuilder.append(Unknown Source)
	at java.base/java.util.AbstractCollection.toString(Unknown Source)
	at org.hibernate.collection.internal.PersistentBag.toString(PersistentBag.java:622)
	at java.base/java.lang.String.valueOf(Unknown Source)
	at java.base/java.lang.StringBuilder.append(Unknown Source)
	at com.example.mail.model.Email.toString(Email.java:17)
	at java.base/java.lang.String.valueOf(Unknown Source)
	at java.base/java.lang.StringBuilder.append(Unknown Source)
	at com.example.mail.model.ContactAction.toString(ContactAction.java:15)
	at java.base/java.lang.String.valueOf(Unknown Source)
	at java.base/java.lang.StringBuilder.append(Unknown Source)
	at java.base/java.util.AbstractCollection.toString(Unknown Source)
	at org.hibernate.collection.internal.PersistentBag.toString(PersistentBag.java:622)
	at java.base/java.lang.String.valueOf(Unknown Source)
	at java.base/java.lang.StringBuilder.append(Unknown Source)
	at com.example.mail.model.Email.toString(Email.java:17)
	at java.base/java.lang.String.valueOf(Unknown Source)
	at java.base/java.lang.StringBuilder.append(Unknown Source)
	at com.example.mail.model.ContactAction.toString(ContactAction.java:15)
	at java.base/java.lang.String.valueOf(Unknown Source)
	at java.base/java.lang.StringBuilder.append(Unknown Source)
	at java.base/java.util.AbstractCollection.toString(Unknown Source)
	at org.hibernate.collection.internal.PersistentBag.toString(PersistentBag.java:622)
	at java.base/java.lang.String.valueOf(Unknown Source)
	at java.base/java.lang.StringBuilder.append(Unknown Source)
	at com.example.mail.model.Email.toString(Email.java:17)
	at java.base/java.lang.String.valueOf(Unknown Source)
	at java.base/java.lang.StringBuilder.append(Unknown Source)
	at com.example.mail.model.ContactAction.toString(ContactAction.java:15)
	at java.base/java.lang.String.valueOf(Unknown Source)
	at java.base/java.lang.StringBuilder.append(Unknown Source)
	at java.base/java.util.AbstractCollection.toString(Unknown Source)
	at org.hibernate.collection.internal.PersistentBag.toString(PersistentBag.java:622)
	at java.base/java.lang.String.valueOf(Unknown Source)
	at java.base/java.lang.StringBuilder.append(Unknown Source)
	at com.example.mail.model.Email.toString(Email.java:17)
	at java.base/java.lang.String.valueOf(Unknown Source)
	at java.base/java.lang.StringBuilder.append(Unknown Source)
	at com.example.mail.model.ContactAction.toString(ContactAction.java:15)
	at java.base/java.lang.String.valueOf(Unknown Source)
	at java.base/java.lang.StringBuilder.append(Unknown Source)
	at java.base/java.util.AbstractCollection.toString(Unknown Source)
	at org.hibernate.collection.internal.PersistentBag.toString(PersistentBag.java:622)
	at java.base/java.lang.String.valueOf(Unknown Source)
	at java.base/java.lang.StringBuilder.append(Unknown Source)
	at com.example.mail.model.Email.toString(Email.java:17)
	at java.base/java.lang.String.valueOf(Unknown Source)
	at java.base/java.lang.StringBuilder.append(Unknown Source)
	at com.example.mail.model.ContactAction.toString(ContactAction.java:15)
	at java.base/java.lang.String.valueOf(Unknown Source)
	at java.base/java.lang.StringBuilder.append(Unknown Source)
	at java.base/java.util.AbstractCollection.toString(Unknown Source)
	at org.hibernate.collection.internal.PersistentBag.toString(PersistentBag.java:622)
	at java.base/java.lang.String.valueOf(Unknown Source)
	at java.base/java.lang.StringBuilder.append(Unknown Source)
	at com.example.mail.model.Email.toString(Email.java:17)
	at java.base/java.lang.String.valueOf(Unknown Source)
	at java.base/java.lang.StringBuilder.append(Unknown Source)
	at com.example.mail.model.ContactAction.toString(ContactAction.java:15)
	at java.base/java.lang.String.valueOf(Unknown Source)
	at java.base/java.lang.StringBuilder.append(Unknown Source)
	at java.base/java.util.AbstractCollection.toString(Unknown Source)
	at org.hibernate.collection.internal.PersistentBag.toString(PersistentBag.java:622)
	at java.base/java.lang.String.valueOf(Unknown Source)
	at java.base/java.lang.StringBuilder.append(Unknown Source)
	at com.example.mail.model.Email.toString(Email.java:17)
	at java.base/java.lang.String.valueOf(Unknown Source)
	at java.base/java.lang.StringBuilder.append(Unknown Source)
	at com.example.mail.model.ContactAction.toString(ContactAction.java:15)
	at java.base/java.lang.String.valueOf(Unknown Source)
	at java.base/java.lang.StringBuilder.append(Unknown Source)
	at java.base/java.util.AbstractCollection.toString(Unknown Source)
	at org.hibernate.collection.internal.PersistentBag.toString(PersistentBag.java:622)
	at java.base/java.lang.String.valueOf(Unknown Source)
	at java.base/java.lang.StringBuilder.append(Unknown Source)
	at com.example.mail.model.Email.toString(Email.java:17)
	at java.base/java.lang.String.valueOf(Unknown Source)
	at java.base/java.lang.StringBuilder.append(Unknown Source)
	at com.example.mail.model.ContactAction.toString(ContactAction.java:15)
	at java.base/java.lang.String.valueOf(Unknown Source)
	at java.base/java.lang.StringBuilder.append(Unknown Source)
	at java.base/java.util.AbstractCollection.toString(Unknown Source)
	at org.hibernate.collection.internal.PersistentBag.toString(PersistentBag.java:622)
	at java.base/java.lang.String.valueOf(Unknown Source)
	at java.base/java.lang.StringBuilder.append(Unknown Source)
	at com.example.mail.model.Email.toString(Email.java:17)
	at java.base/java.lang.String.valueOf(Unknown Source)
	at java.base/java.lang.StringBuilder.append(Unknown Source)
	at com.example.mail.model.ContactAction.toString(ContactAction.java:15)
	at java.base/java.lang.String.valueOf(Unknown Source)
	at java.base/java.lang.StringBuilder.append(Unknown Source)
	at java.base/java.util.AbstractCollection.toString(Unknown Source)
	at org.hibernate.collection.internal.PersistentBag.toString(PersistentBag.java:622)
	at java.base/java.lang.String.valueOf(Unknown Source)
	at java.base/java.lang.StringBuilder.append(Unknown Source)
	at com.example.mail.model.Email.toString(Email.java:17)
	at java.base/java.lang.String.valueOf(Unknown Source)
	at java.base/java.lang.StringBuilder.append(Unknown Source)
	at com.example.mail.model.ContactAction.toString(ContactAction.java:15)
	at java.base/java.lang.String.valueOf(Unknown Source)
	at java.base/java.lang.StringBuilder.append(Unknown Source)
	at java.base/java.util.AbstractCollection.toString(Unknown Source)
	at org.hibernate.collection.internal.PersistentBag.toString(PersistentBag.java:622)
	at java.base/java.lang.String.valueOf(Unknown Source)
	at java.base/java.lang.StringBuilder.append(Unknown Source)
	at com.example.mail.model.Email.toString(Email.java:17)
	at java.base/java.lang.String.valueOf(Unknown Source)
	at java.base/java.lang.StringBuilder.append(Unknown Source)
	at com.example.mail.model.ContactAction.toString(ContactAction.java:15)
	at java.base/java.lang.String.valueOf(Unknown Source)
	at java.base/java.lang.StringBuilder.append(Unknown Source)
	at java.base/java.util.AbstractCollection.toString(Unknown Source)
	at org.hibernate.collection.internal.PersistentBag.toString(PersistentBag.java:622)
	at java.base/java.lang.String.valueOf(Unknown Source)
	at java.base/java.lang.StringBuilder.append(Unknown Source)
	at com.example.mail.model.Email.toString(Email.java:17)
	at java.base/java.lang.String.valueOf(Unknown Source)
	at java.base/java.lang.StringBuilder.append(Unknown Source)
	at com.example.mail.model.ContactAction.toString(ContactAction.java:15)
	at java.base/java.lang.String.valueOf(Unknown Source)
	at java.base/java.lang.StringBuilder.append(Unknown Source)
	at java.base/java.util.AbstractCollection.toString(Unknown Source)
	at org.hibernate.collection.internal.PersistentBag.toString(PersistentBag.java:622)
	at java.base/java.lang.String.valueOf(Unknown Source)
	at java.base/java.lang.StringBuilder.append(Unknown Source)
	at com.example.mail.model.Email.toString(Email.java:17)
	at java.base/java.lang.String.valueOf(Unknown Source)
	at java.base/java.lang.StringBuilder.append(Unknown Source)
	at com.example.mail.model.ContactAction.toString(ContactAction.java:15)
	at java.base/java.lang.String.valueOf(Unknown Source)
	at java.base/java.lang.StringBuilder.append(Unknown Source)
	at java.base/java.util.AbstractCollection.toString(Unknown Source)
	at org.hibernate.collection.internal.PersistentBag.toString(PersistentBag.java:622)
	at java.base/java.lang.String.valueOf(Unknown Source)
	at java.base/java.lang.StringBuilder.append(Unknown Source)
	at com.example.mail.model.Email.toString(Email.java:17)
	at java.base/java.lang.String.valueOf(Unknown Source)
	at java.base/java.lang.StringBuilder.append(Unknown Source)
	at com.example.mail.model.ContactAction.toString(ContactAction.java:15)
	at java.base/java.lang.String.valueOf(Unknown Source)
	at java.base/java.lang.StringBuilder.append(Unknown Source)
	at java.base/java.util.AbstractCollection.toString(Unknown Source)
	at org.hibernate.collection.internal.PersistentBag.toString(PersistentBag.java:622)
	at java.base/java.lang.String.valueOf(Unknown Source)
	at java.base/java.lang.StringBuilder.append(Unknown Source)
	at com.example.mail.model.Email.toString(Email.java:17)
	at java.base/java.lang.String.valueOf(Unknown Source)
	at java.base/java.lang.StringBuilder.append(Unknown Source)
	at com.example.mail.model.ContactAction.toString(ContactAction.java:15)
	at java.base/java.lang.String.valueOf(Unknown Source)
	at java.base/java.lang.StringBuilder.append(Unknown Source)
	at java.base/java.util.AbstractCollection.toString(Unknown Source)
	at org.hibernate.collection.internal.PersistentBag.toString(PersistentBag.java:622)
	at java.base/java.lang.String.valueOf(Unknown Source)
	at java.base/java.lang.StringBuilder.append(Unknown Source)
	at com.example.mail.model.Email.toString(Email.java:17)
	at java.base/java.lang.String.valueOf(Unknown Source)
	at java.base/java.lang.StringBuilder.append(Unknown Source)
	at com.example.mail.model.ContactAction.toString(ContactAction.java:15)
	at java.base/java.lang.String.valueOf(Unknown Source)
	at java.base/java.lang.StringBuilder.append(Unknown Source)
	at java.base/java.util.AbstractCollection.toString(Unknown Source)
	at org.hibernate.collection.internal.PersistentBag.toString(PersistentBag.java:622)
	at java.base/java.lang.String.valueOf(Unknown Source)
	at java.base/java.lang.StringBuilder.append(Unknown Source)
	at com.example.mail.model.Email.toString(Email.java:17)
	at java.base/java.lang.String.valueOf(Unknown Source)
	at java.base/java.lang.StringBuilder.append(Unknown Source)
	at com.example.mail.model.ContactAction.toString(ContactAction.java:15)
	at java.base/java.lang.String.valueOf(Unknown Source)
	at java.base/java.lang.StringBuilder.append(Unknown Source)
	at java.base/java.util.AbstractCollection.toString(Unknown Source)
	at org.hibernate.collection.internal.PersistentBag.toString(PersistentBag.java:622)
	at java.base/java.lang.String.valueOf(Unknown Source)
	at java.base/java.lang.StringBuilder.append(Unknown Source)
	at com.example.mail.model.Email.toString(Email.java:17)
	at java.base/java.lang.String.valueOf(Unknown Source)
	at java.base/java.lang.StringBuilder.append(Unknown Source)
	at com.example.mail.model.ContactAction.toString(ContactAction.java:15)
	at java.base/java.lang.String.valueOf(Unknown Source)
	at java.base/java.lang.StringBuilder.append(Unknown Source)
	at java.base/java.util.AbstractCollection.toString(Unknown Source)
	at org.hibernate.collection.internal.PersistentBag.toString(PersistentBag.java:622)
	at java.base/java.lang.String.valueOf(Unknown Source)
	at java.base/java.lang.StringBuilder.append(Unknown Source)
	at com.example.mail.model.Email.toString(Email.java:17)
	at java.base/java.lang.String.valueOf(Unknown Source)
	at java.base/java.lang.StringBuilder.append(Unknown Source)
	at com.example.mail.model.ContactAction.toString(ContactAction.java:15)
	at java.base/java.lang.String.valueOf(Unknown Source)
	at java.base/java.lang.StringBuilder.append(Unknown Source)
	at java.base/java.util.AbstractCollection.toString(Unknown Source)
	at org.hibernate.collection.internal.PersistentBag.toString(PersistentBag.java:622)
	at java.base/java.lang.String.valueOf(Unknown Source)
	at java.base/java.lang.StringBuilder.append(Unknown Source)
	at com.example.mail.model.Email.toString(Email.java:17)
	at java.base/java.lang.String.valueOf(Unknown Source)
	at java.base/java.lang.StringBuilder.append(Unknown Source)
	at com.example.mail.model.ContactAction.toString(ContactAction.java:15)
	at java.base/java.lang.String.valueOf(Unknown Source)
	at java.base/java.lang.StringBuilder.append(Unknown Source)
	at java.base/java.util.AbstractCollection.toString(Unknown Source)
	at org.hibernate.collection.internal.PersistentBag.toString(PersistentBag.java:622)
	at java.base/java.lang.String.valueOf(Unknown Source)
	at java.base/java.lang.StringBuilder.append(Unknown Source)
	at com.example.mail.model.Email.toString(Email.java:17)
	at java.base/java.lang.String.valueOf(Unknown Source)
	at java.base/java.lang.StringBuilder.append(Unknown Source)
	at com.example.mail.model.ContactAction.toString(ContactAction.java:15)
	at java.base/java.lang.String.valueOf(Unknown Source)
	at java.base/java.lang.StringBuilder.append(Unknown Source)
	at java.base/java.util.AbstractCollection.toString(Unknown Source)
	at org.hibernate.collection.internal.PersistentBag.toString(PersistentBag.java:622)
	at java.base/java.lang.String.valueOf(Unknown Source)
	at java.base/java.lang.StringBuilder.append(Unknown Source)
	at com.example.mail.model.Email.toString(Email.java:17)
	at java.base/java.lang.String.valueOf(Unknown Source)
	at java.base/java.lang.StringBuilder.append(Unknown Source)
	at com.example.mail.model.ContactAction.toString(ContactAction.java:15)
	at java.base/java.lang.String.valueOf(Unknown Source)
	at java.base/java.lang.StringBuilder.append(Unknown Source)
	at java.base/java.util.AbstractCollection.toString(Unknown Source)
	at org.hibernate.collection.internal.PersistentBag.toString(PersistentBag.java:622)
	at java.base/java.lang.String.valueOf(Unknown Source)
	at java.base/java.lang.StringBuilder.append(Unknown Source)
	at com.example.mail.model.Email.toString(Email.java:17)
	at java.base/java.lang.String.valueOf(Unknown Source)
	at java.base/java.lang.StringBuilder.append(Unknown Source)
	at com.example.mail.model.ContactAction.toString(ContactAction.java:15)
	at java.base/java.lang.String.valueOf(Unknown Source)
	at java.base/java.lang.StringBuilder.append(Unknown Source)
	at java.base/java.util.AbstractCollection.toString(Unknown Source)
	at org.hibernate.collection.internal.PersistentBag.toString(PersistentBag.java:622)
	at java.base/java.lang.String.valueOf(Unknown Source)
	at java.base/java.lang.StringBuilder.append(Unknown Source)
	at com.example.mail.model.Email.toString(Email.java:17)
	at java.base/java.lang.String.valueOf(Unknown Source)
	at java.base/java.lang.StringBuilder.append(Unknown Source)
	at com.example.mail.model.ContactAction.toString(ContactAction.java:15)
	at java.base/java.lang.String.valueOf(Unknown Source)
	at java.base/java.lang.StringBuilder.append(Unknown Source)
	at java.base/java.util.AbstractCollection.toString(Unknown Source)
	at org.hibernate.collection.internal.PersistentBag.toString(PersistentBag.java:622)
	at java.base/java.lang.String.valueOf(Unknown Source)
	at java.base/java.lang.StringBuilder.append(Unknown Source)
	at com.example.mail.model.Email.toString(Email.java:17)
	at java.base/java.lang.String.valueOf(Unknown Source)
	at java.base/java.lang.StringBuilder.append(Unknown Source)
	at com.example.mail.model.ContactAction.toString(ContactAction.java:15)
	at java.base/java.lang.String.valueOf(Unknown Source)
	at java.base/java.lang.StringBuilder.append(Unknown Source)
	at java.base/java.util.AbstractCollection.toString(Unknown Source)
	at org.hibernate.collection.internal.PersistentBag.toString(PersistentBag.java:622)
	at java.base/java.lang.String.valueOf(Unknown Source)
	at java.base/java.lang.StringBuilder.append(Unknown Source)
	at com.example.mail.model.Email.toString(Email.java:17)
	at java.base/java.lang.String.valueOf(Unknown Source)
	at java.base/java.lang.StringBuilder.append(Unknown Source)
	at com.example.mail.model.ContactAction.toString(ContactAction.java:15)
	at java.base/java.lang.String.valueOf(Unknown Source)
	at java.base/java.lang.StringBuilder.append(Unknown Source)
	at java.base/java.util.AbstractCollection.toString(Unknown Source)
	at org.hibernate.collection.internal.PersistentBag.toString(PersistentBag.java:622)
	at java.base/java.lang.String.valueOf(Unknown Source)
	at java.base/java.lang.StringBuilder.append(Unknown Source)
	at com.example.mail.model.Email.toString(Email.java:17)
	at java.base/java.lang.String.valueOf(Unknown Source)
	at java.base/java.lang.StringBuilder.append(Unknown Source)
	at com.example.mail.model.ContactAction.toString(ContactAction.java:15)
	at java.base/java.lang.String.valueOf(Unknown Source)
	at java.base/java.lang.StringBuilder.append(Unknown Source)
	at java.base/java.util.AbstractCollection.toString(Unknown Source)
	at org.hibernate.collection.internal.PersistentBag.toString(PersistentBag.java:622)
	at java.base/java.lang.String.valueOf(Unknown Source)
	at java.base/java.lang.StringBuilder.append(Unknown Source)
	at com.example.mail.model.Email.toString(Email.java:17)
	at java.base/java.lang.String.valueOf(Unknown Source)
	at java.base/java.lang.StringBuilder.append(Unknown Source)
	at com.example.mail.model.ContactAction.toString(ContactAction.java:15)
	at java.base/java.lang.String.valueOf(Unknown Source)
	at java.base/java.lang.StringBuilder.append(Unknown Source)
	at java.base/java.util.AbstractCollection.toString(Unknown Source)
	at org.hibernate.collection.internal.PersistentBag.toString(PersistentBag.java:622)
	at java.base/java.lang.String.valueOf(Unknown Source)
	at java.base/java.lang.StringBuilder.append(Unknown Source)
	at com.example.mail.model.Email.toString(Email.java:17)
	at java.base/java.lang.String.valueOf(Unknown Source)
	at java.base/java.lang.StringBuilder.append(Unknown Source)
	at com.example.mail.model.ContactAction.toString(ContactAction.java:15)
	at java.base/java.lang.String.valueOf(Unknown Source)
	at java.base/java.lang.StringBuilder.append(Unknown Source)
	at java.base/java.util.AbstractCollection.toString(Unknown Source)
	at org.hibernate.collection.internal.PersistentBag.toString(PersistentBag.java:622)
	at java.base/java.lang.String.valueOf(Unknown Source)
	at java.base/java.lang.StringBuilder.append(Unknown Source)
	at com.example.mail.model.Email.toString(Email.java:17)
	at java.base/java.lang.String.valueOf(Unknown Source)
	at java.base/java.lang.StringBuilder.append(Unknown Source)
	at com.example.mail.model.ContactAction.toString(ContactAction.java:15)
	at java.base/java.lang.String.valueOf(Unknown Source)
	at java.base/java.lang.StringBuilder.append(Unknown Source)
	at java.base/java.util.AbstractCollection.toString(Unknown Source)
	at org.hibernate.collection.internal.PersistentBag.toString(PersistentBag.java:622)
	at java.base/java.lang.String.valueOf(Unknown Source)
	at java.base/java.lang.StringBuilder.append(Unknown Source)
	at com.example.mail.model.Email.toString(Email.java:17)
	at java.base/java.lang.String.valueOf(Unknown Source)
	at java.base/java.lang.StringBuilder.append(Unknown Source)
	at com.example.mail.model.ContactAction.toString(ContactAction.java:15)
	at java.base/java.lang.String.valueOf(Unknown Source)
	at java.base/java.lang.StringBuilder.append(Unknown Source)
	at java.base/java.util.AbstractCollection.toString(Unknown Source)
	at org.hibernate.collection.internal.PersistentBag.toString(PersistentBag.java:622)
	at java.base/java.lang.String.valueOf(Unknown Source)
	at java.base/java.lang.StringBuilder.append(Unknown Source)
	at com.example.mail.model.Email.toString(Email.java:17)
	at java.base/java.lang.String.valueOf(Unknown Source)
	at java.base/java.lang.StringBuilder.append(Unknown Source)
	at com.example.mail.model.ContactAction.toString(ContactAction.java:15)
	at java.base/java.lang.String.valueOf(Unknown Source)
	at java.base/java.lang.StringBuilder.append(Unknown Source)
	at java.base/java.util.AbstractCollection.toString(Unknown Source)
	at org.hibernate.collection.internal.PersistentBag.toString(PersistentBag.java:622)
	at java.base/java.lang.String.valueOf(Unknown Source)
	at java.base/java.lang.StringBuilder.append(Unknown Source)
	at com.example.mail.model.Email.toString(Email.java:17)
	at java.base/java.lang.String.valueOf(Unknown Source)
	at java.base/java.lang.StringBuilder.append(Unknown Source)
	at com.example.mail.model.ContactAction.toString(ContactAction.java:15)
	at java.base/java.lang.String.valueOf(Unknown Source)
	at java.base/java.lang.StringBuilder.append(Unknown Source)
	at java.base/java.util.AbstractCollection.toString(Unknown Source)
	at org.hibernate.collection.internal.PersistentBag.toString(PersistentBag.java:622)
	at java.base/java.lang.String.valueOf(Unknown Source)
	at java.base/java.lang.StringBuilder.append(Unknown Source)
	at com.example.mail.model.Email.toString(Email.java:17)
	at java.base/java.lang.String.valueOf(Unknown Source)
	at java.base/java.lang.StringBuilder.append(Unknown Source)
	at com.example.mail.model.ContactAction.toString(ContactAction.java:15)
	at java.base/java.lang.String.valueOf(Unknown Source)
	at java.base/java.lang.StringBuilder.append(Unknown Source)
	at java.base/java.util.AbstractCollection.toString(Unknown Source)
	at org.hibernate.collection.internal.PersistentBag.toString(PersistentBag.java:622)
	at java.base/java.lang.String.valueOf(Unknown Source)
	at java.base/java.lang.StringBuilder.append(Unknown Source)
	at com.example.mail.model.Email.toString(Email.java:17)
	at java.base/java.lang.String.valueOf(Unknown Source)
	at java.base/java.lang.StringBuilder.append(Unknown Source)
	at com.example.mail.model.ContactAction.toString(ContactAction.java:15)
	at java.base/java.lang.String.valueOf(Unknown Source)
	at java.base/java.lang.StringBuilder.append(Unknown Source)
	at java.base/java.util.AbstractCollection.toString(Unknown Source)
	at org.hibernate.collection.internal.PersistentBag.toString(PersistentBag.java:622)
	at java.base/java.lang.String.valueOf(Unknown Source)
	at java.base/java.lang.StringBuilder.append(Unknown Source)
	at com.example.mail.model.Email.toString(Email.java:17)
	at java.base/java.lang.String.valueOf(Unknown Source)
	at java.base/java.lang.StringBuilder.append(Unknown Source)
	at com.example.mail.model.ContactAction.toString(ContactAction.java:15)
	at java.base/java.lang.String.valueOf(Unknown Source)
	at java.base/java.lang.StringBuilder.append(Unknown Source)
	at java.base/java.util.AbstractCollection.toString(Unknown Source)
	at org.hibernate.collection.internal.PersistentBag.toString(PersistentBag.java:622)
	at java.base/java.lang.String.valueOf(Unknown Source)
	at java.base/java.lang.StringBuilder.append(Unknown Source)
	at com.example.mail.model.Email.toString(Email.java:17)
	at java.base/java.lang.String.valueOf(Unknown Source)
	at java.base/java.lang.StringBuilder.append(Unknown Source)
	at com.example.mail.model.ContactAction.toString(ContactAction.java:15)
	at java.base/java.lang.String.valueOf(Unknown Source)
	at java.base/java.lang.StringBuilder.append(Unknown Source)
	at java.base/java.util.AbstractCollection.toString(Unknown Source)
	at org.hibernate.collection.internal.PersistentBag.toString(PersistentBag.java:622)
	at java.base/java.lang.String.valueOf(Unknown Source)
	at java.base/java.lang.StringBuilder.append(Unknown Source)
	at com.example.mail.model.Email.toString(Email.java:17)
	at java.base/java.lang.String.valueOf(Unknown Source)
	at java.base/java.lang.StringBuilder.append(Unknown Source)
	at com.example.mail.model.ContactAction.toString(ContactAction.java:15)
	at java.base/java.lang.String.valueOf(Unknown Source)
	at java.base/java.lang.StringBuilder.append(Unknown Source)
	at java.base/java.util.AbstractCollection.toString(Unknown Source)
	at org.hibernate.collection.internal.PersistentBag.toString(PersistentBag.java:622)
	at java.base/java.lang.String.valueOf(Unknown Source)
	at java.base/java.lang.StringBuilder.append(Unknown Source)
	at com.example.mail.model.Email.toString(Email.java:17)
	at java.base/java.lang.String.valueOf(Unknown Source)
	at java.base/java.lang.StringBuilder.append(Unknown Source)
	at com.example.mail.model.ContactAction.toString(ContactAction.java:15)
	at java.base/java.lang.String.valueOf(Unknown Source)
	at java.base/java.lang.StringBuilder.append(Unknown Source)
	at java.base/java.util.AbstractCollection.toString(Unknown Source)
	at org.hibernate.collection.internal.PersistentBag.toString(PersistentBag.java:622)
	at java.base/java.lang.String.valueOf(Unknown Source)
	at java.base/java.lang.StringBuilder.append(Unknown Source)
	at com.example.mail.model.Email.toString(Email.java:17)
	at java.base/java.lang.String.valueOf(Unknown Source)
	at java.base/java.lang.StringBuilder.append(Unknown Source)
	at com.example.mail.model.ContactAction.toString(ContactAction.java:15)
	at java.base/java.lang.String.valueOf(Unknown Source)
	at java.base/java.lang.StringBuilder.append(Unknown Source)
	at java.base/java.util.AbstractCollection.toString(Unknown Source)
	at org.hibernate.collection.internal.PersistentBag.toString(PersistentBag.java:622)
	at java.base/java.lang.String.valueOf(Unknown Source)
	at java.base/java.lang.StringBuilder.append(Unknown Source)
	at com.example.mail.model.Email.toString(Email.java:17)
	at java.base/java.lang.String.valueOf(Unknown Source)
	at java.base/java.lang.StringBuilder.append(Unknown Source)
	at com.example.mail.model.ContactAction.toString(ContactAction.java:15)
	at java.base/java.lang.String.valueOf(Unknown Source)
	at java.base/java.lang.StringBuilder.append(Unknown Source)
	at java.base/java.util.AbstractCollection.toString(Unknown Source)
	at org.hibernate.collection.internal.PersistentBag.toString(PersistentBag.java:622)
	at java.base/java.lang.String.valueOf(Unknown Source)
	at java.base/java.lang.StringBuilder.append(Unknown Source)
	at com.example.mail.model.Email.toString(Email.java:17)
	at java.base/java.lang.String.valueOf(Unknown Source)
	at java.base/java.lang.StringBuilder.append(Unknown Source)
	at com.example.mail.model.ContactAction.toString(ContactAction.java:15)
	at java.base/java.lang.String.valueOf(Unknown Source)
	at java.base/java.lang.StringBuilder.append(Unknown Source)
	at java.base/java.util.AbstractCollection.toString(Unknown Source)
	at org.hibernate.collection.internal.PersistentBag.toString(PersistentBag.java:622)
	at java.base/java.lang.String.valueOf(Unknown Source)
	at java.base/java.lang.StringBuilder.append(Unknown Source)
	at com.example.mail.model.Email.toString(Email.java:17)
	at java.base/java.lang.String.valueOf(Unknown Source)
	at java.base/java.lang.StringBuilder.append(Unknown Source)
	at com.example.mail.model.ContactAction.toString(ContactAction.java:15)
	at java.base/java.lang.String.valueOf(Unknown Source)
26-07-21 14:08:39.136 [http-nio-8081-exec-2] ERROR o.a.c.c.C.[.[.[.[dispatcherServlet] - Servlet.service() for servlet [dispatcherServlet] in context with path [] threw exception [Handler dispatch failed; nested exception is java.lang.StackOverflowError] with root cause
java.lang.StackOverflowError: null
	at java.base/java.lang.System.arraycopy(Native Method)
	at java.base/java.lang.String.getBytes(Unknown Source)
	at java.base/java.lang.AbstractStringBuilder.putStringAt(Unknown Source)
	at java.base/java.lang.AbstractStringBuilder.append(Unknown Source)
	at java.base/java.lang.StringBuilder.append(Unknown Source)
	at com.example.mail.model.Email.toString(Email.java:17)
	at java.base/java.lang.String.valueOf(Unknown Source)
	at java.base/java.lang.StringBuilder.append(Unknown Source)
	at com.example.mail.model.ContactAction.toString(ContactAction.java:15)
	at java.base/java.lang.String.valueOf(Unknown Source)
	at java.base/java.lang.StringBuilder.append(Unknown Source)
	at java.base/java.util.AbstractCollection.toString(Unknown Source)
	at org.hibernate.collection.internal.PersistentBag.toString(PersistentBag.java:622)
	at java.base/java.lang.String.valueOf(Unknown Source)
	at java.base/java.lang.StringBuilder.append(Unknown Source)
	at com.example.mail.model.Email.toString(Email.java:17)
	at java.base/java.lang.String.valueOf(Unknown Source)
	at java.base/java.lang.StringBuilder.append(Unknown Source)
	at com.example.mail.model.ContactAction.toString(ContactAction.java:15)
	at java.base/java.lang.String.valueOf(Unknown Source)
	at java.base/java.lang.StringBuilder.append(Unknown Source)
	at java.base/java.util.AbstractCollection.toString(Unknown Source)
	at org.hibernate.collection.internal.PersistentBag.toString(PersistentBag.java:622)
	at java.base/java.lang.String.valueOf(Unknown Source)
	at java.base/java.lang.StringBuilder.append(Unknown Source)
	at com.example.mail.model.Email.toString(Email.java:17)
	at java.base/java.lang.String.valueOf(Unknown Source)
	at java.base/java.lang.StringBuilder.append(Unknown Source)
	at com.example.mail.model.ContactAction.toString(ContactAction.java:15)
	at java.base/java.lang.String.valueOf(Unknown Source)
	at java.base/java.lang.StringBuilder.append(Unknown Source)
	at java.base/java.util.AbstractCollection.toString(Unknown Source)
	at org.hibernate.collection.internal.PersistentBag.toString(PersistentBag.java:622)
	at java.base/java.lang.String.valueOf(Unknown Source)
	at java.base/java.lang.StringBuilder.append(Unknown Source)
	at com.example.mail.model.Email.toString(Email.java:17)
	at java.base/java.lang.String.valueOf(Unknown Source)
	at java.base/java.lang.StringBuilder.append(Unknown Source)
	at com.example.mail.model.ContactAction.toString(ContactAction.java:15)
	at java.base/java.lang.String.valueOf(Unknown Source)
	at java.base/java.lang.StringBuilder.append(Unknown Source)
	at java.base/java.util.AbstractCollection.toString(Unknown Source)
	at org.hibernate.collection.internal.PersistentBag.toString(PersistentBag.java:622)
	at java.base/java.lang.String.valueOf(Unknown Source)
	at java.base/java.lang.StringBuilder.append(Unknown Source)
	at com.example.mail.model.Email.toString(Email.java:17)
	at java.base/java.lang.String.valueOf(Unknown Source)
	at java.base/java.lang.StringBuilder.append(Unknown Source)
	at com.example.mail.model.ContactAction.toString(ContactAction.java:15)
	at java.base/java.lang.String.valueOf(Unknown Source)
	at java.base/java.lang.StringBuilder.append(Unknown Source)
	at java.base/java.util.AbstractCollection.toString(Unknown Source)
	at org.hibernate.collection.internal.PersistentBag.toString(PersistentBag.java:622)
	at java.base/java.lang.String.valueOf(Unknown Source)
	at java.base/java.lang.StringBuilder.append(Unknown Source)
	at com.example.mail.model.Email.toString(Email.java:17)
	at java.base/java.lang.String.valueOf(Unknown Source)
	at java.base/java.lang.StringBuilder.append(Unknown Source)
	at com.example.mail.model.ContactAction.toString(ContactAction.java:15)
	at java.base/java.lang.String.valueOf(Unknown Source)
	at java.base/java.lang.StringBuilder.append(Unknown Source)
	at java.base/java.util.AbstractCollection.toString(Unknown Source)
	at org.hibernate.collection.internal.PersistentBag.toString(PersistentBag.java:622)
	at java.base/java.lang.String.valueOf(Unknown Source)
	at java.base/java.lang.StringBuilder.append(Unknown Source)
	at com.example.mail.model.Email.toString(Email.java:17)
	at java.base/java.lang.String.valueOf(Unknown Source)
	at java.base/java.lang.StringBuilder.append(Unknown Source)
	at com.example.mail.model.ContactAction.toString(ContactAction.java:15)
	at java.base/java.lang.String.valueOf(Unknown Source)
	at java.base/java.lang.StringBuilder.append(Unknown Source)
	at java.base/java.util.AbstractCollection.toString(Unknown Source)
	at org.hibernate.collection.internal.PersistentBag.toString(PersistentBag.java:622)
	at java.base/java.lang.String.valueOf(Unknown Source)
	at java.base/java.lang.StringBuilder.append(Unknown Source)
	at com.example.mail.model.Email.toString(Email.java:17)
	at java.base/java.lang.String.valueOf(Unknown Source)
	at java.base/java.lang.StringBuilder.append(Unknown Source)
	at com.example.mail.model.ContactAction.toString(ContactAction.java:15)
	at java.base/java.lang.String.valueOf(Unknown Source)
	at java.base/java.lang.StringBuilder.append(Unknown Source)
	at java.base/java.util.AbstractCollection.toString(Unknown Source)
	at org.hibernate.collection.internal.PersistentBag.toString(PersistentBag.java:622)
	at java.base/java.lang.String.valueOf(Unknown Source)
	at java.base/java.lang.StringBuilder.append(Unknown Source)
	at com.example.mail.model.Email.toString(Email.java:17)
	at java.base/java.lang.String.valueOf(Unknown Source)
	at java.base/java.lang.StringBuilder.append(Unknown Source)
	at com.example.mail.model.ContactAction.toString(ContactAction.java:15)
	at java.base/java.lang.String.valueOf(Unknown Source)
	at java.base/java.lang.StringBuilder.append(Unknown Source)
	at java.base/java.util.AbstractCollection.toString(Unknown Source)
	at org.hibernate.collection.internal.PersistentBag.toString(PersistentBag.java:622)
	at java.base/java.lang.String.valueOf(Unknown Source)
	at java.base/java.lang.StringBuilder.append(Unknown Source)
	at com.example.mail.model.Email.toString(Email.java:17)
	at java.base/java.lang.String.valueOf(Unknown Source)
	at java.base/java.lang.StringBuilder.append(Unknown Source)
	at com.example.mail.model.ContactAction.toString(ContactAction.java:15)
	at java.base/java.lang.String.valueOf(Unknown Source)
	at java.base/java.lang.StringBuilder.append(Unknown Source)
	at java.base/java.util.AbstractCollection.toString(Unknown Source)
	at org.hibernate.collection.internal.PersistentBag.toString(PersistentBag.java:622)
	at java.base/java.lang.String.valueOf(Unknown Source)
	at java.base/java.lang.StringBuilder.append(Unknown Source)
	at com.example.mail.model.Email.toString(Email.java:17)
	at java.base/java.lang.String.valueOf(Unknown Source)
	at java.base/java.lang.StringBuilder.append(Unknown Source)
	at com.example.mail.model.ContactAction.toString(ContactAction.java:15)
	at java.base/java.lang.String.valueOf(Unknown Source)
	at java.base/java.lang.StringBuilder.append(Unknown Source)
	at java.base/java.util.AbstractCollection.toString(Unknown Source)
	at org.hibernate.collection.internal.PersistentBag.toString(PersistentBag.java:622)
	at java.base/java.lang.String.valueOf(Unknown Source)
	at java.base/java.lang.StringBuilder.append(Unknown Source)
	at com.example.mail.model.Email.toString(Email.java:17)
	at java.base/java.lang.String.valueOf(Unknown Source)
	at java.base/java.lang.StringBuilder.append(Unknown Source)
	at com.example.mail.model.ContactAction.toString(ContactAction.java:15)
	at java.base/java.lang.String.valueOf(Unknown Source)
	at java.base/java.lang.StringBuilder.append(Unknown Source)
	at java.base/java.util.AbstractCollection.toString(Unknown Source)
	at org.hibernate.collection.internal.PersistentBag.toString(PersistentBag.java:622)
	at java.base/java.lang.String.valueOf(Unknown Source)
	at java.base/java.lang.StringBuilder.append(Unknown Source)
	at com.example.mail.model.Email.toString(Email.java:17)
	at java.base/java.lang.String.valueOf(Unknown Source)
	at java.base/java.lang.StringBuilder.append(Unknown Source)
	at com.example.mail.model.ContactAction.toString(ContactAction.java:15)
	at java.base/java.lang.String.valueOf(Unknown Source)
	at java.base/java.lang.StringBuilder.append(Unknown Source)
	at java.base/java.util.AbstractCollection.toString(Unknown Source)
	at org.hibernate.collection.internal.PersistentBag.toString(PersistentBag.java:622)
	at java.base/java.lang.String.valueOf(Unknown Source)
	at java.base/java.lang.StringBuilder.append(Unknown Source)
	at com.example.mail.model.Email.toString(Email.java:17)
	at java.base/java.lang.String.valueOf(Unknown Source)
	at java.base/java.lang.StringBuilder.append(Unknown Source)
	at com.example.mail.model.ContactAction.toString(ContactAction.java:15)
	at java.base/java.lang.String.valueOf(Unknown Source)
	at java.base/java.lang.StringBuilder.append(Unknown Source)
	at java.base/java.util.AbstractCollection.toString(Unknown Source)
	at org.hibernate.collection.internal.PersistentBag.toString(PersistentBag.java:622)
	at java.base/java.lang.String.valueOf(Unknown Source)
	at java.base/java.lang.StringBuilder.append(Unknown Source)
	at com.example.mail.model.Email.toString(Email.java:17)
	at java.base/java.lang.String.valueOf(Unknown Source)
	at java.base/java.lang.StringBuilder.append(Unknown Source)
	at com.example.mail.model.ContactAction.toString(ContactAction.java:15)
	at java.base/java.lang.String.valueOf(Unknown Source)
	at java.base/java.lang.StringBuilder.append(Unknown Source)
	at java.base/java.util.AbstractCollection.toString(Unknown Source)
	at org.hibernate.collection.internal.PersistentBag.toString(PersistentBag.java:622)
	at java.base/java.lang.String.valueOf(Unknown Source)
	at java.base/java.lang.StringBuilder.append(Unknown Source)
	at com.example.mail.model.Email.toString(Email.java:17)
	at java.base/java.lang.String.valueOf(Unknown Source)
	at java.base/java.lang.StringBuilder.append(Unknown Source)
	at com.example.mail.model.ContactAction.toString(ContactAction.java:15)
	at java.base/java.lang.String.valueOf(Unknown Source)
	at java.base/java.lang.StringBuilder.append(Unknown Source)
	at java.base/java.util.AbstractCollection.toString(Unknown Source)
	at org.hibernate.collection.internal.PersistentBag.toString(PersistentBag.java:622)
	at java.base/java.lang.String.valueOf(Unknown Source)
	at java.base/java.lang.StringBuilder.append(Unknown Source)
	at com.example.mail.model.Email.toString(Email.java:17)
	at java.base/java.lang.String.valueOf(Unknown Source)
	at java.base/java.lang.StringBuilder.append(Unknown Source)
	at com.example.mail.model.ContactAction.toString(ContactAction.java:15)
	at java.base/java.lang.String.valueOf(Unknown Source)
	at java.base/java.lang.StringBuilder.append(Unknown Source)
	at java.base/java.util.AbstractCollection.toString(Unknown Source)
	at org.hibernate.collection.internal.PersistentBag.toString(PersistentBag.java:622)
	at java.base/java.lang.String.valueOf(Unknown Source)
	at java.base/java.lang.StringBuilder.append(Unknown Source)
	at com.example.mail.model.Email.toString(Email.java:17)
	at java.base/java.lang.String.valueOf(Unknown Source)
	at java.base/java.lang.StringBuilder.append(Unknown Source)
	at com.example.mail.model.ContactAction.toString(ContactAction.java:15)
	at java.base/java.lang.String.valueOf(Unknown Source)
	at java.base/java.lang.StringBuilder.append(Unknown Source)
	at java.base/java.util.AbstractCollection.toString(Unknown Source)
	at org.hibernate.collection.internal.PersistentBag.toString(PersistentBag.java:622)
	at java.base/java.lang.String.valueOf(Unknown Source)
	at java.base/java.lang.StringBuilder.append(Unknown Source)
	at com.example.mail.model.Email.toString(Email.java:17)
	at java.base/java.lang.String.valueOf(Unknown Source)
	at java.base/java.lang.StringBuilder.append(Unknown Source)
	at com.example.mail.model.ContactAction.toString(ContactAction.java:15)
	at java.base/java.lang.String.valueOf(Unknown Source)
	at java.base/java.lang.StringBuilder.append(Unknown Source)
	at java.base/java.util.AbstractCollection.toString(Unknown Source)
	at org.hibernate.collection.internal.PersistentBag.toString(PersistentBag.java:622)
	at java.base/java.lang.String.valueOf(Unknown Source)
	at java.base/java.lang.StringBuilder.append(Unknown Source)
	at com.example.mail.model.Email.toString(Email.java:17)
	at java.base/java.lang.String.valueOf(Unknown Source)
	at java.base/java.lang.StringBuilder.append(Unknown Source)
	at com.example.mail.model.ContactAction.toString(ContactAction.java:15)
	at java.base/java.lang.String.valueOf(Unknown Source)
	at java.base/java.lang.StringBuilder.append(Unknown Source)
	at java.base/java.util.AbstractCollection.toString(Unknown Source)
	at org.hibernate.collection.internal.PersistentBag.toString(PersistentBag.java:622)
	at java.base/java.lang.String.valueOf(Unknown Source)
	at java.base/java.lang.StringBuilder.append(Unknown Source)
	at com.example.mail.model.Email.toString(Email.java:17)
	at java.base/java.lang.String.valueOf(Unknown Source)
	at java.base/java.lang.StringBuilder.append(Unknown Source)
	at com.example.mail.model.ContactAction.toString(ContactAction.java:15)
	at java.base/java.lang.String.valueOf(Unknown Source)
	at java.base/java.lang.StringBuilder.append(Unknown Source)
	at java.base/java.util.AbstractCollection.toString(Unknown Source)
	at org.hibernate.collection.internal.PersistentBag.toString(PersistentBag.java:622)
	at java.base/java.lang.String.valueOf(Unknown Source)
	at java.base/java.lang.StringBuilder.append(Unknown Source)
	at com.example.mail.model.Email.toString(Email.java:17)
	at java.base/java.lang.String.valueOf(Unknown Source)
	at java.base/java.lang.StringBuilder.append(Unknown Source)
	at com.example.mail.model.ContactAction.toString(ContactAction.java:15)
	at java.base/java.lang.String.valueOf(Unknown Source)
	at java.base/java.lang.StringBuilder.append(Unknown Source)
	at java.base/java.util.AbstractCollection.toString(Unknown Source)
	at org.hibernate.collection.internal.PersistentBag.toString(PersistentBag.java:622)
	at java.base/java.lang.String.valueOf(Unknown Source)
	at java.base/java.lang.StringBuilder.append(Unknown Source)
	at com.example.mail.model.Email.toString(Email.java:17)
	at java.base/java.lang.String.valueOf(Unknown Source)
	at java.base/java.lang.StringBuilder.append(Unknown Source)
	at com.example.mail.model.ContactAction.toString(ContactAction.java:15)
	at java.base/java.lang.String.valueOf(Unknown Source)
	at java.base/java.lang.StringBuilder.append(Unknown Source)
	at java.base/java.util.AbstractCollection.toString(Unknown Source)
	at org.hibernate.collection.internal.PersistentBag.toString(PersistentBag.java:622)
	at java.base/java.lang.String.valueOf(Unknown Source)
	at java.base/java.lang.StringBuilder.append(Unknown Source)
	at com.example.mail.model.Email.toString(Email.java:17)
	at java.base/java.lang.String.valueOf(Unknown Source)
	at java.base/java.lang.StringBuilder.append(Unknown Source)
	at com.example.mail.model.ContactAction.toString(ContactAction.java:15)
	at java.base/java.lang.String.valueOf(Unknown Source)
	at java.base/java.lang.StringBuilder.append(Unknown Source)
	at java.base/java.util.AbstractCollection.toString(Unknown Source)
	at org.hibernate.collection.internal.PersistentBag.toString(PersistentBag.java:622)
	at java.base/java.lang.String.valueOf(Unknown Source)
	at java.base/java.lang.StringBuilder.append(Unknown Source)
	at com.example.mail.model.Email.toString(Email.java:17)
	at java.base/java.lang.String.valueOf(Unknown Source)
	at java.base/java.lang.StringBuilder.append(Unknown Source)
	at com.example.mail.model.ContactAction.toString(ContactAction.java:15)
	at java.base/java.lang.String.valueOf(Unknown Source)
	at java.base/java.lang.StringBuilder.append(Unknown Source)
	at java.base/java.util.AbstractCollection.toString(Unknown Source)
	at org.hibernate.collection.internal.PersistentBag.toString(PersistentBag.java:622)
	at java.base/java.lang.String.valueOf(Unknown Source)
	at java.base/java.lang.StringBuilder.append(Unknown Source)
	at com.example.mail.model.Email.toString(Email.java:17)
	at java.base/java.lang.String.valueOf(Unknown Source)
	at java.base/java.lang.StringBuilder.append(Unknown Source)
	at com.example.mail.model.ContactAction.toString(ContactAction.java:15)
	at java.base/java.lang.String.valueOf(Unknown Source)
	at java.base/java.lang.StringBuilder.append(Unknown Source)
	at java.base/java.util.AbstractCollection.toString(Unknown Source)
	at org.hibernate.collection.internal.PersistentBag.toString(PersistentBag.java:622)
	at java.base/java.lang.String.valueOf(Unknown Source)
	at java.base/java.lang.StringBuilder.append(Unknown Source)
	at com.example.mail.model.Email.toString(Email.java:17)
	at java.base/java.lang.String.valueOf(Unknown Source)
	at java.base/java.lang.StringBuilder.append(Unknown Source)
	at com.example.mail.model.ContactAction.toString(ContactAction.java:15)
	at java.base/java.lang.String.valueOf(Unknown Source)
	at java.base/java.lang.StringBuilder.append(Unknown Source)
	at java.base/java.util.AbstractCollection.toString(Unknown Source)
	at org.hibernate.collection.internal.PersistentBag.toString(PersistentBag.java:622)
	at java.base/java.lang.String.valueOf(Unknown Source)
	at java.base/java.lang.StringBuilder.append(Unknown Source)
	at com.example.mail.model.Email.toString(Email.java:17)
	at java.base/java.lang.String.valueOf(Unknown Source)
	at java.base/java.lang.StringBuilder.append(Unknown Source)
	at com.example.mail.model.ContactAction.toString(ContactAction.java:15)
	at java.base/java.lang.String.valueOf(Unknown Source)
	at java.base/java.lang.StringBuilder.append(Unknown Source)
	at java.base/java.util.AbstractCollection.toString(Unknown Source)
	at org.hibernate.collection.internal.PersistentBag.toString(PersistentBag.java:622)
	at java.base/java.lang.String.valueOf(Unknown Source)
	at java.base/java.lang.StringBuilder.append(Unknown Source)
	at com.example.mail.model.Email.toString(Email.java:17)
	at java.base/java.lang.String.valueOf(Unknown Source)
	at java.base/java.lang.StringBuilder.append(Unknown Source)
	at com.example.mail.model.ContactAction.toString(ContactAction.java:15)
	at java.base/java.lang.String.valueOf(Unknown Source)
	at java.base/java.lang.StringBuilder.append(Unknown Source)
	at java.base/java.util.AbstractCollection.toString(Unknown Source)
	at org.hibernate.collection.internal.PersistentBag.toString(PersistentBag.java:622)
	at java.base/java.lang.String.valueOf(Unknown Source)
	at java.base/java.lang.StringBuilder.append(Unknown Source)
	at com.example.mail.model.Email.toString(Email.java:17)
	at java.base/java.lang.String.valueOf(Unknown Source)
	at java.base/java.lang.StringBuilder.append(Unknown Source)
	at com.example.mail.model.ContactAction.toString(ContactAction.java:15)
	at java.base/java.lang.String.valueOf(Unknown Source)
	at java.base/java.lang.StringBuilder.append(Unknown Source)
	at java.base/java.util.AbstractCollection.toString(Unknown Source)
	at org.hibernate.collection.internal.PersistentBag.toString(PersistentBag.java:622)
	at java.base/java.lang.String.valueOf(Unknown Source)
	at java.base/java.lang.StringBuilder.append(Unknown Source)
	at com.example.mail.model.Email.toString(Email.java:17)
	at java.base/java.lang.String.valueOf(Unknown Source)
	at java.base/java.lang.StringBuilder.append(Unknown Source)
	at com.example.mail.model.ContactAction.toString(ContactAction.java:15)
	at java.base/java.lang.String.valueOf(Unknown Source)
	at java.base/java.lang.StringBuilder.append(Unknown Source)
	at java.base/java.util.AbstractCollection.toString(Unknown Source)
	at org.hibernate.collection.internal.PersistentBag.toString(PersistentBag.java:622)
	at java.base/java.lang.String.valueOf(Unknown Source)
	at java.base/java.lang.StringBuilder.append(Unknown Source)
	at com.example.mail.model.Email.toString(Email.java:17)
	at java.base/java.lang.String.valueOf(Unknown Source)
	at java.base/java.lang.StringBuilder.append(Unknown Source)
	at com.example.mail.model.ContactAction.toString(ContactAction.java:15)
	at java.base/java.lang.String.valueOf(Unknown Source)
	at java.base/java.lang.StringBuilder.append(Unknown Source)
	at java.base/java.util.AbstractCollection.toString(Unknown Source)
	at org.hibernate.collection.internal.PersistentBag.toString(PersistentBag.java:622)
	at java.base/java.lang.String.valueOf(Unknown Source)
	at java.base/java.lang.StringBuilder.append(Unknown Source)
	at com.example.mail.model.Email.toString(Email.java:17)
	at java.base/java.lang.String.valueOf(Unknown Source)
	at java.base/java.lang.StringBuilder.append(Unknown Source)
	at com.example.mail.model.ContactAction.toString(ContactAction.java:15)
	at java.base/java.lang.String.valueOf(Unknown Source)
	at java.base/java.lang.StringBuilder.append(Unknown Source)
	at java.base/java.util.AbstractCollection.toString(Unknown Source)
	at org.hibernate.collection.internal.PersistentBag.toString(PersistentBag.java:622)
	at java.base/java.lang.String.valueOf(Unknown Source)
	at java.base/java.lang.StringBuilder.append(Unknown Source)
	at com.example.mail.model.Email.toString(Email.java:17)
	at java.base/java.lang.String.valueOf(Unknown Source)
	at java.base/java.lang.StringBuilder.append(Unknown Source)
	at com.example.mail.model.ContactAction.toString(ContactAction.java:15)
	at java.base/java.lang.String.valueOf(Unknown Source)
	at java.base/java.lang.StringBuilder.append(Unknown Source)
	at java.base/java.util.AbstractCollection.toString(Unknown Source)
	at org.hibernate.collection.internal.PersistentBag.toString(PersistentBag.java:622)
	at java.base/java.lang.String.valueOf(Unknown Source)
	at java.base/java.lang.StringBuilder.append(Unknown Source)
	at com.example.mail.model.Email.toString(Email.java:17)
	at java.base/java.lang.String.valueOf(Unknown Source)
	at java.base/java.lang.StringBuilder.append(Unknown Source)
	at com.example.mail.model.ContactAction.toString(ContactAction.java:15)
	at java.base/java.lang.String.valueOf(Unknown Source)
	at java.base/java.lang.StringBuilder.append(Unknown Source)
	at java.base/java.util.AbstractCollection.toString(Unknown Source)
	at org.hibernate.collection.internal.PersistentBag.toString(PersistentBag.java:622)
	at java.base/java.lang.String.valueOf(Unknown Source)
	at java.base/java.lang.StringBuilder.append(Unknown Source)
	at com.example.mail.model.Email.toString(Email.java:17)
	at java.base/java.lang.String.valueOf(Unknown Source)
	at java.base/java.lang.StringBuilder.append(Unknown Source)
	at com.example.mail.model.ContactAction.toString(ContactAction.java:15)
	at java.base/java.lang.String.valueOf(Unknown Source)
	at java.base/java.lang.StringBuilder.append(Unknown Source)
	at java.base/java.util.AbstractCollection.toString(Unknown Source)
	at org.hibernate.collection.internal.PersistentBag.toString(PersistentBag.java:622)
	at java.base/java.lang.String.valueOf(Unknown Source)
	at java.base/java.lang.StringBuilder.append(Unknown Source)
	at com.example.mail.model.Email.toString(Email.java:17)
	at java.base/java.lang.String.valueOf(Unknown Source)
	at java.base/java.lang.StringBuilder.append(Unknown Source)
	at com.example.mail.model.ContactAction.toString(ContactAction.java:15)
	at java.base/java.lang.String.valueOf(Unknown Source)
	at java.base/java.lang.StringBuilder.append(Unknown Source)
	at java.base/java.util.AbstractCollection.toString(Unknown Source)
	at org.hibernate.collection.internal.PersistentBag.toString(PersistentBag.java:622)
	at java.base/java.lang.String.valueOf(Unknown Source)
	at java.base/java.lang.StringBuilder.append(Unknown Source)
	at com.example.mail.model.Email.toString(Email.java:17)
	at java.base/java.lang.String.valueOf(Unknown Source)
	at java.base/java.lang.StringBuilder.append(Unknown Source)
	at com.example.mail.model.ContactAction.toString(ContactAction.java:15)
	at java.base/java.lang.String.valueOf(Unknown Source)
	at java.base/java.lang.StringBuilder.append(Unknown Source)
	at java.base/java.util.AbstractCollection.toString(Unknown Source)
	at org.hibernate.collection.internal.PersistentBag.toString(PersistentBag.java:622)
	at java.base/java.lang.String.valueOf(Unknown Source)
	at java.base/java.lang.StringBuilder.append(Unknown Source)
	at com.example.mail.model.Email.toString(Email.java:17)
	at java.base/java.lang.String.valueOf(Unknown Source)
	at java.base/java.lang.StringBuilder.append(Unknown Source)
	at com.example.mail.model.ContactAction.toString(ContactAction.java:15)
	at java.base/java.lang.String.valueOf(Unknown Source)
	at java.base/java.lang.StringBuilder.append(Unknown Source)
	at java.base/java.util.AbstractCollection.toString(Unknown Source)
	at org.hibernate.collection.internal.PersistentBag.toString(PersistentBag.java:622)
	at java.base/java.lang.String.valueOf(Unknown Source)
	at java.base/java.lang.StringBuilder.append(Unknown Source)
	at com.example.mail.model.Email.toString(Email.java:17)
	at java.base/java.lang.String.valueOf(Unknown Source)
	at java.base/java.lang.StringBuilder.append(Unknown Source)
	at com.example.mail.model.ContactAction.toString(ContactAction.java:15)
	at java.base/java.lang.String.valueOf(Unknown Source)
	at java.base/java.lang.StringBuilder.append(Unknown Source)
	at java.base/java.util.AbstractCollection.toString(Unknown Source)
	at org.hibernate.collection.internal.PersistentBag.toString(PersistentBag.java:622)
	at java.base/java.lang.String.valueOf(Unknown Source)
	at java.base/java.lang.StringBuilder.append(Unknown Source)
	at com.example.mail.model.Email.toString(Email.java:17)
	at java.base/java.lang.String.valueOf(Unknown Source)
	at java.base/java.lang.StringBuilder.append(Unknown Source)
	at com.example.mail.model.ContactAction.toString(ContactAction.java:15)
	at java.base/java.lang.String.valueOf(Unknown Source)
	at java.base/java.lang.StringBuilder.append(Unknown Source)
	at java.base/java.util.AbstractCollection.toString(Unknown Source)
	at org.hibernate.collection.internal.PersistentBag.toString(PersistentBag.java:622)
	at java.base/java.lang.String.valueOf(Unknown Source)
	at java.base/java.lang.StringBuilder.append(Unknown Source)
	at com.example.mail.model.Email.toString(Email.java:17)
	at java.base/java.lang.String.valueOf(Unknown Source)
	at java.base/java.lang.StringBuilder.append(Unknown Source)
	at com.example.mail.model.ContactAction.toString(ContactAction.java:15)
	at java.base/java.lang.String.valueOf(Unknown Source)
	at java.base/java.lang.StringBuilder.append(Unknown Source)
	at java.base/java.util.AbstractCollection.toString(Unknown Source)
	at org.hibernate.collection.internal.PersistentBag.toString(PersistentBag.java:622)
	at java.base/java.lang.String.valueOf(Unknown Source)
	at java.base/java.lang.StringBuilder.append(Unknown Source)
	at com.example.mail.model.Email.toString(Email.java:17)
	at java.base/java.lang.String.valueOf(Unknown Source)
	at java.base/java.lang.StringBuilder.append(Unknown Source)
	at com.example.mail.model.ContactAction.toString(ContactAction.java:15)
	at java.base/java.lang.String.valueOf(Unknown Source)
	at java.base/java.lang.StringBuilder.append(Unknown Source)
	at java.base/java.util.AbstractCollection.toString(Unknown Source)
	at org.hibernate.collection.internal.PersistentBag.toString(PersistentBag.java:622)
	at java.base/java.lang.String.valueOf(Unknown Source)
	at java.base/java.lang.StringBuilder.append(Unknown Source)
	at com.example.mail.model.Email.toString(Email.java:17)
	at java.base/java.lang.String.valueOf(Unknown Source)
	at java.base/java.lang.StringBuilder.append(Unknown Source)
	at com.example.mail.model.ContactAction.toString(ContactAction.java:15)
	at java.base/java.lang.String.valueOf(Unknown Source)
	at java.base/java.lang.StringBuilder.append(Unknown Source)
	at java.base/java.util.AbstractCollection.toString(Unknown Source)
	at org.hibernate.collection.internal.PersistentBag.toString(PersistentBag.java:622)
	at java.base/java.lang.String.valueOf(Unknown Source)
	at java.base/java.lang.StringBuilder.append(Unknown Source)
	at com.example.mail.model.Email.toString(Email.java:17)
	at java.base/java.lang.String.valueOf(Unknown Source)
	at java.base/java.lang.StringBuilder.append(Unknown Source)
	at com.example.mail.model.ContactAction.toString(ContactAction.java:15)
	at java.base/java.lang.String.valueOf(Unknown Source)
	at java.base/java.lang.StringBuilder.append(Unknown Source)
	at java.base/java.util.AbstractCollection.toString(Unknown Source)
	at org.hibernate.collection.internal.PersistentBag.toString(PersistentBag.java:622)
	at java.base/java.lang.String.valueOf(Unknown Source)
	at java.base/java.lang.StringBuilder.append(Unknown Source)
	at com.example.mail.model.Email.toString(Email.java:17)
	at java.base/java.lang.String.valueOf(Unknown Source)
	at java.base/java.lang.StringBuilder.append(Unknown Source)
	at com.example.mail.model.ContactAction.toString(ContactAction.java:15)
	at java.base/java.lang.String.valueOf(Unknown Source)
	at java.base/java.lang.StringBuilder.append(Unknown Source)
	at java.base/java.util.AbstractCollection.toString(Unknown Source)
	at org.hibernate.collection.internal.PersistentBag.toString(PersistentBag.java:622)
	at java.base/java.lang.String.valueOf(Unknown Source)
	at java.base/java.lang.StringBuilder.append(Unknown Source)
	at com.example.mail.model.Email.toString(Email.java:17)
	at java.base/java.lang.String.valueOf(Unknown Source)
	at java.base/java.lang.StringBuilder.append(Unknown Source)
	at com.example.mail.model.ContactAction.toString(ContactAction.java:15)
	at java.base/java.lang.String.valueOf(Unknown Source)
	at java.base/java.lang.StringBuilder.append(Unknown Source)
	at java.base/java.util.AbstractCollection.toString(Unknown Source)
	at org.hibernate.collection.internal.PersistentBag.toString(PersistentBag.java:622)
	at java.base/java.lang.String.valueOf(Unknown Source)
	at java.base/java.lang.StringBuilder.append(Unknown Source)
	at com.example.mail.model.Email.toString(Email.java:17)
	at java.base/java.lang.String.valueOf(Unknown Source)
	at java.base/java.lang.StringBuilder.append(Unknown Source)
	at com.example.mail.model.ContactAction.toString(ContactAction.java:15)
	at java.base/java.lang.String.valueOf(Unknown Source)
	at java.base/java.lang.StringBuilder.append(Unknown Source)
	at java.base/java.util.AbstractCollection.toString(Unknown Source)
	at org.hibernate.collection.internal.PersistentBag.toString(PersistentBag.java:622)
	at java.base/java.lang.String.valueOf(Unknown Source)
	at java.base/java.lang.StringBuilder.append(Unknown Source)
	at com.example.mail.model.Email.toString(Email.java:17)
	at java.base/java.lang.String.valueOf(Unknown Source)
	at java.base/java.lang.StringBuilder.append(Unknown Source)
	at com.example.mail.model.ContactAction.toString(ContactAction.java:15)
	at java.base/java.lang.String.valueOf(Unknown Source)
	at java.base/java.lang.StringBuilder.append(Unknown Source)
	at java.base/java.util.AbstractCollection.toString(Unknown Source)
	at org.hibernate.collection.internal.PersistentBag.toString(PersistentBag.java:622)
	at java.base/java.lang.String.valueOf(Unknown Source)
	at java.base/java.lang.StringBuilder.append(Unknown Source)
	at com.example.mail.model.Email.toString(Email.java:17)
	at java.base/java.lang.String.valueOf(Unknown Source)
	at java.base/java.lang.StringBuilder.append(Unknown Source)
	at com.example.mail.model.ContactAction.toString(ContactAction.java:15)
	at java.base/java.lang.String.valueOf(Unknown Source)
	at java.base/java.lang.StringBuilder.append(Unknown Source)
	at java.base/java.util.AbstractCollection.toString(Unknown Source)
	at org.hibernate.collection.internal.PersistentBag.toString(PersistentBag.java:622)
	at java.base/java.lang.String.valueOf(Unknown Source)
	at java.base/java.lang.StringBuilder.append(Unknown Source)
	at com.example.mail.model.Email.toString(Email.java:17)
	at java.base/java.lang.String.valueOf(Unknown Source)
	at java.base/java.lang.StringBuilder.append(Unknown Source)
	at com.example.mail.model.ContactAction.toString(ContactAction.java:15)
	at java.base/java.lang.String.valueOf(Unknown Source)
	at java.base/java.lang.StringBuilder.append(Unknown Source)
	at java.base/java.util.AbstractCollection.toString(Unknown Source)
	at org.hibernate.collection.internal.PersistentBag.toString(PersistentBag.java:622)
	at java.base/java.lang.String.valueOf(Unknown Source)
	at java.base/java.lang.StringBuilder.append(Unknown Source)
	at com.example.mail.model.Email.toString(Email.java:17)
	at java.base/java.lang.String.valueOf(Unknown Source)
	at java.base/java.lang.StringBuilder.append(Unknown Source)
	at com.example.mail.model.ContactAction.toString(ContactAction.java:15)
	at java.base/java.lang.String.valueOf(Unknown Source)
	at java.base/java.lang.StringBuilder.append(Unknown Source)
	at java.base/java.util.AbstractCollection.toString(Unknown Source)
	at org.hibernate.collection.internal.PersistentBag.toString(PersistentBag.java:622)
	at java.base/java.lang.String.valueOf(Unknown Source)
	at java.base/java.lang.StringBuilder.append(Unknown Source)
	at com.example.mail.model.Email.toString(Email.java:17)
	at java.base/java.lang.String.valueOf(Unknown Source)
	at java.base/java.lang.StringBuilder.append(Unknown Source)
	at com.example.mail.model.ContactAction.toString(ContactAction.java:15)
	at java.base/java.lang.String.valueOf(Unknown Source)
	at java.base/java.lang.StringBuilder.append(Unknown Source)
	at java.base/java.util.AbstractCollection.toString(Unknown Source)
	at org.hibernate.collection.internal.PersistentBag.toString(PersistentBag.java:622)
	at java.base/java.lang.String.valueOf(Unknown Source)
	at java.base/java.lang.StringBuilder.append(Unknown Source)
	at com.example.mail.model.Email.toString(Email.java:17)
	at java.base/java.lang.String.valueOf(Unknown Source)
	at java.base/java.lang.StringBuilder.append(Unknown Source)
	at com.example.mail.model.ContactAction.toString(ContactAction.java:15)
	at java.base/java.lang.String.valueOf(Unknown Source)
	at java.base/java.lang.StringBuilder.append(Unknown Source)
	at java.base/java.util.AbstractCollection.toString(Unknown Source)
	at org.hibernate.collection.internal.PersistentBag.toString(PersistentBag.java:622)
	at java.base/java.lang.String.valueOf(Unknown Source)
	at java.base/java.lang.StringBuilder.append(Unknown Source)
	at com.example.mail.model.Email.toString(Email.java:17)
	at java.base/java.lang.String.valueOf(Unknown Source)
	at java.base/java.lang.StringBuilder.append(Unknown Source)
	at com.example.mail.model.ContactAction.toString(ContactAction.java:15)
	at java.base/java.lang.String.valueOf(Unknown Source)
	at java.base/java.lang.StringBuilder.append(Unknown Source)
	at java.base/java.util.AbstractCollection.toString(Unknown Source)
	at org.hibernate.collection.internal.PersistentBag.toString(PersistentBag.java:622)
	at java.base/java.lang.String.valueOf(Unknown Source)
	at java.base/java.lang.StringBuilder.append(Unknown Source)
	at com.example.mail.model.Email.toString(Email.java:17)
	at java.base/java.lang.String.valueOf(Unknown Source)
	at java.base/java.lang.StringBuilder.append(Unknown Source)
	at com.example.mail.model.ContactAction.toString(ContactAction.java:15)
	at java.base/java.lang.String.valueOf(Unknown Source)
	at java.base/java.lang.StringBuilder.append(Unknown Source)
	at java.base/java.util.AbstractCollection.toString(Unknown Source)
	at org.hibernate.collection.internal.PersistentBag.toString(PersistentBag.java:622)
	at java.base/java.lang.String.valueOf(Unknown Source)
	at java.base/java.lang.StringBuilder.append(Unknown Source)
	at com.example.mail.model.Email.toString(Email.java:17)
	at java.base/java.lang.String.valueOf(Unknown Source)
	at java.base/java.lang.StringBuilder.append(Unknown Source)
	at com.example.mail.model.ContactAction.toString(ContactAction.java:15)
	at java.base/java.lang.String.valueOf(Unknown Source)
	at java.base/java.lang.StringBuilder.append(Unknown Source)
	at java.base/java.util.AbstractCollection.toString(Unknown Source)
	at org.hibernate.collection.internal.PersistentBag.toString(PersistentBag.java:622)
	at java.base/java.lang.String.valueOf(Unknown Source)
	at java.base/java.lang.StringBuilder.append(Unknown Source)
	at com.example.mail.model.Email.toString(Email.java:17)
	at java.base/java.lang.String.valueOf(Unknown Source)
	at java.base/java.lang.StringBuilder.append(Unknown Source)
	at com.example.mail.model.ContactAction.toString(ContactAction.java:15)
	at java.base/java.lang.String.valueOf(Unknown Source)
	at java.base/java.lang.StringBuilder.append(Unknown Source)
	at java.base/java.util.AbstractCollection.toString(Unknown Source)
	at org.hibernate.collection.internal.PersistentBag.toString(PersistentBag.java:622)
	at java.base/java.lang.String.valueOf(Unknown Source)
	at java.base/java.lang.StringBuilder.append(Unknown Source)
	at com.example.mail.model.Email.toString(Email.java:17)
	at java.base/java.lang.String.valueOf(Unknown Source)
	at java.base/java.lang.StringBuilder.append(Unknown Source)
	at com.example.mail.model.ContactAction.toString(ContactAction.java:15)
	at java.base/java.lang.String.valueOf(Unknown Source)
	at java.base/java.lang.StringBuilder.append(Unknown Source)
	at java.base/java.util.AbstractCollection.toString(Unknown Source)
	at org.hibernate.collection.internal.PersistentBag.toString(PersistentBag.java:622)
	at java.base/java.lang.String.valueOf(Unknown Source)
	at java.base/java.lang.StringBuilder.append(Unknown Source)
	at com.example.mail.model.Email.toString(Email.java:17)
	at java.base/java.lang.String.valueOf(Unknown Source)
	at java.base/java.lang.StringBuilder.append(Unknown Source)
	at com.example.mail.model.ContactAction.toString(ContactAction.java:15)
	at java.base/java.lang.String.valueOf(Unknown Source)
	at java.base/java.lang.StringBuilder.append(Unknown Source)
	at java.base/java.util.AbstractCollection.toString(Unknown Source)
	at org.hibernate.collection.internal.PersistentBag.toString(PersistentBag.java:622)
	at java.base/java.lang.String.valueOf(Unknown Source)
	at java.base/java.lang.StringBuilder.append(Unknown Source)
	at com.example.mail.model.Email.toString(Email.java:17)
	at java.base/java.lang.String.valueOf(Unknown Source)
	at java.base/java.lang.StringBuilder.append(Unknown Source)
	at com.example.mail.model.ContactAction.toString(ContactAction.java:15)
	at java.base/java.lang.String.valueOf(Unknown Source)
	at java.base/java.lang.StringBuilder.append(Unknown Source)
	at java.base/java.util.AbstractCollection.toString(Unknown Source)
	at org.hibernate.collection.internal.PersistentBag.toString(PersistentBag.java:622)
	at java.base/java.lang.String.valueOf(Unknown Source)
	at java.base/java.lang.StringBuilder.append(Unknown Source)
	at com.example.mail.model.Email.toString(Email.java:17)
	at java.base/java.lang.String.valueOf(Unknown Source)
	at java.base/java.lang.StringBuilder.append(Unknown Source)
	at com.example.mail.model.ContactAction.toString(ContactAction.java:15)
	at java.base/java.lang.String.valueOf(Unknown Source)
	at java.base/java.lang.StringBuilder.append(Unknown Source)
	at java.base/java.util.AbstractCollection.toString(Unknown Source)
	at org.hibernate.collection.internal.PersistentBag.toString(PersistentBag.java:622)
	at java.base/java.lang.String.valueOf(Unknown Source)
	at java.base/java.lang.StringBuilder.append(Unknown Source)
	at com.example.mail.model.Email.toString(Email.java:17)
	at java.base/java.lang.String.valueOf(Unknown Source)
	at java.base/java.lang.StringBuilder.append(Unknown Source)
	at com.example.mail.model.ContactAction.toString(ContactAction.java:15)
	at java.base/java.lang.String.valueOf(Unknown Source)
	at java.base/java.lang.StringBuilder.append(Unknown Source)
	at java.base/java.util.AbstractCollection.toString(Unknown Source)
	at org.hibernate.collection.internal.PersistentBag.toString(PersistentBag.java:622)
	at java.base/java.lang.String.valueOf(Unknown Source)
	at java.base/java.lang.StringBuilder.append(Unknown Source)
	at com.example.mail.model.Email.toString(Email.java:17)
	at java.base/java.lang.String.valueOf(Unknown Source)
	at java.base/java.lang.StringBuilder.append(Unknown Source)
	at com.example.mail.model.ContactAction.toString(ContactAction.java:15)
	at java.base/java.lang.String.valueOf(Unknown Source)
	at java.base/java.lang.StringBuilder.append(Unknown Source)
	at java.base/java.util.AbstractCollection.toString(Unknown Source)
	at org.hibernate.collection.internal.PersistentBag.toString(PersistentBag.java:622)
	at java.base/java.lang.String.valueOf(Unknown Source)
	at java.base/java.lang.StringBuilder.append(Unknown Source)
	at com.example.mail.model.Email.toString(Email.java:17)
	at java.base/java.lang.String.valueOf(Unknown Source)
	at java.base/java.lang.StringBuilder.append(Unknown Source)
	at com.example.mail.model.ContactAction.toString(ContactAction.java:15)
	at java.base/java.lang.String.valueOf(Unknown Source)
	at java.base/java.lang.StringBuilder.append(Unknown Source)
	at java.base/java.util.AbstractCollection.toString(Unknown Source)
	at org.hibernate.collection.internal.PersistentBag.toString(PersistentBag.java:622)
	at java.base/java.lang.String.valueOf(Unknown Source)
	at java.base/java.lang.StringBuilder.append(Unknown Source)
	at com.example.mail.model.Email.toString(Email.java:17)
	at java.base/java.lang.String.valueOf(Unknown Source)
	at java.base/java.lang.StringBuilder.append(Unknown Source)
	at com.example.mail.model.ContactAction.toString(ContactAction.java:15)
	at java.base/java.lang.String.valueOf(Unknown Source)
	at java.base/java.lang.StringBuilder.append(Unknown Source)
	at java.base/java.util.AbstractCollection.toString(Unknown Source)
	at org.hibernate.collection.internal.PersistentBag.toString(PersistentBag.java:622)
	at java.base/java.lang.String.valueOf(Unknown Source)
	at java.base/java.lang.StringBuilder.append(Unknown Source)
	at com.example.mail.model.Email.toString(Email.java:17)
	at java.base/java.lang.String.valueOf(Unknown Source)
	at java.base/java.lang.StringBuilder.append(Unknown Source)
	at com.example.mail.model.ContactAction.toString(ContactAction.java:15)
	at java.base/java.lang.String.valueOf(Unknown Source)
	at java.base/java.lang.StringBuilder.append(Unknown Source)
	at java.base/java.util.AbstractCollection.toString(Unknown Source)
	at org.hibernate.collection.internal.PersistentBag.toString(PersistentBag.java:622)
	at java.base/java.lang.String.valueOf(Unknown Source)
	at java.base/java.lang.StringBuilder.append(Unknown Source)
	at com.example.mail.model.Email.toString(Email.java:17)
	at java.base/java.lang.String.valueOf(Unknown Source)
	at java.base/java.lang.StringBuilder.append(Unknown Source)
	at com.example.mail.model.ContactAction.toString(ContactAction.java:15)
	at java.base/java.lang.String.valueOf(Unknown Source)
	at java.base/java.lang.StringBuilder.append(Unknown Source)
	at java.base/java.util.AbstractCollection.toString(Unknown Source)
	at org.hibernate.collection.internal.PersistentBag.toString(PersistentBag.java:622)
	at java.base/java.lang.String.valueOf(Unknown Source)
	at java.base/java.lang.StringBuilder.append(Unknown Source)
	at com.example.mail.model.Email.toString(Email.java:17)
	at java.base/java.lang.String.valueOf(Unknown Source)
	at java.base/java.lang.StringBuilder.append(Unknown Source)
	at com.example.mail.model.ContactAction.toString(ContactAction.java:15)
	at java.base/java.lang.String.valueOf(Unknown Source)
	at java.base/java.lang.StringBuilder.append(Unknown Source)
	at java.base/java.util.AbstractCollection.toString(Unknown Source)
	at org.hibernate.collection.internal.PersistentBag.toString(PersistentBag.java:622)
	at java.base/java.lang.String.valueOf(Unknown Source)
	at java.base/java.lang.StringBuilder.append(Unknown Source)
	at com.example.mail.model.Email.toString(Email.java:17)
	at java.base/java.lang.String.valueOf(Unknown Source)
	at java.base/java.lang.StringBuilder.append(Unknown Source)
	at com.example.mail.model.ContactAction.toString(ContactAction.java:15)
	at java.base/java.lang.String.valueOf(Unknown Source)
	at java.base/java.lang.StringBuilder.append(Unknown Source)
	at java.base/java.util.AbstractCollection.toString(Unknown Source)
	at org.hibernate.collection.internal.PersistentBag.toString(PersistentBag.java:622)
	at java.base/java.lang.String.valueOf(Unknown Source)
	at java.base/java.lang.StringBuilder.append(Unknown Source)
	at com.example.mail.model.Email.toString(Email.java:17)
	at java.base/java.lang.String.valueOf(Unknown Source)
	at java.base/java.lang.StringBuilder.append(Unknown Source)
	at com.example.mail.model.ContactAction.toString(ContactAction.java:15)
	at java.base/java.lang.String.valueOf(Unknown Source)
	at java.base/java.lang.StringBuilder.append(Unknown Source)
	at java.base/java.util.AbstractCollection.toString(Unknown Source)
	at org.hibernate.collection.internal.PersistentBag.toString(PersistentBag.java:622)
	at java.base/java.lang.String.valueOf(Unknown Source)
	at java.base/java.lang.StringBuilder.append(Unknown Source)
	at com.example.mail.model.Email.toString(Email.java:17)
	at java.base/java.lang.String.valueOf(Unknown Source)
	at java.base/java.lang.StringBuilder.append(Unknown Source)
	at com.example.mail.model.ContactAction.toString(ContactAction.java:15)
	at java.base/java.lang.String.valueOf(Unknown Source)
	at java.base/java.lang.StringBuilder.append(Unknown Source)
	at java.base/java.util.AbstractCollection.toString(Unknown Source)
	at org.hibernate.collection.internal.PersistentBag.toString(PersistentBag.java:622)
	at java.base/java.lang.String.valueOf(Unknown Source)
	at java.base/java.lang.StringBuilder.append(Unknown Source)
	at com.example.mail.model.Email.toString(Email.java:17)
	at java.base/java.lang.String.valueOf(Unknown Source)
	at java.base/java.lang.StringBuilder.append(Unknown Source)
	at com.example.mail.model.ContactAction.toString(ContactAction.java:15)
	at java.base/java.lang.String.valueOf(Unknown Source)
	at java.base/java.lang.StringBuilder.append(Unknown Source)
	at java.base/java.util.AbstractCollection.toString(Unknown Source)
	at org.hibernate.collection.internal.PersistentBag.toString(PersistentBag.java:622)
	at java.base/java.lang.String.valueOf(Unknown Source)
	at java.base/java.lang.StringBuilder.append(Unknown Source)
	at com.example.mail.model.Email.toString(Email.java:17)
	at java.base/java.lang.String.valueOf(Unknown Source)
	at java.base/java.lang.StringBuilder.append(Unknown Source)
	at com.example.mail.model.ContactAction.toString(ContactAction.java:15)
	at java.base/java.lang.String.valueOf(Unknown Source)
	at java.base/java.lang.StringBuilder.append(Unknown Source)
	at java.base/java.util.AbstractCollection.toString(Unknown Source)
	at org.hibernate.collection.internal.PersistentBag.toString(PersistentBag.java:622)
	at java.base/java.lang.String.valueOf(Unknown Source)
	at java.base/java.lang.StringBuilder.append(Unknown Source)
	at com.example.mail.model.Email.toString(Email.java:17)
	at java.base/java.lang.String.valueOf(Unknown Source)
	at java.base/java.lang.StringBuilder.append(Unknown Source)
	at com.example.mail.model.ContactAction.toString(ContactAction.java:15)
	at java.base/java.lang.String.valueOf(Unknown Source)
	at java.base/java.lang.StringBuilder.append(Unknown Source)
	at java.base/java.util.AbstractCollection.toString(Unknown Source)
	at org.hibernate.collection.internal.PersistentBag.toString(PersistentBag.java:622)
	at java.base/java.lang.String.valueOf(Unknown Source)
	at java.base/java.lang.StringBuilder.append(Unknown Source)
	at com.example.mail.model.Email.toString(Email.java:17)
	at java.base/java.lang.String.valueOf(Unknown Source)
	at java.base/java.lang.StringBuilder.append(Unknown Source)
	at com.example.mail.model.ContactAction.toString(ContactAction.java:15)
	at java.base/java.lang.String.valueOf(Unknown Source)
	at java.base/java.lang.StringBuilder.append(Unknown Source)
	at java.base/java.util.AbstractCollection.toString(Unknown Source)
	at org.hibernate.collection.internal.PersistentBag.toString(PersistentBag.java:622)
	at java.base/java.lang.String.valueOf(Unknown Source)
	at java.base/java.lang.StringBuilder.append(Unknown Source)
	at com.example.mail.model.Email.toString(Email.java:17)
	at java.base/java.lang.String.valueOf(Unknown Source)
	at java.base/java.lang.StringBuilder.append(Unknown Source)
	at com.example.mail.model.ContactAction.toString(ContactAction.java:15)
	at java.base/java.lang.String.valueOf(Unknown Source)
	at java.base/java.lang.StringBuilder.append(Unknown Source)
	at java.base/java.util.AbstractCollection.toString(Unknown Source)
	at org.hibernate.collection.internal.PersistentBag.toString(PersistentBag.java:622)
	at java.base/java.lang.String.valueOf(Unknown Source)
	at java.base/java.lang.StringBuilder.append(Unknown Source)
	at com.example.mail.model.Email.toString(Email.java:17)
	at java.base/java.lang.String.valueOf(Unknown Source)
	at java.base/java.lang.StringBuilder.append(Unknown Source)
	at com.example.mail.model.ContactAction.toString(ContactAction.java:15)
	at java.base/java.lang.String.valueOf(Unknown Source)
	at java.base/java.lang.StringBuilder.append(Unknown Source)
	at java.base/java.util.AbstractCollection.toString(Unknown Source)
	at org.hibernate.collection.internal.PersistentBag.toString(PersistentBag.java:622)
	at java.base/java.lang.String.valueOf(Unknown Source)
	at java.base/java.lang.StringBuilder.append(Unknown Source)
	at com.example.mail.model.Email.toString(Email.java:17)
	at java.base/java.lang.String.valueOf(Unknown Source)
	at java.base/java.lang.StringBuilder.append(Unknown Source)
	at com.example.mail.model.ContactAction.toString(ContactAction.java:15)
	at java.base/java.lang.String.valueOf(Unknown Source)
	at java.base/java.lang.StringBuilder.append(Unknown Source)
	at java.base/java.util.AbstractCollection.toString(Unknown Source)
	at org.hibernate.collection.internal.PersistentBag.toString(PersistentBag.java:622)
	at java.base/java.lang.String.valueOf(Unknown Source)
	at java.base/java.lang.StringBuilder.append(Unknown Source)
	at com.example.mail.model.Email.toString(Email.java:17)
	at java.base/java.lang.String.valueOf(Unknown Source)
	at java.base/java.lang.StringBuilder.append(Unknown Source)
	at com.example.mail.model.ContactAction.toString(ContactAction.java:15)
	at java.base/java.lang.String.valueOf(Unknown Source)
	at java.base/java.lang.StringBuilder.append(Unknown Source)
	at java.base/java.util.AbstractCollection.toString(Unknown Source)
	at org.hibernate.collection.internal.PersistentBag.toString(PersistentBag.java:622)
	at java.base/java.lang.String.valueOf(Unknown Source)
	at java.base/java.lang.StringBuilder.append(Unknown Source)
	at com.example.mail.model.Email.toString(Email.java:17)
	at java.base/java.lang.String.valueOf(Unknown Source)
	at java.base/java.lang.StringBuilder.append(Unknown Source)
	at com.example.mail.model.ContactAction.toString(ContactAction.java:15)
	at java.base/java.lang.String.valueOf(Unknown Source)
	at java.base/java.lang.StringBuilder.append(Unknown Source)
	at java.base/java.util.AbstractCollection.toString(Unknown Source)
	at org.hibernate.collection.internal.PersistentBag.toString(PersistentBag.java:622)
	at java.base/java.lang.String.valueOf(Unknown Source)
	at java.base/java.lang.StringBuilder.append(Unknown Source)
	at com.example.mail.model.Email.toString(Email.java:17)
	at java.base/java.lang.String.valueOf(Unknown Source)
	at java.base/java.lang.StringBuilder.append(Unknown Source)
	at com.example.mail.model.ContactAction.toString(ContactAction.java:15)
	at java.base/java.lang.String.valueOf(Unknown Source)
	at java.base/java.lang.StringBuilder.append(Unknown Source)
	at java.base/java.util.AbstractCollection.toString(Unknown Source)
	at org.hibernate.collection.internal.PersistentBag.toString(PersistentBag.java:622)
	at java.base/java.lang.String.valueOf(Unknown Source)
	at java.base/java.lang.StringBuilder.append(Unknown Source)
	at com.example.mail.model.Email.toString(Email.java:17)
	at java.base/java.lang.String.valueOf(Unknown Source)
	at java.base/java.lang.StringBuilder.append(Unknown Source)
	at com.example.mail.model.ContactAction.toString(ContactAction.java:15)
	at java.base/java.lang.String.valueOf(Unknown Source)
	at java.base/java.lang.StringBuilder.append(Unknown Source)
	at java.base/java.util.AbstractCollection.toString(Unknown Source)
	at org.hibernate.collection.internal.PersistentBag.toString(PersistentBag.java:622)
	at java.base/java.lang.String.valueOf(Unknown Source)
	at java.base/java.lang.StringBuilder.append(Unknown Source)
	at com.example.mail.model.Email.toString(Email.java:17)
	at java.base/java.lang.String.valueOf(Unknown Source)
	at java.base/java.lang.StringBuilder.append(Unknown Source)
	at com.example.mail.model.ContactAction.toString(ContactAction.java:15)
	at java.base/java.lang.String.valueOf(Unknown Source)
	at java.base/java.lang.StringBuilder.append(Unknown Source)
	at java.base/java.util.AbstractCollection.toString(Unknown Source)
	at org.hibernate.collection.internal.PersistentBag.toString(PersistentBag.java:622)
	at java.base/java.lang.String.valueOf(Unknown Source)
	at java.base/java.lang.StringBuilder.append(Unknown Source)
	at com.example.mail.model.Email.toString(Email.java:17)
	at java.base/java.lang.String.valueOf(Unknown Source)
	at java.base/java.lang.StringBuilder.append(Unknown Source)
	at com.example.mail.model.ContactAction.toString(ContactAction.java:15)
	at java.base/java.lang.String.valueOf(Unknown Source)
	at java.base/java.lang.StringBuilder.append(Unknown Source)
	at java.base/java.util.AbstractCollection.toString(Unknown Source)
	at org.hibernate.collection.internal.PersistentBag.toString(PersistentBag.java:622)
	at java.base/java.lang.String.valueOf(Unknown Source)
	at java.base/java.lang.StringBuilder.append(Unknown Source)
	at com.example.mail.model.Email.toString(Email.java:17)
	at java.base/java.lang.String.valueOf(Unknown Source)
	at java.base/java.lang.StringBuilder.append(Unknown Source)
	at com.example.mail.model.ContactAction.toString(ContactAction.java:15)
	at java.base/java.lang.String.valueOf(Unknown Source)
	at java.base/java.lang.StringBuilder.append(Unknown Source)
	at java.base/java.util.AbstractCollection.toString(Unknown Source)
	at org.hibernate.collection.internal.PersistentBag.toString(PersistentBag.java:622)
	at java.base/java.lang.String.valueOf(Unknown Source)
	at java.base/java.lang.StringBuilder.append(Unknown Source)
	at com.example.mail.model.Email.toString(Email.java:17)
	at java.base/java.lang.String.valueOf(Unknown Source)
	at java.base/java.lang.StringBuilder.append(Unknown Source)
	at com.example.mail.model.ContactAction.toString(ContactAction.java:15)
	at java.base/java.lang.String.valueOf(Unknown Source)
	at java.base/java.lang.StringBuilder.append(Unknown Source)
	at java.base/java.util.AbstractCollection.toString(Unknown Source)
	at org.hibernate.collection.internal.PersistentBag.toString(PersistentBag.java:622)
	at java.base/java.lang.String.valueOf(Unknown Source)
	at java.base/java.lang.StringBuilder.append(Unknown Source)
	at com.example.mail.model.Email.toString(Email.java:17)
	at java.base/java.lang.String.valueOf(Unknown Source)
	at java.base/java.lang.StringBuilder.append(Unknown Source)
	at com.example.mail.model.ContactAction.toString(ContactAction.java:15)
	at java.base/java.lang.String.valueOf(Unknown Source)
	at java.base/java.lang.StringBuilder.append(Unknown Source)
	at java.base/java.util.AbstractCollection.toString(Unknown Source)
	at org.hibernate.collection.internal.PersistentBag.toString(PersistentBag.java:622)
	at java.base/java.lang.String.valueOf(Unknown Source)
	at java.base/java.lang.StringBuilder.append(Unknown Source)
	at com.example.mail.model.Email.toString(Email.java:17)
	at java.base/java.lang.String.valueOf(Unknown Source)
	at java.base/java.lang.StringBuilder.append(Unknown Source)
	at com.example.mail.model.ContactAction.toString(ContactAction.java:15)
	at java.base/java.lang.String.valueOf(Unknown Source)
	at java.base/java.lang.StringBuilder.append(Unknown Source)
	at java.base/java.util.AbstractCollection.toString(Unknown Source)
	at org.hibernate.collection.internal.PersistentBag.toString(PersistentBag.java:622)
	at java.base/java.lang.String.valueOf(Unknown Source)
	at java.base/java.lang.StringBuilder.append(Unknown Source)
	at com.example.mail.model.Email.toString(Email.java:17)
	at java.base/java.lang.String.valueOf(Unknown Source)
	at java.base/java.lang.StringBuilder.append(Unknown Source)
	at com.example.mail.model.ContactAction.toString(ContactAction.java:15)
	at java.base/java.lang.String.valueOf(Unknown Source)
	at java.base/java.lang.StringBuilder.append(Unknown Source)
	at java.base/java.util.AbstractCollection.toString(Unknown Source)
	at org.hibernate.collection.internal.PersistentBag.toString(PersistentBag.java:622)
	at java.base/java.lang.String.valueOf(Unknown Source)
	at java.base/java.lang.StringBuilder.append(Unknown Source)
	at com.example.mail.model.Email.toString(Email.java:17)
	at java.base/java.lang.String.valueOf(Unknown Source)
	at java.base/java.lang.StringBuilder.append(Unknown Source)
	at com.example.mail.model.ContactAction.toString(ContactAction.java:15)
	at java.base/java.lang.String.valueOf(Unknown Source)
	at java.base/java.lang.StringBuilder.append(Unknown Source)
	at java.base/java.util.AbstractCollection.toString(Unknown Source)
	at org.hibernate.collection.internal.PersistentBag.toString(PersistentBag.java:622)
	at java.base/java.lang.String.valueOf(Unknown Source)
	at java.base/java.lang.StringBuilder.append(Unknown Source)
	at com.example.mail.model.Email.toString(Email.java:17)
	at java.base/java.lang.String.valueOf(Unknown Source)
	at java.base/java.lang.StringBuilder.append(Unknown Source)
	at com.example.mail.model.ContactAction.toString(ContactAction.java:15)
	at java.base/java.lang.String.valueOf(Unknown Source)
	at java.base/java.lang.StringBuilder.append(Unknown Source)
	at java.base/java.util.AbstractCollection.toString(Unknown Source)
	at org.hibernate.collection.internal.PersistentBag.toString(PersistentBag.java:622)
	at java.base/java.lang.String.valueOf(Unknown Source)
	at java.base/java.lang.StringBuilder.append(Unknown Source)
	at com.example.mail.model.Email.toString(Email.java:17)
	at java.base/java.lang.String.valueOf(Unknown Source)
	at java.base/java.lang.StringBuilder.append(Unknown Source)
	at com.example.mail.model.ContactAction.toString(ContactAction.java:15)
	at java.base/java.lang.String.valueOf(Unknown Source)
	at java.base/java.lang.StringBuilder.append(Unknown Source)
	at java.base/java.util.AbstractCollection.toString(Unknown Source)
	at org.hibernate.collection.internal.PersistentBag.toString(PersistentBag.java:622)
	at java.base/java.lang.String.valueOf(Unknown Source)
	at java.base/java.lang.StringBuilder.append(Unknown Source)
	at com.example.mail.model.Email.toString(Email.java:17)
	at java.base/java.lang.String.valueOf(Unknown Source)
	at java.base/java.lang.StringBuilder.append(Unknown Source)
	at com.example.mail.model.ContactAction.toString(ContactAction.java:15)
	at java.base/java.lang.String.valueOf(Unknown Source)
	at java.base/java.lang.StringBuilder.append(Unknown Source)
	at java.base/java.util.AbstractCollection.toString(Unknown Source)
	at org.hibernate.collection.internal.PersistentBag.toString(PersistentBag.java:622)
	at java.base/java.lang.String.valueOf(Unknown Source)
	at java.base/java.lang.StringBuilder.append(Unknown Source)
	at com.example.mail.model.Email.toString(Email.java:17)
	at java.base/java.lang.String.valueOf(Unknown Source)
	at java.base/java.lang.StringBuilder.append(Unknown Source)
	at com.example.mail.model.ContactAction.toString(ContactAction.java:15)
	at java.base/java.lang.String.valueOf(Unknown Source)
	at java.base/java.lang.StringBuilder.append(Unknown Source)
	at java.base/java.util.AbstractCollection.toString(Unknown Source)
	at org.hibernate.collection.internal.PersistentBag.toString(PersistentBag.java:622)
	at java.base/java.lang.String.valueOf(Unknown Source)
	at java.base/java.lang.StringBuilder.append(Unknown Source)
	at com.example.mail.model.Email.toString(Email.java:17)
	at java.base/java.lang.String.valueOf(Unknown Source)
	at java.base/java.lang.StringBuilder.append(Unknown Source)
	at com.example.mail.model.ContactAction.toString(ContactAction.java:15)
	at java.base/java.lang.String.valueOf(Unknown Source)
	at java.base/java.lang.StringBuilder.append(Unknown Source)
	at java.base/java.util.AbstractCollection.toString(Unknown Source)
	at org.hibernate.collection.internal.PersistentBag.toString(PersistentBag.java:622)
	at java.base/java.lang.String.valueOf(Unknown Source)
	at java.base/java.lang.StringBuilder.append(Unknown Source)
	at com.example.mail.model.Email.toString(Email.java:17)
	at java.base/java.lang.String.valueOf(Unknown Source)
	at java.base/java.lang.StringBuilder.append(Unknown Source)
	at com.example.mail.model.ContactAction.toString(ContactAction.java:15)
	at java.base/java.lang.String.valueOf(Unknown Source)
	at java.base/java.lang.StringBuilder.append(Unknown Source)
	at java.base/java.util.AbstractCollection.toString(Unknown Source)
	at org.hibernate.collection.internal.PersistentBag.toString(PersistentBag.java:622)
	at java.base/java.lang.String.valueOf(Unknown Source)
	at java.base/java.lang.StringBuilder.append(Unknown Source)
	at com.example.mail.model.Email.toString(Email.java:17)
	at java.base/java.lang.String.valueOf(Unknown Source)
	at java.base/java.lang.StringBuilder.append(Unknown Source)
	at com.example.mail.model.ContactAction.toString(ContactAction.java:15)
	at java.base/java.lang.String.valueOf(Unknown Source)
	at java.base/java.lang.StringBuilder.append(Unknown Source)
	at java.base/java.util.AbstractCollection.toString(Unknown Source)
	at org.hibernate.collection.internal.PersistentBag.toString(PersistentBag.java:622)
	at java.base/java.lang.String.valueOf(Unknown Source)
	at java.base/java.lang.StringBuilder.append(Unknown Source)
	at com.example.mail.model.Email.toString(Email.java:17)
	at java.base/java.lang.String.valueOf(Unknown Source)
	at java.base/java.lang.StringBuilder.append(Unknown Source)
	at com.example.mail.model.ContactAction.toString(ContactAction.java:15)
	at java.base/java.lang.String.valueOf(Unknown Source)
	at java.base/java.lang.StringBuilder.append(Unknown Source)
	at java.base/java.util.AbstractCollection.toString(Unknown Source)
	at org.hibernate.collection.internal.PersistentBag.toString(PersistentBag.java:622)
	at java.base/java.lang.String.valueOf(Unknown Source)
	at java.base/java.lang.StringBuilder.append(Unknown Source)
	at com.example.mail.model.Email.toString(Email.java:17)
	at java.base/java.lang.String.valueOf(Unknown Source)
	at java.base/java.lang.StringBuilder.append(Unknown Source)
	at com.example.mail.model.ContactAction.toString(ContactAction.java:15)
	at java.base/java.lang.String.valueOf(Unknown Source)
	at java.base/java.lang.StringBuilder.append(Unknown Source)
	at java.base/java.util.AbstractCollection.toString(Unknown Source)
	at org.hibernate.collection.internal.PersistentBag.toString(PersistentBag.java:622)
	at java.base/java.lang.String.valueOf(Unknown Source)
	at java.base/java.lang.StringBuilder.append(Unknown Source)
	at com.example.mail.model.Email.toString(Email.java:17)
	at java.base/java.lang.String.valueOf(Unknown Source)
	at java.base/java.lang.StringBuilder.append(Unknown Source)
	at com.example.mail.model.ContactAction.toString(ContactAction.java:15)
	at java.base/java.lang.String.valueOf(Unknown Source)
	at java.base/java.lang.StringBuilder.append(Unknown Source)
	at java.base/java.util.AbstractCollection.toString(Unknown Source)
	at org.hibernate.collection.internal.PersistentBag.toString(PersistentBag.java:622)
	at java.base/java.lang.String.valueOf(Unknown Source)
	at java.base/java.lang.StringBuilder.append(Unknown Source)
	at com.example.mail.model.Email.toString(Email.java:17)
	at java.base/java.lang.String.valueOf(Unknown Source)
	at java.base/java.lang.StringBuilder.append(Unknown Source)
	at com.example.mail.model.ContactAction.toString(ContactAction.java:15)
	at java.base/java.lang.String.valueOf(Unknown Source)
	at java.base/java.lang.StringBuilder.append(Unknown Source)
	at java.base/java.util.AbstractCollection.toString(Unknown Source)
	at org.hibernate.collection.internal.PersistentBag.toString(PersistentBag.java:622)
	at java.base/java.lang.String.valueOf(Unknown Source)
26-07-21 14:09:57.363 [main] ERROR o.s.b.d.LoggingFailureAnalysisReporter - 

***************************
APPLICATION FAILED TO START
***************************

Description:

Web server failed to start. Port 8081 was already in use.

Action:

Identify and stop the process that's listening on port 8081 or configure this application to listen on another port.

26-07-21 14:15:56.193 [main] ERROR o.s.b.d.LoggingFailureAnalysisReporter - 

***************************
APPLICATION FAILED TO START
***************************

Description:

Web server failed to start. Port 8081 was already in use.

Action:

Identify and stop the process that's listening on port 8081 or configure this application to listen on another port.

26-07-21 14:20:28.001 [main] ERROR o.s.b.d.LoggingFailureAnalysisReporter - 

***************************
APPLICATION FAILED TO START
***************************

Description:

Web server failed to start. Port 8081 was already in use.

Action:

Identify and stop the process that's listening on port 8081 or configure this application to listen on another port.

26-07-21 15:16:42.678 [main] ERROR o.s.b.d.LoggingFailureAnalysisReporter - 

***************************
APPLICATION FAILED TO START
***************************

Description:

Failed to bind properties under 'server.address' to java.net.InetAddress:

    Property: server.address
    Value: "SBIVADAACCUAT.tpsbi.com"
    Origin: class path resource [application-uat.properties] - 2:16
    Reason: failed to convert java.lang.String to java.net.InetAddress (caused by java.net.UnknownHostException: No such host is known (SBIVADAACCUAT.tpsbi.com))

Action:

Update your application's configuration

26-07-21 15:17:21.277 [main] ERROR o.h.e.jdbc.spi.SqlExceptionHelper - Login failed for user 'Dems_Email'. ClientConnectionId:d87e861b-8e93-451b-8f29-320eb404afbc
26-07-21 15:17:21.281 [main] ERROR o.s.o.j.LocalContainerEntityManagerFactoryBean - Failed to initialize JPA EntityManagerFactory: [PersistenceUnit: default] Unable to build Hibernate SessionFactory; nested exception is org.hibernate.exception.SQLGrammarException: Unable to open JDBC Connection for DDL execution
26-07-21 15:17:21.308 [main] ERROR o.s.boot.SpringApplication - Application run failed
org.springframework.beans.factory.BeanCreationException: Error creating bean with name 'entityManagerFactory' defined in class path resource [org/springframework/boot/autoconfigure/orm/jpa/HibernateJpaConfiguration.class]: Invocation of init method failed; nested exception is javax.persistence.PersistenceException: [PersistenceUnit: default] Unable to build Hibernate SessionFactory; nested exception is org.hibernate.exception.SQLGrammarException: Unable to open JDBC Connection for DDL execution
	at org.springframework.beans.factory.support.AbstractAutowireCapableBeanFactory.initializeBean(AbstractAutowireCapableBeanFactory.java:1804)
	at org.springframework.beans.factory.support.AbstractAutowireCapableBeanFactory.doCreateBean(AbstractAutowireCapableBeanFactory.java:620)
	at org.springframework.beans.factory.support.AbstractAutowireCapableBeanFactory.createBean(AbstractAutowireCapableBeanFactory.java:542)
	at org.springframework.beans.factory.support.AbstractBeanFactory.lambda$doGetBean$0(AbstractBeanFactory.java:335)
	at org.springframework.beans.factory.support.DefaultSingletonBeanRegistry.getSingleton(DefaultSingletonBeanRegistry.java:234)
	at org.springframework.beans.factory.support.AbstractBeanFactory.doGetBean(AbstractBeanFactory.java:333)
	at org.springframework.beans.factory.support.AbstractBeanFactory.getBean(AbstractBeanFactory.java:208)
	at org.springframework.context.support.AbstractApplicationContext.getBean(AbstractApplicationContext.java:1168)
	at org.springframework.context.support.AbstractApplicationContext.finishBeanFactoryInitialization(AbstractApplicationContext.java:919)
	at org.springframework.context.support.AbstractApplicationContext.refresh(AbstractApplicationContext.java:591)
	at org.springframework.boot.web.servlet.context.ServletWebServerApplicationContext.refresh(ServletWebServerApplicationContext.java:147)
	at org.springframework.boot.SpringApplication.refresh(SpringApplication.java:732)
	at org.springframework.boot.SpringApplication.refreshContext(SpringApplication.java:409)
	at org.springframework.boot.SpringApplication.run(SpringApplication.java:308)
	at org.springframework.boot.SpringApplication.run(SpringApplication.java:1300)
	at org.springframework.boot.SpringApplication.run(SpringApplication.java:1289)
	at com.example.mail.MailApplication.main(MailApplication.java:12)
Caused by: javax.persistence.PersistenceException: [PersistenceUnit: default] Unable to build Hibernate SessionFactory; nested exception is org.hibernate.exception.SQLGrammarException: Unable to open JDBC Connection for DDL execution
	at org.springframework.orm.jpa.AbstractEntityManagerFactoryBean.buildNativeEntityManagerFactory(AbstractEntityManagerFactoryBean.java:421)
	at org.springframework.orm.jpa.AbstractEntityManagerFactoryBean.afterPropertiesSet(AbstractEntityManagerFactoryBean.java:396)
	at org.springframework.orm.jpa.LocalContainerEntityManagerFactoryBean.afterPropertiesSet(LocalContainerEntityManagerFactoryBean.java:341)
	at org.springframework.beans.factory.support.AbstractAutowireCapableBeanFactory.invokeInitMethods(AbstractAutowireCapableBeanFactory.java:1863)
	at org.springframework.beans.factory.support.AbstractAutowireCapableBeanFactory.initializeBean(AbstractAutowireCapableBeanFactory.java:1800)
	... 16 common frames omitted
Caused by: org.hibernate.exception.SQLGrammarException: Unable to open JDBC Connection for DDL execution
	at org.hibernate.exception.internal.SQLStateConversionDelegate.convert(SQLStateConversionDelegate.java:103)
	at org.hibernate.exception.internal.StandardSQLExceptionConverter.convert(StandardSQLExceptionConverter.java:37)
	at org.hibernate.engine.jdbc.spi.SqlExceptionHelper.convert(SqlExceptionHelper.java:113)
	at org.hibernate.engine.jdbc.spi.SqlExceptionHelper.convert(SqlExceptionHelper.java:99)
	at org.hibernate.resource.transaction.backend.jdbc.internal.DdlTransactionIsolatorNonJtaImpl.getIsolatedConnection(DdlTransactionIsolatorNonJtaImpl.java:71)
	at org.hibernate.tool.schema.internal.exec.ImprovedExtractionContextImpl.getJdbcConnection(ImprovedExtractionContextImpl.java:63)
	at org.hibernate.tool.schema.internal.exec.ImprovedExtractionContextImpl.getJdbcDatabaseMetaData(ImprovedExtractionContextImpl.java:70)
	at org.hibernate.tool.schema.extract.internal.InformationExtractorJdbcDatabaseMetaDataImpl.processTableResultSet(InformationExtractorJdbcDatabaseMetaDataImpl.java:64)
	at org.hibernate.tool.schema.extract.internal.AbstractInformationExtractorImpl.getTables(AbstractInformationExtractorImpl.java:565)
	at org.hibernate.tool.schema.extract.internal.DatabaseInformationImpl.getTablesInformation(DatabaseInformationImpl.java:122)
	at org.hibernate.tool.schema.internal.GroupedSchemaMigratorImpl.performTablesMigration(GroupedSchemaMigratorImpl.java:68)
	at org.hibernate.tool.schema.internal.AbstractSchemaMigrator.performMigration(AbstractSchemaMigrator.java:220)
	at org.hibernate.tool.schema.internal.AbstractSchemaMigrator.doMigration(AbstractSchemaMigrator.java:123)
	at org.hibernate.tool.schema.spi.SchemaManagementToolCoordinator.performDatabaseAction(SchemaManagementToolCoordinator.java:196)
	at org.hibernate.tool.schema.spi.SchemaManagementToolCoordinator.process(SchemaManagementToolCoordinator.java:85)
	at org.hibernate.internal.SessionFactoryImpl.<init>(SessionFactoryImpl.java:335)
	at org.hibernate.boot.internal.SessionFactoryBuilderImpl.build(SessionFactoryBuilderImpl.java:471)
	at org.hibernate.jpa.boot.internal.EntityManagerFactoryBuilderImpl.build(EntityManagerFactoryBuilderImpl.java:1498)
	at org.springframework.orm.jpa.vendor.SpringHibernateJpaPersistenceProvider.createContainerEntityManagerFactory(SpringHibernateJpaPersistenceProvider.java:58)
	at org.springframework.orm.jpa.LocalContainerEntityManagerFactoryBean.createNativeEntityManagerFactory(LocalContainerEntityManagerFactoryBean.java:365)
	at org.springframework.orm.jpa.AbstractEntityManagerFactoryBean.buildNativeEntityManagerFactory(AbstractEntityManagerFactoryBean.java:409)
	... 20 common frames omitted
Caused by: com.microsoft.sqlserver.jdbc.SQLServerException: Login failed for user 'Dems_Email'. ClientConnectionId:d87e861b-8e93-451b-8f29-320eb404afbc
	at com.microsoft.sqlserver.jdbc.SQLServerException.makeFromDatabaseError(SQLServerException.java:265)
	at com.microsoft.sqlserver.jdbc.TDSTokenHandler.onEOF(tdsparser.java:299)
	at com.microsoft.sqlserver.jdbc.TDSParser.parse(tdsparser.java:132)
	at com.microsoft.sqlserver.jdbc.TDSParser.parse(tdsparser.java:37)
	at com.microsoft.sqlserver.jdbc.SQLServerConnection.sendLogon(SQLServerConnection.java:6159)
	at com.microsoft.sqlserver.jdbc.SQLServerConnection.logon(SQLServerConnection.java:4782)
	at com.microsoft.sqlserver.jdbc.SQLServerConnection.access$100(SQLServerConnection.java:90)
	at com.microsoft.sqlserver.jdbc.SQLServerConnection$LogonCommand.doExecute(SQLServerConnection.java:4720)
	at com.microsoft.sqlserver.jdbc.TDSCommand.execute(IOBuffer.java:7664)
	at com.microsoft.sqlserver.jdbc.SQLServerConnection.executeCommand(SQLServerConnection.java:3791)
	at com.microsoft.sqlserver.jdbc.SQLServerConnection.connectHelper(SQLServerConnection.java:3233)
	at com.microsoft.sqlserver.jdbc.SQLServerConnection.login(SQLServerConnection.java:2833)
	at com.microsoft.sqlserver.jdbc.SQLServerConnection.connectInternal(SQLServerConnection.java:2671)
	at com.microsoft.sqlserver.jdbc.SQLServerConnection.connect(SQLServerConnection.java:1640)
	at com.microsoft.sqlserver.jdbc.SQLServerDriver.connect(SQLServerDriver.java:936)
	at java.sql/java.sql.DriverManager.getConnection(Unknown Source)
	at java.sql/java.sql.DriverManager.getConnection(Unknown Source)
	at org.springframework.jdbc.datasource.DriverManagerDataSource.getConnectionFromDriverManager(DriverManagerDataSource.java:155)
	at org.springframework.jdbc.datasource.DriverManagerDataSource.getConnectionFromDriver(DriverManagerDataSource.java:146)
	at org.springframework.jdbc.datasource.AbstractDriverBasedDataSource.getConnectionFromDriver(AbstractDriverBasedDataSource.java:205)
	at org.springframework.jdbc.datasource.AbstractDriverBasedDataSource.getConnection(AbstractDriverBasedDataSource.java:169)
	at org.hibernate.engine.jdbc.connections.internal.DatasourceConnectionProviderImpl.getConnection(DatasourceConnectionProviderImpl.java:122)
	at org.hibernate.engine.jdbc.env.internal.JdbcEnvironmentInitiator$ConnectionProviderJdbcConnectionAccess.obtainConnection(JdbcEnvironmentInitiator.java:181)
	at org.hibernate.resource.transaction.backend.jdbc.internal.DdlTransactionIsolatorNonJtaImpl.getIsolatedConnection(DdlTransactionIsolatorNonJtaImpl.java:44)
	... 36 common frames omitted
26-07-21 19:09:17.460 [main] ERROR o.s.b.d.LoggingFailureAnalysisReporter - 

***************************
APPLICATION FAILED TO START
***************************

Description:

Failed to bind properties under 'server.address' to java.net.InetAddress:

    Property: server.address
    Value: "SBIVADAACCUAT.tpsbi.com"
    Origin: class path resource [application-uat.properties] - 2:16
    Reason: failed to convert java.lang.String to java.net.InetAddress (caused by java.net.UnknownHostException: No such host is known (SBIVADAACCUAT.tpsbi.com))

Action:

Update your application's configuration

26-07-21 19:09:37.860 [main] ERROR o.s.b.d.LoggingFailureAnalysisReporter - 

***************************
APPLICATION FAILED TO START
***************************

Description:

Failed to bind properties under 'server.address' to java.net.InetAddress:

    Property: server.address
    Value: "SBIVADAACCUAT.tpsbi.com"
    Origin: class path resource [application-uat.properties] - 2:16
    Reason: failed to convert java.lang.String to java.net.InetAddress (caused by java.net.UnknownHostException: No such host is known (SBIVADAACCUAT.tpsbi.com))

Action:

Update your application's configuration

26-07-21 19:10:18.003 [main] ERROR o.s.boot.SpringApplication - Application run failed
org.springframework.beans.factory.UnsatisfiedDependencyException: Error creating bean with name 'dataSourceScriptDatabaseInitializer' defined in class path resource [org/springframework/boot/autoconfigure/sql/init/DataSourceInitializationConfiguration.class]: Unsatisfied dependency expressed through method 'dataSourceScriptDatabaseInitializer' parameter 0; nested exception is org.springframework.beans.factory.BeanCreationException: Error creating bean with name 'dataSource' defined in class path resource [org/springframework/boot/autoconfigure/jdbc/DataSourceConfiguration$Hikari.class]: Bean instantiation via factory method failed; nested exception is org.springframework.beans.BeanInstantiationException: Failed to instantiate [com.zaxxer.hikari.HikariDataSource]: Factory method 'dataSource' threw exception; nested exception is java.lang.IllegalStateException: Cannot load driver class: com.microsoft.sqlserver.jdbc.SQLServerDriver
	at org.springframework.beans.factory.support.ConstructorResolver.createArgumentArray(ConstructorResolver.java:801)
	at org.springframework.beans.factory.support.ConstructorResolver.instantiateUsingFactoryMethod(ConstructorResolver.java:536)
	at org.springframework.beans.factory.support.AbstractAutowireCapableBeanFactory.instantiateUsingFactoryMethod(AbstractAutowireCapableBeanFactory.java:1352)
	at org.springframework.beans.factory.support.AbstractAutowireCapableBeanFactory.createBeanInstance(AbstractAutowireCapableBeanFactory.java:1195)
	at org.springframework.beans.factory.support.AbstractAutowireCapableBeanFactory.doCreateBean(AbstractAutowireCapableBeanFactory.java:582)
	at org.springframework.beans.factory.support.AbstractAutowireCapableBeanFactory.createBean(AbstractAutowireCapableBeanFactory.java:542)
	at org.springframework.beans.factory.support.AbstractBeanFactory.lambda$doGetBean$0(AbstractBeanFactory.java:335)
	at org.springframework.beans.factory.support.DefaultSingletonBeanRegistry.getSingleton(DefaultSingletonBeanRegistry.java:234)
	at org.springframework.beans.factory.support.AbstractBeanFactory.doGetBean(AbstractBeanFactory.java:333)
	at org.springframework.beans.factory.support.AbstractBeanFactory.getBean(AbstractBeanFactory.java:208)
	at org.springframework.beans.factory.support.AbstractBeanFactory.doGetBean(AbstractBeanFactory.java:322)
	at org.springframework.beans.factory.support.AbstractBeanFactory.getBean(AbstractBeanFactory.java:208)
	at org.springframework.context.support.AbstractApplicationContext.getBean(AbstractApplicationContext.java:1168)
	at org.springframework.context.support.AbstractApplicationContext.finishBeanFactoryInitialization(AbstractApplicationContext.java:919)
	at org.springframework.context.support.AbstractApplicationContext.refresh(AbstractApplicationContext.java:591)
	at org.springframework.boot.web.servlet.context.ServletWebServerApplicationContext.refresh(ServletWebServerApplicationContext.java:147)
	at org.springframework.boot.SpringApplication.refresh(SpringApplication.java:732)
	at org.springframework.boot.SpringApplication.refreshContext(SpringApplication.java:409)
	at org.springframework.boot.SpringApplication.run(SpringApplication.java:308)
	at org.springframework.boot.SpringApplication.run(SpringApplication.java:1300)
	at org.springframework.boot.SpringApplication.run(SpringApplication.java:1289)
	at com.example.mail.MailApplication.main(MailApplication.java:12)
Caused by: org.springframework.beans.factory.BeanCreationException: Error creating bean with name 'dataSource' defined in class path resource [org/springframework/boot/autoconfigure/jdbc/DataSourceConfiguration$Hikari.class]: Bean instantiation via factory method failed; nested exception is org.springframework.beans.BeanInstantiationException: Failed to instantiate [com.zaxxer.hikari.HikariDataSource]: Factory method 'dataSource' threw exception; nested exception is java.lang.IllegalStateException: Cannot load driver class: com.microsoft.sqlserver.jdbc.SQLServerDriver
	at org.springframework.beans.factory.support.ConstructorResolver.instantiate(ConstructorResolver.java:653)
	at org.springframework.beans.factory.support.ConstructorResolver.instantiateUsingFactoryMethod(ConstructorResolver.java:633)
	at org.springframework.beans.factory.support.AbstractAutowireCapableBeanFactory.instantiateUsingFactoryMethod(AbstractAutowireCapableBeanFactory.java:1352)
	at org.springframework.beans.factory.support.AbstractAutowireCapableBeanFactory.createBeanInstance(AbstractAutowireCapableBeanFactory.java:1195)
	at org.springframework.beans.factory.support.AbstractAutowireCapableBeanFactory.doCreateBean(AbstractAutowireCapableBeanFactory.java:582)
	at org.springframework.beans.factory.support.AbstractAutowireCapableBeanFactory.createBean(AbstractAutowireCapableBeanFactory.java:542)
	at org.springframework.beans.factory.support.AbstractBeanFactory.lambda$doGetBean$0(AbstractBeanFactory.java:335)
	at org.springframework.beans.factory.support.DefaultSingletonBeanRegistry.getSingleton(DefaultSingletonBeanRegistry.java:234)
	at org.springframework.beans.factory.support.AbstractBeanFactory.doGetBean(AbstractBeanFactory.java:333)
	at org.springframework.beans.factory.support.AbstractBeanFactory.getBean(AbstractBeanFactory.java:208)
	at org.springframework.beans.factory.config.DependencyDescriptor.resolveCandidate(DependencyDescriptor.java:276)
	at org.springframework.beans.factory.support.DefaultListableBeanFactory.doResolveDependency(DefaultListableBeanFactory.java:1391)
	at org.springframework.beans.factory.support.DefaultListableBeanFactory.resolveDependency(DefaultListableBeanFactory.java:1311)
	at org.springframework.beans.factory.support.ConstructorResolver.resolveAutowiredArgument(ConstructorResolver.java:911)
	at org.springframework.beans.factory.support.ConstructorResolver.createArgumentArray(ConstructorResolver.java:788)
	... 21 common frames omitted
Caused by: org.springframework.beans.BeanInstantiationException: Failed to instantiate [com.zaxxer.hikari.HikariDataSource]: Factory method 'dataSource' threw exception; nested exception is java.lang.IllegalStateException: Cannot load driver class: com.microsoft.sqlserver.jdbc.SQLServerDriver
	at org.springframework.beans.factory.support.SimpleInstantiationStrategy.instantiate(SimpleInstantiationStrategy.java:185)
	at org.springframework.beans.factory.support.ConstructorResolver.instantiate(ConstructorResolver.java:648)
	... 35 common frames omitted
Caused by: java.lang.IllegalStateException: Cannot load driver class: com.microsoft.sqlserver.jdbc.SQLServerDriver
	at org.springframework.util.Assert.state(Assert.java:97)
	at org.springframework.boot.autoconfigure.jdbc.DataSourceProperties.determineDriverClassName(DataSourceProperties.java:175)
	at org.springframework.boot.autoconfigure.jdbc.DataSourceProperties.initializeDataSourceBuilder(DataSourceProperties.java:125)
	at org.springframework.boot.autoconfigure.jdbc.DataSourceConfiguration.createDataSource(DataSourceConfiguration.java:48)
	at org.springframework.boot.autoconfigure.jdbc.DataSourceConfiguration$Hikari.dataSource(DataSourceConfiguration.java:90)
	at java.base/jdk.internal.reflect.DirectMethodHandleAccessor.invoke(Unknown Source)
	at java.base/java.lang.reflect.Method.invoke(Unknown Source)
	at org.springframework.beans.factory.support.SimpleInstantiationStrategy.instantiate(SimpleInstantiationStrategy.java:154)
	... 36 common frames omitted
26-07-21 19:11:55.341 [main] ERROR o.s.boot.SpringApplication - Application run failed
org.springframework.beans.factory.UnsatisfiedDependencyException: Error creating bean with name 'dataSourceScriptDatabaseInitializer' defined in class path resource [org/springframework/boot/autoconfigure/sql/init/DataSourceInitializationConfiguration.class]: Unsatisfied dependency expressed through method 'dataSourceScriptDatabaseInitializer' parameter 0; nested exception is org.springframework.beans.factory.BeanCreationException: Error creating bean with name 'dataSource' defined in class path resource [org/springframework/boot/autoconfigure/jdbc/DataSourceConfiguration$Hikari.class]: Bean instantiation via factory method failed; nested exception is org.springframework.beans.BeanInstantiationException: Failed to instantiate [com.zaxxer.hikari.HikariDataSource]: Factory method 'dataSource' threw exception; nested exception is java.lang.IllegalStateException: Cannot load driver class: com.microsoft.sqlserver.jdbc.SQLServerDriver
	at org.springframework.beans.factory.support.ConstructorResolver.createArgumentArray(ConstructorResolver.java:801)
	at org.springframework.beans.factory.support.ConstructorResolver.instantiateUsingFactoryMethod(ConstructorResolver.java:536)
	at org.springframework.beans.factory.support.AbstractAutowireCapableBeanFactory.instantiateUsingFactoryMethod(AbstractAutowireCapableBeanFactory.java:1352)
	at org.springframework.beans.factory.support.AbstractAutowireCapableBeanFactory.createBeanInstance(AbstractAutowireCapableBeanFactory.java:1195)
	at org.springframework.beans.factory.support.AbstractAutowireCapableBeanFactory.doCreateBean(AbstractAutowireCapableBeanFactory.java:582)
	at org.springframework.beans.factory.support.AbstractAutowireCapableBeanFactory.createBean(AbstractAutowireCapableBeanFactory.java:542)
	at org.springframework.beans.factory.support.AbstractBeanFactory.lambda$doGetBean$0(AbstractBeanFactory.java:335)
	at org.springframework.beans.factory.support.DefaultSingletonBeanRegistry.getSingleton(DefaultSingletonBeanRegistry.java:234)
	at org.springframework.beans.factory.support.AbstractBeanFactory.doGetBean(AbstractBeanFactory.java:333)
	at org.springframework.beans.factory.support.AbstractBeanFactory.getBean(AbstractBeanFactory.java:208)
	at org.springframework.beans.factory.support.AbstractBeanFactory.doGetBean(AbstractBeanFactory.java:322)
	at org.springframework.beans.factory.support.AbstractBeanFactory.getBean(AbstractBeanFactory.java:208)
	at org.springframework.context.support.AbstractApplicationContext.getBean(AbstractApplicationContext.java:1168)
	at org.springframework.context.support.AbstractApplicationContext.finishBeanFactoryInitialization(AbstractApplicationContext.java:919)
	at org.springframework.context.support.AbstractApplicationContext.refresh(AbstractApplicationContext.java:591)
	at org.springframework.boot.web.servlet.context.ServletWebServerApplicationContext.refresh(ServletWebServerApplicationContext.java:147)
	at org.springframework.boot.SpringApplication.refresh(SpringApplication.java:732)
	at org.springframework.boot.SpringApplication.refreshContext(SpringApplication.java:409)
	at org.springframework.boot.SpringApplication.run(SpringApplication.java:308)
	at org.springframework.boot.SpringApplication.run(SpringApplication.java:1300)
	at org.springframework.boot.SpringApplication.run(SpringApplication.java:1289)
	at com.example.mail.MailApplication.main(MailApplication.java:12)
Caused by: org.springframework.beans.factory.BeanCreationException: Error creating bean with name 'dataSource' defined in class path resource [org/springframework/boot/autoconfigure/jdbc/DataSourceConfiguration$Hikari.class]: Bean instantiation via factory method failed; nested exception is org.springframework.beans.BeanInstantiationException: Failed to instantiate [com.zaxxer.hikari.HikariDataSource]: Factory method 'dataSource' threw exception; nested exception is java.lang.IllegalStateException: Cannot load driver class: com.microsoft.sqlserver.jdbc.SQLServerDriver
	at org.springframework.beans.factory.support.ConstructorResolver.instantiate(ConstructorResolver.java:653)
	at org.springframework.beans.factory.support.ConstructorResolver.instantiateUsingFactoryMethod(ConstructorResolver.java:633)
	at org.springframework.beans.factory.support.AbstractAutowireCapableBeanFactory.instantiateUsingFactoryMethod(AbstractAutowireCapableBeanFactory.java:1352)
	at org.springframework.beans.factory.support.AbstractAutowireCapableBeanFactory.createBeanInstance(AbstractAutowireCapableBeanFactory.java:1195)
	at org.springframework.beans.factory.support.AbstractAutowireCapableBeanFactory.doCreateBean(AbstractAutowireCapableBeanFactory.java:582)
	at org.springframework.beans.factory.support.AbstractAutowireCapableBeanFactory.createBean(AbstractAutowireCapableBeanFactory.java:542)
	at org.springframework.beans.factory.support.AbstractBeanFactory.lambda$doGetBean$0(AbstractBeanFactory.java:335)
	at org.springframework.beans.factory.support.DefaultSingletonBeanRegistry.getSingleton(DefaultSingletonBeanRegistry.java:234)
	at org.springframework.beans.factory.support.AbstractBeanFactory.doGetBean(AbstractBeanFactory.java:333)
	at org.springframework.beans.factory.support.AbstractBeanFactory.getBean(AbstractBeanFactory.java:208)
	at org.springframework.beans.factory.config.DependencyDescriptor.resolveCandidate(DependencyDescriptor.java:276)
	at org.springframework.beans.factory.support.DefaultListableBeanFactory.doResolveDependency(DefaultListableBeanFactory.java:1391)
	at org.springframework.beans.factory.support.DefaultListableBeanFactory.resolveDependency(DefaultListableBeanFactory.java:1311)
	at org.springframework.beans.factory.support.ConstructorResolver.resolveAutowiredArgument(ConstructorResolver.java:911)
	at org.springframework.beans.factory.support.ConstructorResolver.createArgumentArray(ConstructorResolver.java:788)
	... 21 common frames omitted
Caused by: org.springframework.beans.BeanInstantiationException: Failed to instantiate [com.zaxxer.hikari.HikariDataSource]: Factory method 'dataSource' threw exception; nested exception is java.lang.IllegalStateException: Cannot load driver class: com.microsoft.sqlserver.jdbc.SQLServerDriver
	at org.springframework.beans.factory.support.SimpleInstantiationStrategy.instantiate(SimpleInstantiationStrategy.java:185)
	at org.springframework.beans.factory.support.ConstructorResolver.instantiate(ConstructorResolver.java:648)
	... 35 common frames omitted
Caused by: java.lang.IllegalStateException: Cannot load driver class: com.microsoft.sqlserver.jdbc.SQLServerDriver
	at org.springframework.util.Assert.state(Assert.java:97)
	at org.springframework.boot.autoconfigure.jdbc.DataSourceProperties.determineDriverClassName(DataSourceProperties.java:175)
	at org.springframework.boot.autoconfigure.jdbc.DataSourceProperties.initializeDataSourceBuilder(DataSourceProperties.java:125)
	at org.springframework.boot.autoconfigure.jdbc.DataSourceConfiguration.createDataSource(DataSourceConfiguration.java:48)
	at org.springframework.boot.autoconfigure.jdbc.DataSourceConfiguration$Hikari.dataSource(DataSourceConfiguration.java:90)
	at java.base/jdk.internal.reflect.DirectMethodHandleAccessor.invoke(Unknown Source)
	at java.base/java.lang.reflect.Method.invoke(Unknown Source)
	at org.springframework.beans.factory.support.SimpleInstantiationStrategy.instantiate(SimpleInstantiationStrategy.java:154)
	... 36 common frames omitted
26-07-21 19:22:45.033 [http-nio-8081-exec-2] ERROR o.h.e.jdbc.spi.SqlExceptionHelper - Invalid object name 'SBI_IResolve.dbo.MakerTransferStatus'.
26-07-21 19:23:34.728 [http-nio-8081-exec-2] ERROR o.h.e.jdbc.spi.SqlExceptionHelper - Invalid column name 'FromEmail'.
